-- phpMyAdmin SQL Dump
-- version 5.2.1
-- https://www.phpmyadmin.net/
--
-- Servidor: 127.0.0.1
-- Tiempo de generación: 12-11-2024 a las 08:36:23
-- Versión del servidor: 10.4.32-MariaDB
-- Versión de PHP: 8.2.12

SET SQL_MODE = "NO_AUTO_VALUE_ON_ZERO";
START TRANSACTION;
SET time_zone = "+00:00";


/*!40101 SET @OLD_CHARACTER_SET_CLIENT=@@CHARACTER_SET_CLIENT */;
/*!40101 SET @OLD_CHARACTER_SET_RESULTS=@@CHARACTER_SET_RESULTS */;
/*!40101 SET @OLD_COLLATION_CONNECTION=@@COLLATION_CONNECTION */;
/*!40101 SET NAMES utf8mb4 */;

--
-- Base de datos: `discobar`
--

-- --------------------------------------------------------

--
-- Estructura de tabla para la tabla `boxs`
--

CREATE TABLE `boxs` (
  `id` int(11) NOT NULL,
  `nombre_box` varchar(50) NOT NULL,
  `capacidad` int(11) NOT NULL,
  `requisitos` text NOT NULL
) ENGINE=InnoDB DEFAULT CHARSET=utf8mb4 COLLATE=utf8mb4_general_ci;

-- --------------------------------------------------------

--
-- Estructura de tabla para la tabla `categorias`
--

CREATE TABLE `categorias` (
  `id` int(11) NOT NULL,
  `nombre_categoria` varchar(100) NOT NULL,
  `descripcion` varchar(200) DEFAULT NULL
) ENGINE=InnoDB DEFAULT CHARSET=utf8mb4 COLLATE=utf8mb4_general_ci;

--
-- Volcado de datos para la tabla `categorias`
--

INSERT INTO `categorias` (`id`, `nombre_categoria`, `descripcion`) VALUES
(3, 'Cervezas', 'Cervezas con marcas'),
(4, 'Combos', 'Combos que incluyen bebidas alcoholicas y otros'),
(5, 'Tragos', 'Tragos preparados'),
(6, 'Bebidas Alcohólicas ', 'Ron, Whisky, Pisco, Vodka, etc'),
(7, 'Bebidas', 'Agua, Gaseosa, otros'),
(8, 'Golosinas', 'Snacks, chicle, caramelos, etc'),
(9, 'Adicionales', 'Hielo, Limón, cigarros');

-- --------------------------------------------------------

--
-- Estructura de tabla para la tabla `clientes`
--

CREATE TABLE `clientes` (
  `id` int(11) NOT NULL,
  `dni` varchar(8) NOT NULL,
  `nombre` varchar(100) NOT NULL,
  `apellido` varchar(100) NOT NULL,
  `direccion` varchar(200) DEFAULT NULL,
  `email` varchar(200) DEFAULT NULL,
  `telefono` varchar(9) DEFAULT NULL,
  `fecha_nacimiento` date DEFAULT NULL,
  `sexo` enum('masculino','femenino','otro') NOT NULL
) ENGINE=InnoDB DEFAULT CHARSET=utf8mb4 COLLATE=utf8mb4_general_ci;

--
-- Volcado de datos para la tabla `clientes`
--

INSERT INTO `clientes` (`id`, `dni`, `nombre`, `apellido`, `direccion`, `email`, `telefono`, `fecha_nacimiento`, `sexo`) VALUES
(1, '75862298', 'JHON DAVID', 'OSORIO CARDENAS', 'A.A.H.H. \"Jorge Barrantes\" Mz: I Lt:16', 'josorio@gmail.com', '956970228', '2004-02-02', 'masculino'),
(2, '40459262', 'ABRAHAM', 'URBINA SALAS', 'Av.Manantay Mz.C  Lt:09', 'abrahamurbinasalas@gmail.com', '921966171', '1978-09-24', 'masculino'),
(3, '45162004', 'SIDALIA MALU', 'PALA GRANDEZ', 'Av.Manantay Mz.C Lt:09', 'sidaliamalup@gmail.com', '945966161', '1979-03-16', 'femenino');

-- --------------------------------------------------------

--
-- Estructura de tabla para la tabla `detalleboxs`
--

CREATE TABLE `detalleboxs` (
  `id` int(11) NOT NULL,
  `id_box` int(11) DEFAULT NULL,
  `id_producto` int(11) DEFAULT NULL,
  `cantidad_minima` int(11) DEFAULT NULL,
  `observaciones` varchar(255) DEFAULT NULL
) ENGINE=InnoDB DEFAULT CHARSET=utf8mb4 COLLATE=utf8mb4_general_ci;

-- --------------------------------------------------------

--
-- Estructura de tabla para la tabla `detallereservas`
--

CREATE TABLE `detallereservas` (
  `id` int(11) NOT NULL,
  `id_reserva` int(11) DEFAULT NULL,
  `id_box` int(11) DEFAULT NULL,
  `disponibilidad` tinyint(1) NOT NULL
) ENGINE=InnoDB DEFAULT CHARSET=utf8mb4 COLLATE=utf8mb4_general_ci;

-- --------------------------------------------------------

--
-- Estructura de tabla para la tabla `detallesboxes`
--

CREATE TABLE `detallesboxes` (
  `id` int(11) NOT NULL,
  `id_box` int(11) DEFAULT NULL,
  `id_producto` int(11) DEFAULT NULL,
  `cantidad_minima` int(11) NOT NULL,
  `observaciones` varchar(255) DEFAULT NULL
) ENGINE=InnoDB DEFAULT CHARSET=utf8mb4 COLLATE=utf8mb4_general_ci;

-- --------------------------------------------------------

--
-- Estructura de tabla para la tabla `detallesreservas`
--

CREATE TABLE `detallesreservas` (
  `id` int(11) NOT NULL,
  `id_reserva` int(11) DEFAULT NULL,
  `id_box` int(11) DEFAULT NULL,
  `disponibilidad` tinyint(1) DEFAULT NULL
) ENGINE=InnoDB DEFAULT CHARSET=utf8mb4 COLLATE=utf8mb4_general_ci;

-- --------------------------------------------------------

--
-- Estructura de tabla para la tabla `detalleventas`
--

CREATE TABLE `detalleventas` (
  `id` int(11) NOT NULL,
  `id_venta` int(11) DEFAULT NULL,
  `id_producto` int(11) DEFAULT NULL,
  `cantidad` int(11) NOT NULL,
  `subtotal` decimal(10,2) NOT NULL
) ENGINE=InnoDB DEFAULT CHARSET=utf8mb4 COLLATE=utf8mb4_general_ci;

--
-- Volcado de datos para la tabla `detalleventas`
--

INSERT INTO `detalleventas` (`id`, `id_venta`, `id_producto`, `cantidad`, `subtotal`) VALUES
(1, 1, 1, 3, 24.00);

-- --------------------------------------------------------

--
-- Estructura de tabla para la tabla `empleados`
--

CREATE TABLE `empleados` (
  `id` int(11) NOT NULL,
  `dni` varchar(8) NOT NULL,
  `nombre_empleado` varchar(100) NOT NULL,
  `apellido_empleado` varchar(100) NOT NULL,
  `direccion` varchar(255) NOT NULL,
  `telefono` varchar(9) NOT NULL,
  `email` varchar(100) NOT NULL,
  `fecha_contratacion` date NOT NULL
) ENGINE=InnoDB DEFAULT CHARSET=utf8mb4 COLLATE=utf8mb4_general_ci;

--
-- Volcado de datos para la tabla `empleados`
--

INSERT INTO `empleados` (`id`, `dni`, `nombre_empleado`, `apellido_empleado`, `direccion`, `telefono`, `email`, `fecha_contratacion`) VALUES
(1, '60885621', 'PIETRO MARSEL', 'URBINA PALA', 'Av.Manantay Mz:C Lt:09', '960495403', 'urbinapala2005@gmail.com', '2024-11-11'),
(2, '73109775', 'CARLOS DANIEL', 'VASQUEZ AREVALO', 'Psj. La Union 135', '922268921', 'carlosdanielvasquezarevalo5@gmail.com', '2024-11-12');

-- --------------------------------------------------------

--
-- Estructura de tabla para la tabla `inventarios`
--

CREATE TABLE `inventarios` (
  `id` int(11) NOT NULL,
  `id_producto` int(11) DEFAULT NULL,
  `stock` int(11) NOT NULL,
  `precio` decimal(10,2) NOT NULL,
  `unidad_medida` varchar(50) DEFAULT NULL,
  `tipo_movimiento` enum('Entrada','Salida') NOT NULL,
  `fecha_movimiento` date NOT NULL DEFAULT current_timestamp()
) ENGINE=InnoDB DEFAULT CHARSET=utf8mb4 COLLATE=utf8mb4_general_ci;

--
-- Volcado de datos para la tabla `inventarios`
--

INSERT INTO `inventarios` (`id`, `id_producto`, `stock`, `precio`, `unidad_medida`, `tipo_movimiento`, `fecha_movimiento`) VALUES
(1, 1, 197, 8.00, 'UND', 'Entrada', '2024-11-12'),
(2, 2, 200, 10.00, 'UND', 'Entrada', '2024-11-12'),
(3, 3, 150, 7.00, 'UND', 'Entrada', '2024-11-12'),
(4, 4, 80, 7.00, 'UND', 'Entrada', '2024-11-12'),
(5, 5, 20, 8.00, 'UND', 'Entrada', '2024-11-12'),
(6, 6, 8, 8.00, 'UND', 'Entrada', '2024-11-12'),
(7, 7, 100, 3.00, 'UND', 'Entrada', '2024-11-12'),
(8, 8, 100, 5.00, 'UND', 'Entrada', '2024-11-12'),
(9, 9, 100, 5.00, 'UND', 'Entrada', '2024-11-12'),
(10, 10, 20, 4.00, 'UND', 'Entrada', '2024-11-12'),
(11, 16, 10, 400.00, 'UND', 'Entrada', '2024-11-12'),
(12, 15, 20, 220.00, 'UND', 'Entrada', '2024-11-12'),
(13, 14, 50, 150.00, 'UND', 'Entrada', '2024-11-12');

-- --------------------------------------------------------

--
-- Estructura de tabla para la tabla `productos`
--

CREATE TABLE `productos` (
  `id` int(11) NOT NULL,
  `nombre` varchar(100) NOT NULL,
  `descripcion` varchar(200) DEFAULT NULL,
  `id_categoria` int(11) DEFAULT NULL,
  `costo` decimal(10,2) NOT NULL,
  `fecha_vencimiento` date DEFAULT NULL,
  `imagen` text DEFAULT NULL,
  `estado` varchar(10) DEFAULT 'inactivo'
) ENGINE=InnoDB DEFAULT CHARSET=utf8mb4 COLLATE=utf8mb4_general_ci;

--
-- Volcado de datos para la tabla `productos`
--

INSERT INTO `productos` (`id`, `nombre`, `descripcion`, `id_categoria`, `costo`, `fecha_vencimiento`, `imagen`, `estado`) VALUES
(1, 'San Juan', 'Botella San Juan 750ml', 3, 4.50, NULL, 'data:image/jpeg;base64,/9j/4AAQSkZJRgABAQAAAQABAAD/2wCEAAkGBxMQEhMSERATEBAXFRYUEhIVFhcVEhgYGBgYGxgVFRcYHSghGCYlHhgaLTEhJiorLi4uFx8/ODMtNygtLysBCgoKDg0OGhAQGy0lICU1MjYvKy0rLS8vLTA1LS0tLS01NS8uNi0tLy0tLS0tLS0tLS0tLS0tLS0tLS0tLS0tLf/AABEIAOIA3wMBIgACEQEDEQH/xAAcAAEAAQUBAQAAAAAAAAAAAAAABgEDBAUHAgj/xAA3EAACAQMCAwcCBgEDBQEAAAABAgADESEEEgUxQQYHEyJRYXEygRQjQpGhsVJiwfAkgpKy4RX/xAAaAQEAAgMBAAAAAAAAAAAAAAAABAUBAgMG/8QAMBEBAAICAQIEAgkFAQAAAAAAAAECAxEEEiEFEyIxkcEyQVFhcYGh0fEUIzOx4RX/2gAMAwEAAhEDEQA/AO4xEQEREBERAREQEREDC4rq/Cpl/tIWO1yVRddS9rqLq1EDzc/0nl1zN13k6nwuHah/DNSyrcDoNwu32GftOLcE1ITS0ym47j5gylKYJ6K3JvmV3Orkj1UtMfcn8PBjzem7odbtl4dgK9Q+ZhmpQOBybKdeUknYftQOIJUwd9MjcSABZuX0kgziWt4uykb0vZhY3XljAAHm6+t7TpHcTVvptUv6V1JKm1sMiEj1wb8/WOJ5u/XLfl8bDhr6HToiJYq0iIgUlYiAiIgUlYiAiIgIiICIiAiIgIiICIiAlLyspAjneIu7hurUGxakUFzbLEAfyZz9uErS0GmoPtqFebLlTzIZWNiQQZNu9HiB0/Dq1VVRmBp2VxuU+dTkdcCQgcQNXS0GcWqHBFtoFhgqLn6gR+wlZ4jNorGlp4bEdcfii+s0VNWAC28wGLdf65zoncaB+E1B6nVPu/8ABP8Aac84ofMDcjzAXHPP3sc+kn/cYf8Ap9Wvpqm/9FmODM77pnicR5fZ02IiWjz5ERAREQEREBERAREQEREBERAREQEREBERAShlZQwIT3rENo2ptcq97gf6RcEn0vb95DqdUeAiKoZbIS20g7govmwvcjmL4Ikn7ZVU/ELuJtawyQoqXAGLY6dLGaPV0LbVNRQyU7hMhyLYBxYf8x1lLz7zO9Lzw6sREbRHjAIzfN16G+Pt7cr3/eTbuTrbX11HGKiPg87i15F+J6UurBRublsAucD7Y95uu6lynEa4soWpSBvfO4EnaPsD+0zwL94d/Ea/25djiUErLl5wiIgIiICIiAiIgIiICIiAiIgIiICIiAiIgJ4qtYE+gvPcj3bfiTabTNUW1wbWPW+OnuZredVmSZiO8ub8f4t4mrqUnp1aqXBVldlBZb+VjblbI6Xt7GY+s1jVPztyqoUEsAN1Sx83hra7W/3mhHHqVao61FZaVydqgMt+hOOV/TM3eiZajkU2WyrawDBf9NxYBQRfF5SZom3vVb8XnYO0Rbu12v4whU4cnGxvDI6dSOXtL/Y7iwXieka+1XDUvN5eYNr5sb/38zzxviPhjY1RVY2wEbl/puLMPfpia3X8WUKjUUY1VIKOxVdpFzewN2x1JzNuNTpmJirPM8Sw9M0mz6RErNR2V4sNZo9PqeRq0kdh6MR5l+zXm3l2pyIiAiIgIiICIiAiIgIiICIiAiIgIiICIiBSQLvH1qVKTUCwtkkXIF1tYMR9PmtzHSTt2ABJ5AXnFtbxM6vVItNEdA9S5ODdmPIjmRusPv7yLy7ap2l2w4POmaz7OfaLQkOVICtf9RAFr8917W/aSDh3EEpPsZupBFG9QbSuTcEg5535X+xkes7PGnfyCrSDeXcg3pe5Nicn25+4HSPpQIq7mq1di+Iop7VCgAA1ArJbBx0zj78Meekxqzlj4N8WTqjvDbcVCtoiw+khahDg77crEc1I+JEdPw81xtAIAHmY2sPUsenxJZV1FPZUppTdty7SS7GwwLLY/ccsWl/s7wsMm1htCoSaKeXJsdxb6mII9f4mmTkVrE9Lrk8OtnvF7dob/uR1JWlqNMSWWm4dD+nzg71Xrgi//cPedQnBe6viJ0vEqmndiEqklQCNm+5v/H8id5En4rbrEsZsXl26VYiJ1ciIiAiIgIiICIiAiIgIiICIiAiIgJQysQI/24qldFXIcUx4b3ckjaNpN7jPO05j2V0dBfzDVNVwGIqUydzm4LMA1j+q3z8yWd7msIoeCH2hhcqObEEEKfn4MjHY7SEU6flCuV3sTcG9r+fqMyr5+TpmFrwce8dpSTW1ylFit1QhrAElutiWyPnMjxsxuRu63IBz8fP9Tf8AHyPB2qBywVzcW6j9OZG9Ob25D5uB8Snyzba14tKzSZ0yyBnl+1h/z+J64c53EFhckHqBbGMff2lu+P46H+ZXSqb7rHb1PSRptPfSX0RNJiUT4rT/AAvEaFTnd7A2Asb3Bzgm8+iNNU3KreoB/cThXeBpcCrb6dri3MEMDc+xtOr9geMfjNDRrdSNpvz8ptn9p6Xw/J1Yoea8Qr6oskcREsFeREQEREBERAREQEREBERAREQEREBKNKyhgcS70dUa+v09NSxUlbi2MHoevMfFvebTs2jDxlJDuh2EtdVILXHIf42zNJ2trudbUKIKy0GC2BG43GCPKSLc/TB+257KqPzGF8kElizHmTzPp79JT8rveNr7jxMcedM3tYdtNxzW9MWtbl19r2/gyNUavLN/XkR/UzO1vGBXprVUBAzbTzOaZdc9Dymq0n5lyn6QPKCSwvjrkj3kHJTqncJ/G9GOIs2iVMTK0XEfD8vME3seXKYWoplVVhyIAbINm9Mf1MIVrkZ6yPFJrO0ykVyRqWV2sqGpp3GCQpCgjIFha2M9Zuu4jV/kVKW2yrletzu85v0ycCajiW5qF1G5gNpBFlZbjAsb3ucc+Zmf3IAq1VSWXy38MtuW1wFZfS9j/wCMt/DdxXSg8RiOj4uuCViJbqUiIgIiICIiAiIgIiICIiAiIgIiICeahsCZ6nmoLi0xI432nTw3aqrBXK7CFXzBWtbkLjJPvb2lrsrqUpI/jU2r82JClrAqzC7AGwa1h8/Exu2SFdSfzGWxsrC5vg2Nv2wOky+z1Bap2IniWYJTAurMlVSReoCNlhTW/UDFuRNTkjrnSztfy8PVtn8WXS+BYaUrTWo4byswQk4+kWbczWwT1PQ20WhprTYVVRUYBSiHLOGDbtoQnFh9fInlJxV7IILeNqKVMkKPCUbKV1Nw4XcPNk+YWveQuhxPSK1WnqShZaoVUp01TaFbJve5NgpHSaX41o1M+/4+3wc+LzbXt5c/r/JxClvO/Zfn9JJXygXZmA8txnP+J9JmaLT0AU30WdWLAHzLZlBOyoL+S6+a7WFrZnh+N6FRfwmZvPlqht5r2H1n2v6zIpa6k1tumBpsUJJJ8M4t+YygnJt/A6zEYIm25+adkyRWv+TX5xHzZOu/BDnSfxLEIGFh5rbc8jcPj4b0mw7qKNPaxpgh1Yq9m3KVa7KR6c+XqZHNfw9gWZ0K72YJTKsFYWLW3kWA6ZyQJJu6ivuWoC26zXXBA2kYtfJtyFwMCScEWjJ3jSLyZxzj9F+t0USsoJWWSsIiICIiAiIgIiICIiAiIgIiICIiAnisSASBcgEgeptynuWtRVCKWJsAIHJe0FRDUZGQPWCr4rAAhd9t203upAubi4G0TU9me1K0tWtVriiGYKi9EI2ms1v1MR+wl7tzVq1KtSlQ87OEp008u4lxkhuY8it+5mP2K4Rp6L6ilxS1KofDalY8h5sXXAFgMe0gVp6uppz8toxxSs/H2S/vB7LLr6R1mnqE1Al8ElWUZ8voR/tIt3e8N1IpM9LRUqrs5Y6nU28NQP8AEHLdcj0EkvG+1ml0mkOm0O6q5Uqtr2G65LEn5MwdR2y0T6FKFanqKe1UUpTG3cVAwGB5H3kidTKv6sc33FtT932pPx8gcLqtWFCo4Rrmktqe4k22Xvb59pj6jiH/AOdwqgQitU2Uwit9O42IJHWR/XcYfXaNdJouHalKI2AOwCrtXoCefzeO2mo1dalSFbR/hqKMCCHDdCFBtyjqn3M2WKRa0fY3ParXirw7THU7Qa5QNYHbd1ax53te37zF7pWBbUDaAwbzECwOT6568vS3UyxxngOt1+koIxoJRCoaYG7cBtADN8CZvdzw9qGp1Aer4jMqm9ioNsE2LG3IfN5rNZ8yJTeJmmccxMT9Xv8Ag6KJWUErJLsREQEREBERAREQEREBERAREQEREBLWoF1N+VjLstakXU/ExPsOP8SJHEtNTBBKsWPTAo1LD4zJD2JpLW1/EXdQ4TwaS3AIHkJIF/kSxreHL+LXUE5UMvPHKxuOmPf0njuq4nSqHiADgO2qZhkAlLAKRfnynCka7NM0xaY2xez6ivxZ2sNivUa1sAICo/kiWe9hmrazSaemjVSoL+GvUscDHsv8yV8OXQcPes4rr4hy+9wbbmwigdSemTymn0/G0TXajVNTLKaaU6VztcAE7rKc5/2mLTWsd5RONw8k45iO8zPfX1L1HS8Tqhamo1NHQ0QRtpIAX9lJN89OvxNl3kOfwYp/qqVaaAc87r/2JpeMazQvqKes1VfUpt2mnpyPywVNwwsM/vNR2p7faXU1NPsLOlKr4jjbtvbkBeZi0a7M8ik48dq22kPejxFtJw9KdJijOVpgjBCqM2P2mZ2EpfmMxuWFJBc+p5znvbDtMeLmmiUvBSjuqEswIN7WBwACbdfeTDud1j6ik1eqR4r3vYWsqswUfxf/ALptE7s6YfVM2j2+p0kRKCVnZJIiICIiAiIgIiICIiAiIgIiICIiAlrUHyn4l2WtR9J+IkcY7wdS96i06rIoG9trCxUkB+YLKbHpjEhL6Q0iKiA+HbaSCL4OGO04BuAPiTTtjUKaotYGn9JTbc2YEMN3Qnd79MTVdkqCrUfSVvMCVZAtJn8ekL286dfkdBmQJmZlnlYYnDLW8M3vvWip8VlJRwQWVl5kbgScdFze3zJRoUq16SuH3IpC71RRuPWzEEY6kcpHeNcHq6IeLSLFUNOoQG2VUJJG1vUYtex5gzBXUcRp6W76hgtQmrSF1Y3LeZCLeUszX+xwJnJTqht4bkmuLpiN/a6Pp6LUrORuDfWBlQQMXJFhgewyZyTitV21FVqiCk+8h0BuAw5j/wCzrlDiABo0nN6/h0xVAINrWB3r082b46TQLwEHWVtQ6moQzBgNpCDwgBUO6wY3OPi/PE4YvTadtud/cxxprdLo/wALo6jvZatQCyBgr3I8lK3M33KcZv1Fryfdz+lNOnUW/lXbTAuOaCzHHvfnIzvNYePuf8NTO3Tl1S9esAR4pVPMyUwMXJuffnJu5ok0a5JNi9wMgZzcA/8AMfMlU+npywY+nDt0cSsoJWSwiIgIiICIiAiIgIiICIiAiIgIiICeXnqeXEDkfa3R0qlV71NtTfbNlBTaMZ5/ImHoeBmpT8J6QqopU0nSoEq0WtYNSYDyj2tY2mH25cjVMGKFB5lINjbaRZiSBz6Z6TH4EgYbmdgLAEpYG5Ui4BtdtzqckDaPsay8+ra6x+T5OrR+n/YWu0XZ3X6hvCV0VF2vYKQz5Kq9VixLHHr05S/o+zxCs1Xxamw3ZTWG1TTQEHda5ABxknpebM6byr5m8R2pWO9rFTTe4DZChmW67uhbliak1iqneWUXcO7BgCVcKy7bgWOSTmwtcmYnNMx/Biw8Sfox/v8AduOH8Ep071TpaJLAsK1R95uwJ3XqKSWAHxiOM6EV6lM6kadKeRUC7XZhTU2DkC5FxbaDkmR9tRdluVy4sOebmyvY8iBZffmekzNNoRUYlFqeEKPlvYtclS29lG0lQCLXx73mu++/m6T/AE9d9t/l+8ttxLwmH5urQhFVVSjTAVVXIRLX2gEDGBgHoLSfupoqtKsUDKhcWDc75ubdOkheuW9Eg5Bp2cLgbrOahAsCcuGB2kWUWsDJp3SVd2nqAncwfJ6DGFHtJGCfWjcrPW+HVY18PlCeiVlBKycqiIiAiIgIiICIiAiIgIiICIiAiIgJ5cYnqeanKYkfPfeJxFxqGpIG2s5NmChSVxgg4x1NpldiUpWVqlZVclbbU3bQDcruseYFjfmB1kd7wh4OvcXWsAQ7qWO0E3vTN8/b/UJsew9QMxZtoudxAAVR8AYlZy9UxzK64eHzo6Z9k14/wpWojbUFY7Qh3JcmxJ3KWPlvysMWJHxEqml1C2I0123ly4bbkkGyqG8ouL9cmT6vR3KAu0npflnn/ExmGzBA635c/Tl/zEo683LreuyRiwY4jUIUmhrhN5p+GqkKdzlnbDHzEfUM5BxeZ3B9IKzL4g20yBcHILjIdf8AE4ze9wLTZa1CRbJHpcgX9bDE88JsuDn+pJnlzNYmEr+graszs7UaLS6fTFqVZmIUqCoW3lsPqVb422+3tJB3LahX0rENcszOwxcHcy8hyGMSE9udUPCKiwHIDpJX3GaPZRqkHch27SQAbm7NjmPqtn095Z8G3X65VnP48YMdYh1ESsCJaKYiIgIiICIiAiIgIiICIiAiIgIgRAS3WvbHOXIgcJ71+w+sqag6mjSeujAG1MAlSLCzLe5+R6SJ8L1j6SlUatQNKoAdpqB1LFjbbt9fS9hg3n1FLGp0lOoLVKaOPRlDf3OVsVbRqUnFyr4/ouA6Dts7qlqTMehAJBzci/xJBpamorEsdOU8pNgALt6n7f1Oo1Oz2lY3Olo39dgBxnpMocPp/wCA5WHx6SHPh2P2hK/9GffXdyurpa686Vsm+CQBY2N+XSQTi/aOpQJZVBS+0NZrH72t09ek+kW0aEEFFIIsQRgj3Exq3A9M6hH01FkFrKaalRblYWtM08PxxO9No8VyRXUdnzXp9dX1nm/DPqFU2ZFB2KTYLvyOvT05zv8A2B4X+H0q7k2OxLMM4HJRknpN5puH0qeadGmmLeVFXHpiZUmUxVp2qhZ+TfNO7SRETojkREBERAREQEREBERAShlYgUlYiBQSsRAREQEREBERAREQEREBERAREQEREBERAREQKGViIH//2Q==', 'activo'),
(2, 'Cuzqueña Trigo', 'Botella Cuzqueña Trigo 750ml', 3, 5.50, NULL, 'data:image/jpeg;base64,/9j/4AAQSkZJRgABAQAAAQABAAD/2wCEAAkGBxEQEBISEhEVFhISExUYFhAVEhUWFRcRFBcYGBYRGB8YHCggGBslHRMXIjIhJSorLi4uGh8zODMtNygtLisBCgoKDg0OGxAQGy0lICIyLS0rLS0vLS0tLS0tLS0tLS0tLS0tLS0tLS0tLS0tLS0tLS0tLS0tLSstLS0tLS0tLf/AABEIANoA6AMBEQACEQEDEQH/xAAcAAEAAQUBAQAAAAAAAAAAAAAABwIDBAUGAQj/xABAEAACAQIEAggCCAMGBwAAAAAAAQIDEQQSITEFUQYHEyJBYXGBkaEjMkJSscHR8BSS4RYkM1Oi8RViY3Jzk8L/xAAaAQEAAwEBAQAAAAAAAAAAAAAAAwQFAgEG/8QAMhEBAAEDAwIEAwcEAwAAAAAAAAECAxEEITESIjJBUWEFcfATFCMzkaHRBkKB4RVSwf/aAAwDAQACEQMRAD8AnEAAAAAAAAAAAAAAAAAAAAAAAAAAAAAAAAAAAAAAAAAAAAAAAAAAAAAAAAAAAAAAAAAAAAAAAAAAAAAAAAAeTdk3yR5M4gRxT6TYvtWq2IUe9/g04UtIu2VXm229Xd+RkV6y7Ph2hejT0n9p8Y2vpoJZ2n3YJ5Fd5k772XLcinWXfV392p9Gy4F0gr1MTCHaqpTldSi1DMvuyTh5rZon0+ruzXFNfmiu2aYpmYdsaymAAAAAAAAAAAAAAAAAAAAAAAAAAAAoq3yvLbNZ2vtfwv5CR8+cN4ZUrY6uqnZTm5zc5ZnFZ3K7s4wbkrr2Rk3bm3LYtU48nQVOEuKcezpaPdSndaW0bivyMeNTHXzP7LsUzMcLXQPB1KXGFkcItwaqR7SUr0rXsrxWuis/I37FeZphlaintmcJrL7PAAAAAAAAAAAAAAAAAAAAAAAAAAAAWMdUy0qkuUJO/nbQ8qnEZIR50a6KUE5Si4drJ95/xNdyfPZrXfRFSiimrmHlyq5nEVfvK9iOiy7ZRctNdO3xVr/+wr/YWYnwwlib2PFP6yzcP0XhhsTRxKjaUZJOar1ZXjJOOVqd01qWYiKZjEIqIubxM5/zLty29AAAAAAAAAAAAAAAAAAAAAAAAAAAAabpdiOzwlTW2bKr3to3r8kyO7Pa9hzvR/HylSyuMW3GcoRzXScFmjlt5prR+HucW4xCrXcmasNzWk3Vi2rN2uuT8UVquWhT4Wx4nC9J2JKuIlzTyzqM80Yvmk/iW4nMIpVnoAAAAAAAAAAAAAAAAAAAAAAAAAABo+k3e7KHNuW19lZfiV9RO0QkojKmnWoUZU6U3BTcXPLGCilCCbdSXJaHVvwq1y5bpudE88uV6zuOywlL6OVqtZ5YS8VHeU17W15tEEU5qd6m70WtuZdRwHGOthoRkmpqjSbb+0pQXf181JexJXHaWK84zy2vCpXpR8rr4NoltTmmElXLLJHIAAAAAAAAAAAAAAAAAAAAAAAAAAHK9KuKU8POdWo+7SprS6u5O7yxvu3oVb29WHfXFuiapcZwnijxGIrYlqffUoqLy5I0ZRyqM5SfcVvFa7k1O0PmqLs3NVVc39PbHu5rjXDXiIqoqlSTw9WNGFOdWNSMu/aNGDjqnZXu/D0Is4nDUijqoznjZ3GG6WxniKNaEXCkoulVjLwbnq4taNR30eiXge42Rzqvx4qjjiXd8Lf+JHlK69JL+h7YnaYatbPJ3AAAAAAAAAAAAAAAAAAAAAAAAAAAEV9KMPS4jjezq4inTw9Gq3OWeOadRd1U43elktX52Kk1xFUy6q0d3UREU0z0+y50opUKdDLRnCNKNlTpUbVc7Vs1Wrey9m3cm66ccs7VfDNRG1FuYjyiI595aCWKpylg40pU+ypRU62eUaC7W95WjG2aXs1oQdUbyv0aDURTTEW525zGN1HRiMK+EnRlaFS0pdpOSir5c0cuZ6vPGPLST0JIrp9VH/jdVVE0zaqjzzifrl2PVjxqVVyo1Gk401kjs7RdmvNK6afnbwPbcx1bLdm3fpt/i0zHzjCQSd2AAAAAAAAAAAAAAAAAAAAAAAAACzi66p05ze0Iyk/SKb/IEoL4XgIVqNNzjLtaiVVzUtM1fERppWt/zOV7lCqIqnP1y+q0ddyxbppiYxEYmPeKeqf3dbLhVB07RTlTj2jnLtLSThGclTtl0uoLvK/id/Z042Rxq70VZmcTOMbbb4jP+mgqcAoSeFklNRxFWinDPmyxq0nNpO2uq3OYt04ifVLXrb0VVxVMT05xOOcTENtwjhVGMowhpKWGjPWaneU403llGULRTzNLVntNumJwjvau9Vb6quIqxxj14mJ3U8Jwf8HjsFNZkqlatRlfa7lOEUv9PudW6OiqPfKD4jqZ1GnnP9s0z+sfzKWC2+fAAAAAAAAAAAAAAAAAAAAAAAAABzfWLjew4ZipX1dPIvWo1D/6PKuHk100d1XHmh3Acfqp0406s4xhDKktFbRyS97MpdFyOJbUfH/hUxNV2md/b+HQ1+N1I04ONWWanrG97KytqvFW018zqYuRDm18b+EXK5iasRVztP1DmOI9L6/aSmqkoupZSVJtJuKsnaTdt7aWERcnfhLqPiHw6zTTFv8AEjf5x8+GTwvpHVcIwdSbhFZVG60ila3pbQfZ1+qhd/qbQ0Tn7Cc/OHmO6QTTjKTnJ061OrG72cJZvzfxPabdUVZmVe9/UOkv2Zt27U0zPnt9eT6CpzUkmtmk16MtoYVB6AAAAAAAAAAAAAAAAAAAAAAAAEfdc8qksHRowi32uIjms1tBNpa83b4HFdURyivWq7lGKIyiPh9Fqq1JWaeqZxE5fO6ymq3HTVGJdbSw1J0/pYy1nTV1mVqcm88tF4JfM6q4V9Lbpnxx5x/to8XwvCNyyzlm8L5stnGDvte6bkrX572IOupv0WreNnksNSp5HSvZ3ve7Vr9x7K0mt14HdEzPLM19umnGFjE4SVXNGMbvK9DrqiJ3RaOzcu/lxnCfOh+IlUwGFlL6zowT/wC6Ks/wJKaomMw+nimqmMVctwdPQAAAAAAAAAAAAAAAAAAAAAAAAj3rJxN8Rhqaf1ITqPx1doq5Tv1d8ey7pqe2ZRth6TlOUrPST9r+JHYr7sSzf6j0s1WabtMcbT8m8jjoQg0+7tra6uudy5XGz5fSXqYnE7OdxPEKGdvPrlaWnNrNpa32Y6+RB0y3rdyjGcraxUakllWySUnpLnsvXkd0RiN2brquudm/wuHcJU76SknfnrsitXXm4+n+FaWbOkiJjed5Sb1c182CUL60pzhtbRO6/Es6ee3Ho61UYrz6upLCuAAAAAAAAAAAAAAAAAAAAAAAAES9NMTmx2Jd39HThBberM69V31NTT09lLWdFKF5X5/mVInuXbsduHQ8Yw8clsn1fFwWrfj5nGouTEcoLGntZ8MfpDnp4KH3I/yoqReq9V+LFr/rH6PcJhoxlpFeyVzuLtUzy4rsW4jamP0XOKRtllya/f75l2J81fHk63q2xH0mKp38YTS9VZ/kXtPPdMM7VU9sS7suKQAAAAAAAAAAAAAAAAAAAAAAAAQRx3F58Ti3f61aXy2XoZFyrMz827Yo2htuitOyu9kne92Vonuymu+joOLO8beNl8CHV1bYeaeN2knTKMVL0LdKOpLTO7iuNnnGYXpehoxPapY7mV1a4n+/yX36HzTuXdNP4kfJT1dP4f8AlK5ossAAAAAAAAAAAAAAAAAAAAAAAeSA+dcfF9vVb/zZfiY0vorTsOi7tFexWie6XV2G44jUukVtVXmIe2Kd2skijC4tQj3iamd3FfCri0foX6GnT4VH+5g9Wt1xKH/jn8P1Lmn/ADIQaz8uUzmoxgAAAAAAAAAAAAAAAAAAAAAAAAgbi9DLWxPONeX4mNXHLesTx8m56Oz7pTnmVi42eJnsUr85lJahjyehXwnUUvrE9HMI652ecbf0b/e5p8UqdPiV9XWHX8en92i37t2v8y7po74U9ZP4c/NKxpsoAAAAAAAAAAAAAAAAAAAAAAAAIU6W5YYzGQbSbmpKLsrqS31Mu9TMTLZ01UTFK50fqJRackvK6+Bn1cyvVx7NjWqX21KVzGUluMLbb5P4EeIS5eYd97XT1JbfiR3OFvjtSKhbMnd80zQj0VKc5bbq0Sni6807qFKMdGmrt+XoaWmpnrz7M7V1dmPdJJeZ4AAAAAAAAAAAAAAAAAAAAAAAAQt1hUk+I4m61cKdpXadsqVlzdzPvzPVLU0uOiFPB7OfhrN+F9EnYzsZjdoV1NpjJpLx/lUfw9Svco+sOrdX1lgOtd2u16zfyZH0YhNlewtr6v8A1aW+J3biMuLkzhj8UhG0tFZOy28Ip7luIxEK+ZzLpequmu0xjStrST5bS/RmnpJ2ll6zmEhlxSAAAAAAAAAAAAAAAAAAAAAAAACGesOL/wCJVpbJQo6W3trfT2XsZ+onulp6SOyFrgMdU9dU3bzKON4Xq6tpbDHvfbRbLf3+BFch7aaq5Es5ZfDpa+B3RG6K7wo4nG0pJrdtp+Gqyr20LMRxCvnETLpuqmXexibTblTe1t1L87mjpeJhm6vmEhFtTAAAAAAAAAAAAAAAAAAAAAAAACHesOP9+xC5qjfyclb46fMz9R4mnpJ7WNwSXPbW38zKXzXq8b4bHEw035vV8r2WxFXBRLBlTIJTRK5gV3/L/Ykt8ubnD3jC7rty8NFopFv+VWP/AB0fVXvi9db0vXaXy1L+l4lQ1fMJALamAAAAAAAAAAAAAAAAAAAAAAAAEO9O5JY+vb71Hzu+7uZ2o8UtTS+GGDwOtFxtm239bvxKcyvVR5w21ScW21KL8rr8yGspiViS8157FeZSvMJZTu3/AE5Mktzu8rjNJxXXa1nG91blJW5/EtRKvEYdB1UpReJiv+k7Pf7RpaWc5Zur5hIRbUwAAAAAAAAAAAAAAAAAAAAAAAAgTpXi3Vx+Kqdxw7RKOj+tBWUt9dkZ12uKpy1tPbmIiGV0Yo15K6cElvJfo4vmVopiZ2Wbk9O0t3jcNUjF9+LW+qd3J8/2iO5Tjkt1Zat06nKFueaX6FXt91iJVYWEnNK0bq/vfncktxEziHNyZiFHGo1YxvkS0ev1d+auWenE7ygic7Q2/VRiGsVWhJp56MWnaz7j/HvMv6eunqxEcs/VUVdOZSoXFEAAAAAAAAAAAAAAAAAAAAAAAeMD574k04VJ/alWn8LmXVGzatT3Nt0Y4hkptK1+V7X5IiienKS5HVLaY/GrfTVc9edvmyO7L23ThrJYv9+pV6crKjD4q1S5JRGMS5r3hmcaxinTevhsW6pzCrTGJZHQOWXiGHt9ulUT8NEr3LFmMVUquonNFSXTQZoAAAAAAAAAAAAAAAAAAAAAAAMD5n4ziuzlXoy3hXqb6eL/AKmdMeTWoqjOWBheORp/a+BzNmqUs36I816p0pT0/M8+6z5ufvVMcLX9ol935/E9+7Sfe49FVLpHFyPJ00vfvdMs2txhSh9b2uefZVQRcpl1XVfX7biVKzuqVKo/ikvxZYtR3wq357JTaXWeAAAAAAAAAAAAAAAAAAAAAAAAECdbHV5jXjKuKwlGValWalKMHecKjXe7u7TavpzZz0u+vZGNbguMpvv4OvG173oVF4Py8n8Ge4Opizw9aN70Kite94SVrJN+Hgmn7jDzqHTq/wCTO6vfuy8Fdrbk7+h50vepXTw1dvShU05QnyzcuTT9Bg6mzo8E4hWtGngcQ35Ualr+rXl8h0vetNfUz0HxGBVXE4tZatWMYwpZruNO925W0Tbtp5CIiHNVWYSijpy9AAAAAAAAAAAAAAAAAAAAAAAAAHlgDiAyoBYBYD0AAAAAAAAAAAAAAAAAAAAAAAAAAAAAAAAAAAAAAAAAAAAAAAP/2Q==', 'activo'),
(3, 'Cuzqueña Trigo Personal', 'Cuzqueña Trigo Personal 310ml', 3, 5.50, NULL, 'data:image/jpeg;base64,/9j/4AAQSkZJRgABAQAAAQABAAD/2wCEAAkGBxIRBhESERIVFhMVFhoWGBYVFxYZGBMYFhUaFhcYFhcYICggGR4lHxUVITEhJSorLi4uGB8zODMsNygtLisBCgoKDg0OGxAQGy0lICIvLS0tLS0tLS0tLS0tLi0tLS0tLS0tLS0tLS0tLS0tLS0tLS0tKy0tLS0tLS0tLS0tLf/AABEIAOEA4QMBEQACEQEDEQH/xAAcAAEAAwEBAQEBAAAAAAAAAAAABQYHBAMCAQj/xABMEAACAQIEAQgGBAgKCwAAAAAAAQIDEQQFEiExBgcTIkFRYaEycYGRscEjUtHwFDRCYnJzksIWJCUzNlOisuHxFRcmNUNERVRjgtL/xAAbAQEAAwEBAQEAAAAAAAAAAAAAAwQFAgEGB//EADARAQACAgIAAwYFBAMBAAAAAAABAgMRBCESMTIFIjNBUXEGExRhkSNCgaEVseFS/9oADAMBAAIRAxEAPwDcQAAAAAAAAAAAAAAAAAAAAAAAAAAAAAAAAAAAAAAAAAAAAAAAgeUfKVYTEU6apSqTmm9nGMYpdspS4dvC/BlfPyKYfUlx4bZPJxvlko0oOdHebslGpGTTte0rpJN9hU/5Ov8A8ym/ST9X5R5ZqcJNUGrO1pzSbdru1k0+3t7Dz/lKx51l7+jt9U7k2ZrE4PpFGUes4uMrXTi7PdbNeJfw5q5a+KqtkxzS2pdxK4AAAAAAAAAAAAAAAAAAAAAAAAAAAAZdzx55OjiMPSouUZ2c5TUYO0VfTbXfhJXe2y9ZT5OOlrRNoXOJE9oDBV6rpRbxCa2tpoyb3S1O6bXf7zEzxFJ6r/tr4ox/V5ZvmFaGGbp17NXa1Qa3s32q3b2+J1xa1v6q/wCzPWsRurSOa/GdLySpuXpxk4TkvRnKNlqj4Wt7Uzd41K0pqrD5O/H2tpYQAAAAAAAAAAAAAAAAAAAAAAAAAAAAM051KFavmuHpUnTiox1N1Kmm+qXBJJt20JlXPXxTEbT4uVGCszMPivKrDAQj9E0v/LPytTZlcn2Xa8R7zvH7Y97fgcFSjWrYOafQR1ppPpZbcVxdNLie8T2b+VO/Ft3m9s+UeFc+beNSPJ3o6ulypza1QmpxknaV7rg93sa+CvhrpWyZozT44jS1E6MAAAAAAAAAAAAAAAAAAAAAAAAAAABTcfjr8o5pVFG3VVujcnaK+u9le62TvvwK1o3keZLarpMvEt4acZSi5Rs7x7Yy9GVuzg17D3POoc8W0WnU66emTu9FohxTtZy1h74RWx1Rd6T9zafxRNgnuYc3iNQ7iwjAAAAAAAAAAAAAAAAAAAAAAAAAAA/G9gM+o5TKtms6zqUlvJpSUtS1OT77Pjfh2+BVx2ibyi5GC1q9SsWHwHR4Jyl6WiNPg0nGDbT09l9T8jrkeRwsPh7n6a/hz5LnVH/TbwaleqqfSO3oxV0km+93vbuIsUalYyZa+LwJmTtmMH33Xlf5HdOsj2e6u8tIwAAAAAAAAAAAAAAAAAAAAAAAAAAOfMamnA1H+a/PZHNp1Ey9jzVfMs2WCyd1Ek6knoppr8pq934JJsqYfPaH2lyY4+LxfP5OKpywhRy2m8Q5TU6KqKpCLkpVE2pUnbZO9rE2WNoOJy58ETbvcKRzZUqmM5QY3EylZ6XdripVW9Nn3R0eSPK9TpHWs3vN2rYDMViMroV1a70uSXY9tSObdXiV/jZYy4twni09AAAAAAAAAAAAAAAAAAAAAAAAAAAi+UeIUMubfC936opyf90izT7unVZ1O/oyHB43FZnmMq0VKNCnJOOr0KN1FbtcW7XfyRzippgc6cnItuPKHfiK0q2MpQpTm9LbnW6alC0FBqbVK19MU209N93uuIyy74VvFOo70jFiZUc1lWwkpUulrKkklJKpTjDec4tdaTe+pbb8eNuarXJtNfep1vpZeTWPWGx9TDVLqFRXTb2hKLcG7t3s2tPg0t9xkjpH7OyflXmlvm03Dz1UIvvSLETuNtR6HoAAAAAAAAAAAAAAAAAAAAAAAAACgc52awVSlhZKemcJVKjg0n0akk4pvg5Wav3XK/It4dLnD4FuZacdZ04Mv5SYWplccPDDThSj+RGcYxl+bK27T7e8ix54X+V+Gpinhm8aVvEZzOlmtaWmlepCUGtCWhT2vHtdkrJN2PL5dz5IOJ+E8tZm/wCZXv8AZC64LD0KdB1F0c5zcqrjPVKairxilpiup92cfn/sly/hO96RWmSI0sGfVely3D1Gn0ilLVOTg4T1xWuLjHdJtN2f1pEls0a3MKkfhe97eGuWPFHflLS+QWYKtyap8b026bu7vqcLvt2cSzht4qRKHk8a3GyTitO5hYSRXAAAAAAAAAAAAAAAAAAAAAAAAABlPKmrKpywx86bWqjRpUk3psk7Tm1q22U2VMszNum77Lx1jH4reUz/ANR1/tIZZR0YmaSinKdSWqEqd6UJTjGElq2a003txsxSNdJs9vHWJmZ6iOp3357/ANy8a/VpqUpQeFVJXm9GmVf8ITv36tO/qH/RvfUbi+/Lv06eGXUlSqVVJxU51MVOnolRcnCTpuDjqbir2driNRt7kta/h1vURWJ3v5b3v5umNOnLCUtelVYyi5anDrJYn8px2uk97bWY6mO3kzkrkt4d6mJ15/RI83dVRzLH0ItOOuFaNuDjUTW3h1YkmDymGf7U3OStp85rH8x0vJOzAAAAAAAAAAAAAAAAAAAAAAAAAAfzfnOeOrnGLlZNVK82m78Iyaj5JFPLi8UzO1ni/iTJw4/LikTEful8mxajR9H7+Apg1Hm4z/jetrati/iUfm2byjUklKahLjFSai/Wr2ZxOG3ylpcX8W8LJWJtinxfXpX8Pj5dIurFK/d/ie/kx81TJ+KuXWZmkV1+8LBHFyeEa2tbuOvyK6Zk/jHnRk3qv8f+rJzXZpL+GeiVrVKEo+twakvJSJcNIr5Pf+Xy8+8TliOvo2UnSgAAAAAAAAAAAAAAAAAAAAAAAByZvWdPKq8421Rpzkr8LqLaueTOo29iJnqH80SyqpSo0nOz1K+2/vK0ZIll8vg5sVZvMdLJldPqxtbbvt8HxJ6Pl7T/AFHvmU8NvroK/SNq0YW0dLGy43voTXdu772IskztvcTwTHkisIsL0sGoWTjHZwg1GK0Ocdn1pSSqddt22d0RbleyRTw+T4or6K3zT80TR5PnMke+leR2EnDlLgq6tp6bQ99+unB/3jmuSNvouF7Oz11kmOvNvRZaAAAAAAAAAAAAAAAAAAAAAAAAAQHLrEaOS1fvklBf+7Ufg2QcidY5T8aN5IY/nFPVioQ7ErfLuXcZtras2bYIzYLU+sPbDXp8VZq3Hirdz+ZqY7RMbh+UcnDkwZZreNduTOc2p6necu3i5W33e6d7XS8iK87lqcS3aIWbU9FoOWytFbpRW23G3Dbu2ft58LRvb3JSeS0XVrJJK3F22SSPb3iIUOHwr8jk1jXW+0xSlppSkm/o6kZq3g0739q38CjWepn6P0G1e4j9tNtpVFKlGS4NJr2q5sRO42wJjU6fZ68AAAAAAAAAAAAAAAAAAAAAAAFN5y6/8Tw1P69ZN+KhFv5op8ueqx+69wY96Z/ZnOnXm/HtXG7fvMrLbtu4q6xr1h6aWEV032La9vEli0xXpRvjpa3cQgcZh49O+qvcjIvktFp7amHDj8Ppj+HLPDR+qvcj2Mtp+ab8nHP9sfw7MJT+jslb1LgWuPeZ81TLjrXyjTgqQtiasXteL+Bcxz3MK2TyiWo8kcT0nJrDSbu+jSfrj1X8DW487xVYfJr4ctoTBMgAAAAAAAAAAAAAAAAAAAAAAAGbc6GJtnOEj3QnL2tpfIzuZPvR9mr7PrutlTyeGrHtr2ePrMrJLb1qq/UZJUHutrXt2bdtybx6r2z7epB4tfTswcttXlq4p92HNKJ7W6WJdOFRd41u1bPG0Tm/VxifC+3H4F+JmLK2o8K+c2NbVyYt9SpOPnq+Zr8Od4/8sTnxrL/hbS0pAAAAAAAAAAAAAAAAAAAAAAADI+dhv+E1L9T+9Iy+b8T/AA2/Zsf0/wDKI5N/z3qZl5Z7hrzHur3Ga6C1tiWbR4ZZ0195C13eoz5687tMtOnUPGSPa+aSHRhEX+N3KHN5IblVHhbj2ePgaX90K9I6W/mif8g1v10vZ1YmrwfRP3Y3tL4kfZei6zgAAAAAAAAAAAAAAAAAAAAAABmPObRvyiovsdF+Un9pl82Pfj7Nn2db+nP3VzInbEpfft+0ysvm2v7Vvcvo/YRZbaqqxHvI58THlch5yOquodeB7jQ4ivmQ+exvi0rdt/hw+Bo73bSKPTtc+a6jpyGo++tLySNfhR7k/dh+0J3kj7LiXFEAAAAAAAAAAAAAAAAAAAAAAAZ9zmU/5Uwcu9VI+SZn8yPeifu0+BPVo+ym5U7Y+3j/AJmPlhvx6FqqS6u+xXz70ipDhctzMmq1EPmT3O61e6duET6N2NDiR9FXPPfaIzDfMV4Iv09SG3oX3m6p25LU39aU5f22vkbHEjWP+WFzZ3l/hZiyqAAAAAAAAAAAAAAAAAAAAAAADP8Andp3wuEalpaqy6yvt1eF13lXlTqIXeF3aVIyyL6RXk7uUt1xaXDj2/YYuWImz6GkzFFmpUr4dSbm77+kn5MrZMfXlLyMneunNUnaf5Ptvco/ld/NYiZmHk6j8Pcz2McOodcVJYdyU2rJuyt3bFzDWYjpVy2jfaFzGm3Vd6kl1XvffZN8V4F2k6siv3VqPIaDjySwqfHRe/fdt38zcw+iHzvI+JKdJUIAAAAAAAAAAAAAAAAAAAAAAAofO1/u7C2u309rJb7we5W5Ue4u8L1yoOXybmnu/SbXjKb+N4+/wMfJ1bbfp6NLZptQjfjayTu3dJ9hFakeHtHFp2icQ+tZ9pV1qVys9PhVX3v4nHgh07/+nzs97PZ8L/ZuW8VdQp5Z3KJzV+m/CSSSvvp7+7xJ6d2cWnUNV5G/0Wwtu2lF+/c3cXoh87n+JKZJEQAAAAAAAAAAAAAAAAAAAAAAApHOjFPBYa6/4r9nUZV5foXeD8SWfZa/p5X7br3TivjqMm0fVux5dLS2+iSWyta6at7mcXRxraMxC69+H+exTt5rdJ1DylDc5h3tKYFfQcdntuuO/h6i7ij3VPJ6kHjI2nwfDh7Oy3b9pPWIjpFMTOttU5FK3JTC/q0bOL0Qwc/xJTZIiAAAAAAAAAAAAAAAAAAAAAAAFJ5z/wAVwvcqrb8fo5JL+15FXlz7kLvB+Iz7LIrp/Y36r1dzJv5y3Y9MLMpfRXf6KfffuOJt04iO3PV+/wB/aVLz2sVhz1I3WxHtJDuwC/i9+Hj527+7bx8S7in3VXLHvITM5tSTUbu64foP5k9fVKGeohqnIv8AorhfCml7tjaxeiGDn+JKaJEQAAAAAAAAAAAAAAAAAAAAAAAoHOviVCGDV93Odlfd2glsvaVuTG6wu8KdXlQMtlL8IgtUYtLrJ2bXXvu1suzvMfJHm3adxC1U5tpWnF3vd6J7K1+N/I4mOunPXzh4zm+keyfv+BTvCxWHlKbdla3lY48Lt74LEPR+Ra/CUu3vW23BP2FvHuIV8kRMofHVowaUna0rLuvZvd8LbWLGOu5nSG9tVjbUuQtTVySwz/Ma28JNfI3MXoh8/n+JKeJEQAAAAAAAAAAAAAAAAAAAAAAAyrnXfSZ/Qg4pqnSc1fvlK3yKHKtPj1H0anCrXwbn6qnkmEp1MyWuCbvxfH3lDxW3ENa0RWu4X2eCpQotKnF+CincktERCrWZmUPjMJS6Rp04W9SXAzslpiel7H5OSrQpKF1CKt22IptZJCSy+hCeG3urdzfD37F7B3Hapn6npBZvg4rHxt1r3W7b48VuSxMxbUOdRNdy0Tmwn/s04f1dWcbd3B/M1OLPuf5YvMiIybj5wtxZVAAAAAAAAAAAAAAAAAAAAAAABlXOFVtyvlf/ALaNv25XKGf4k/Zp8X4cfdSMqxmjG38ShaNNfzrpa4ZpF05Xl6XZfZbW27jmbdI4p24K2O+k8u8qzSZlajUQ8ZYy6fl/jcflal1EurL8w0k+PqUGaNuXG4xSx1O9ixHdkE9Vlf8AmunfBYu3BV/3ImjxvK33ZHN86/Zdy0pAAAAAAAAAAAAAAAAAAAAAAADGOe+v+D5/hqvDpKMofsy3t+2veVc+OZtuF/i5KxWYllUs7UZXXbuQ/ppnzWv1tY8n7LlPU07Ox7HDhxPPn5PP+ENT6x1+lq8/WW+pLlFU+tfh2e8fpan620OzA8opdu+5HbiQ7jnTLpq59FV1e+334+48jj2iXc8msxpt3MzG/JOVb+trTlfvUbQ+MWW8FJrE7Z3KvFrRr5QvhOqgAAAAAAAAAAAAAAAAAAAAAACt8uuR1HNcqjRqylCUJaoVI2vB2s9ns01xXqD2J0xzNOYrHwm/wfEUasfznKnL3Wa8zw2gMTzUZzB/iurxhVpP4yPdPfFLk/1bZzf8Sqe+n/8AR5qDxS+lzZ5y/wDkp+2VJfGQ1B4pSGA5o85k/wCZhT/Tq0/3WxqDxSsuT8xOJnVi8Zi6cI33jRTlJrwlJJL3MaPHLbsoy2nhcspYeirU6UVGK4uy7W+1vi34nryZ27A8AAAAAAAAAAAAAAAAAAAAAAAAAAAAAAAAAAAAAAAAAAAAAAAAAAAAAAAAAAAAAAAAAAAAAAAAAAAAAAAH/9k=', 'activo'),
(4, 'Pilsen Callao Personal', 'Pilsen Callao Personal 750 ml', 3, 5.00, NULL, 'data:image/jpeg;base64,/9j/4AAQSkZJRgABAQAAAQABAAD/2wCEAAkGBxMHBhUSBxMVExUVFRgaGRgYFhodHxYYGxYiFhwYGxYaKCgsGB8nGxoWIjEhJikyLi46IB8zOD8vNygtLisBCgoKDg0OGhAQGi0mICUvLy8vLTUtKy0rLy0tLS0tLTUvKy0tLSstLy0tLS0tLS0rLS0tLS0vLS0tLS0tLS0tLf/AABEIAOEA4QMBEQACEQEDEQH/xAAcAAEAAwEAAwEAAAAAAAAAAAAABQYHBAIDCAH/xABBEAACAQIEAwUEBggEBwAAAAAAAQIDEQQFEiEGMUEHEyJRcTJhgZEVI0JiobEUUnKys8HR8FOC4fEWNDU2kpOi/8QAGwEBAAIDAQEAAAAAAAAAAAAAAAMEAQIFBgf/xAAuEQEAAgIBAwEGBgIDAAAAAAAAAQIDESEEEjEFEyIyQVFhcYGRwdHwQqEUI5L/2gAMAwEAAhEDEQA/ANxAAAAAAAAAAAAAAAAAAAAAAAAAAAAAAAAAAAAAAAAAAAAAAAAAAAAAAAAAAAAAAAAAAAAAAAAAAAAAAAAAAAAAAAAAAAAAAAAAAAAAAAAAAAAAAAAAAAAAAAAAAAAAAAAAAAAAAAAAAAAAAAAAAAAAcWdZgspyirXlFz7qnKemPOVleyMTOoGL0+1PN8f48BQoKDV19VOX/wBa1f1sVb9ZjpOrWiJaTlxxOpsv/B3GNTNcVGjmlO1SSk1KNOSi9Llvu3ZWin7tUF1M9P1EZd65+7aLVtzWV2LTIAAAAAAAAAAAAAAAAAAAAAAAAAAAABA8eVZUeC8ZLDyUJLD1LSd9vA78utr299jE+GJ8MM4VwFWeWx0tRVuW/wDI8x12bHGSduDkxRkyWtEy0HgenVw+e0Y3TT7zU9T9nRfSlb9ZQfPoy96Pki1ba+q50VJpOttQO06YAAAAAAAAAAAAAAAAAAAAAAAAAAAABVe02NSvwdVpYJXnVcIJXS2c05bv7ikaZN9s6R5N9vDPpYz6Dw9OGLpwi5WjFd5zey5JOx5fN6RlteZm0Io6XtjmVxyfKq1DMKFaSilGb1Wlfwyi4bPr7SfI6fp3QX6a0zM8S0rTtyRqV6OwuAAAAAAAAAAAAAAAAAAAAAAAAAAAAAFZ4xr/AFlKnFq7VSSTe7kkoxsv80iO8xBERNo34Ypm9SP6bKGaYerJqcluluurUt+e9t9lbqkyp4lPm6jFM9tqS1Ds4hOhwzLXGpTirumqtr+fhT3UbrZP12vYs4txWdqs+z1/1xMfi0CEtUU11Jm79AAAAAAAAAAAAAAAAAAAAAAAAAAAAAyrtDh9J8XKnSu3SpQv45RSk25bW5bNX89jiep9T7G0fgmwzWPKDxXBeJxW9GuorqnJ7/FROPHrOKPiif7+afdZ+S08NYFZNhIxx05zl5qUpLd35bX+Rb6X1PHnv2c/380GaYjxC85FiljMrhKk7rxR5W9mThy+B6ak7rCCJ27zZkAAAAAAAAAAAAAAAAAAAAAAAAAAABl+dfUcfYjV9qNKS9O7Ufzizyvr1J7ttqTynaE/CeQtHKzD1V3qrJHT9JpvqKoM88J7g+OnI4t/anVfzqy6dD6HSNVhDXwmjdsAAAAAAAAAAAAAAAAAAAAAAAAAAAAwjPM7/T+P8RPDbxTUE15QWm/xab+JwfU6xfcyzTmZWnBYxypK55PLjiJWorL14nGOlVTd5c29ua8rpbcy/wCmxFc0WRZq8LN2cZosfkbhd6qU5J352lJyTt8Wvge5r4VqTwths3AAAAAAAAAAAAAAAAAAAAAAAAAAAqfaXxA8h4al3DtVrPu4e668UvhG/wAWiLNfsrsiNsp4byzu46p+1LdnlOt6junS5jxxC64WhaBw735TRV4Y2gpw3N8WSaztpkpw9WQ1HkWfU6sX9XU8NX3J8pfNX+Z7zoMnfhiXLn3btVLqUAAAAAAAAAAAAAAAAAAAAAAAAAADG+1vFPHcZUKC9mjS1P8Aam7/AJRgc31DJ21bY67s9mWUNMVtyPH57uhCapKyKNm0P2tG8dhWWLRw55UVXwck+n+57X0bJvDDk9TXlfcgxLxeTUpz5uCT9V4W/mjts0ndYlIBsAAAAAAAAAAAAAAAAAAAAAAAAADEOOXftKr36Qpfw4nF9UTYY5duFzKnQTi25St7MIynL10QTaXqec/4ebLO6x+0frKe2ateHjiuKIYNePD4h+kIL8JTT/A2r6Tktx31/wB/wzXNE+ImTCcZYTGT0uU6bX+JBpL1mrxXxZrf0jqa81iLfhP7eS2enieE5gpqpRlpd047NfO6fU7Xo3dFZpbjSj1OuJiVt4N/7cp3+/8AxGeklHi+FNmEgAAAAAAAAAAAAAAAAAAAAAAAAAMT4oy2pnXatXpYS8bRpa5fqw7qF3+NkUcuD2uTU+GvfqdRK94LLsJw7gtEnCKtduTX/k4+d7+K3q2T9lMcalvWsx73+1G4m4wjTb+j8QrpTUWpRteUFDVa9traldbNvoc+L5rZPssVyYNcymeFM2wec4ZfplSlOrLd320330KeydlaN097X6l6ta2jVkOS1J4rKexuQxwODlLL/CrXaXL37Ll8Ofru5PZxXmFS8a4TXB6tw9T9Z/xJEqTF8KZCQAAAAAAAAAAAAAAAAAAAAAAAAAGW1arw3aHmfdXvKnRfh9q0cOptLybUbLyvfoQTOrSx00RbPaJ+yNySEq+A73NYw+vqaYU3GKjGnF2qVKje9lutTd7kNeY3Pzd7FOSY1Mduo3rniP8AGNRx3T5mIjURwgcZwnSnmM2q1sPCMqlSSTvSjqahTadrzktOxFGPU+eFOfSqzet5ifenUV8bn6xMf4xztCYPI50sfHTTrwm1rgklq0dJc00bRbnU7czq/TOpjJaMNfd8b3HGvO5mY19t+fk2XhPMKtXh2dPMlLVGMkpONtVtt0tk1yfQtVn3WuPDn9lPta6mPvH95+X1Wbh3/pEPWf77JY8GL4UkZSAAAAAAAAAAAAAAAAAAAAAAAAAAyXP6VD/j7GPM6tSitFGSnBtO6pxTV0nzi2viyrfU5Ji064S9Da+PLe1Ii08cT+f8ODBZ1hsfnEq1acacKFLThqck9PgXhcrX3u9Vufy3ji9ZtM78LWPLXJbVcu7bnu1OvPm0b/8AMT4iOfmZrmOHxNGFPD4mC2dacp3+srvrU2fsrlHdPrslqxa1dcT93Rw56902nU8dtYiYnVI89vPz3zPl54rPsLi605YSrCLrVV3kqildU4RjCFoq2pOzlZ7eaN5yRPz8oME44iJvaJim5iImvxT9Z35jxvmVty/MKeMy+f0e3OMfAnb7K8TqN8rym038CaJ4cvPlx5MdrVmJn5zH1+UfhELXksO7y2KXTV+8yWvhWxRqkQ7jKQAAAAAAAAAAAAAAAAAAAAAAAAAGYTh+k9q+Kpz5SoRVr/cpMr63m19lPFeY6m3P0/b+ZQuO4IqYPFyqZI1JNSvSl4ZQ1Rcbxavurpqya26KyVeYrudMZ+gmZ7qK9mGX4xK1TLpN2knK13K+2pvzsue2931EVj6Q0jpcm+YdOX8LYrNasViqFPCRveTtZvq7RfTfpe3hsjNu3wlt0Vsmu6NNZy/KoZNww6eFTW3N82/P+/wVkrFfhSXxRixzWqbyaTllsdX3v3mTV8JMfww7TLcAAAAAAAAAAAAAAAAAAAAAAAAAGMcVZj9Edq8q19k6V1910oxa+RTzX9nlizm5LRj6mLTPlpGLx9CEIuvJWlHVHZ7xte6t7ky3atL8y6Pd28QhsfUwtanrU/CuqTtdNPy98Srbo8cztNGedeXsyvMcIqsVQlFuTSXhk93st2tvK/oTY8GOs8VR2yzPzd3EWYKypRd3za/kbWnc6U+qyRFe1N5TDu8vipWfPle3N+ZvEaWMfww6w3AAAAAAAAAAAAAAAAAAAAAAAAAB8/8AarK/aBWVNNvTSvZP/DVil1VduX1lO6/Cy8A8VKOHWGzVuLW0JNdPLfn+fXfe0eHP2R228fVL0fUbiKX8x4+8L1Up95C9KWqL6pJp/FFyKb5izoRb7K/nfFFLII2hLvKr2UVbw++Vlt6fPzNL5YxxqJ5RZ81MVe636IDJ8XPH1pVazvKXP/Q3p4edxZLZstr2nnw1bLP+Sjunz5ftMlejxfBDqDcAAAAAAAAAAAAAAAAAAAAAAAAAGK9ouUQxnG9WUa8qU3Gnslf7CS5NHP6rLNbTGto56eMk77tS4ocCzxFO6xWv1pvlz/WZQnPEcdukN/TZtO++JeOOyLF4WjtjHp98N7erbZDPVU3zWf1WsfRZa117RGYbhedbE6q1e93zcG3K3leXLoT06qnGqos3ps3j3rr/AJHw7RweCvXxPP8AZj5v7Tfv/E6OPPaY4hUr6fjxTvu20HKKiq5fF02pLezVre010si3WZmOV6vh2GzYAAAAAAAAAAAAAAAAAAAAAAAAAHzn2weLtFrad7QpL0fdp/k0Veoa7nbiyZPQt7HG6ieU+NMub6tlFYiX5ruNI7pPK6LleSX2Uk7Llzav15J7/wBT0XRfC5uSWq8Hu/DtL/MvlNl9Nj+GEyG4AAAAAAAAAAAAAAAAAAAAAAAAAPmrtIg32kYzVfecHv5dxAp9VLTzJlUu7h70cXPzK1EO6tXTmV60nSSHqWISlzNuzhrZO5bjLUdPRq34Hc6Kd1c27UOB3fh2D85T/eaOjKbH8KfMNwAAAAAAAAAAAAAAAAAAAAAAAAAYX245HXwmfLG5fRlVp1IJTcYt6JxVvFbknFKz9SLJijJGpa652yeHENanLp8iGeixyk7nnLiSrLnz/voYjoscM98vGHEFTX4xPR00xNplbuGM0nj6ijhoSqS5WhFyd3y2XInx4a0jhVtEy+jOHcC8tySlSq+1GC1ftPxS/FslT1jUJEMgAAAAAAAAAAAAAAAAAAAAAAAAAAemrhYVn9bCMvWKf5geh5Rh296FL/1x/oB5xy6jD2KVNekI/wBAOlLSvDsB+gAAAAAAAAAAAAAAAAAAAAAAAAAAAAAAAAAAAAAAAAAAAAAAAAAAAAAAAAAAAAAAAAAAAAAAAAAAAAAAAAAAAAAAAAAAAAAAAAAAAAAAAAAAAAAAAAAAAAAAAAAAAAAAAAAAAAAAAAAAAAAAAAAAAAAH/9k=', 'activo'),
(5, 'Stella Artois', 'Stella Artois 330ml', 3, 4.50, NULL, 'data:image/jpeg;base64,/9j/4AAQSkZJRgABAQAAAQABAAD/2wCEAAkGBxIHBhQTBxQWFhUXGBoZFxgTFhoaGhYfGxYWFxgWGBceHCggGx4lHRgbIT0jJSkrLi4uFyEzODMsNygtLisBCgoKDg0OGxAQGzcgHiUtLTcrKy0yMC0uLS0uNy8tNy0vNS4wLSstLy8tKzIrLTcrLy0tNy0tLTUvLS8tLy0tLf/AABEIAOEA4QMBIgACEQEDEQH/xAAcAAEAAwEBAQEBAAAAAAAAAAAABQYHBAMIAgH/xABCEAACAQIEAwQHBQUGBwEAAAAAAQIDEQQFEiEGMUETIlFxB2GBkaGx8BQjMsHRQlJicvEVMzRDorMlY3ODkrLhJP/EABoBAQACAwEAAAAAAAAAAAAAAAABAgMEBQb/xAAsEQEAAgEDAgMHBQEAAAAAAAAAAQIRAwQxBSESMkEiUWFxkbHwEzNCgfEU/9oADAMBAAIRAxEAPwDcQAAAAAAAAAAAAAAAAAAAAAAAAAAAAAAAAAAAAAAAAAAAAAAAAAAAAAAAeFbGU6E7Vpxi/BySfuOapneGpStUqxXtOWeUUHmlSrKmnUk46m23e0IpbXtyS6H9rZfQlNa6NN+cIvddeXr+Jin9T0wyRFPXLtWaUG0u1hd8rySv5XOwrmZ5JhswwkoYqlFxaa2vHmn1i00WGn/dq3gi1Jt/JW3h9H6ABdUAAAAAAAAAAAAAAAAAAAAAAAAAAAAAAABwSd8RPz/JHlN97c/rl9/L+ZnLWnNybpRTir3blZu3O0dLT323a5FZnC0Q6aj7hIYd3oR8l8iLnLuEnhf8ND+VfJEwiXqACUAAAAAAAAAAAAAAAAAAAAAAAAAAAAAAAAIi/fm3+9L/ANmcTx6pUpxju7vQ1uu9du76Wd2/Va12dGIwsKsr14Od5S5Rva8rO+/8XuucbwMJTVoVFe21o270Wnq335W9TkjHaJ9F4mPV1wadJW6f0JfCf4SH8q+SIKng6U6yapzjJXkpSj1td7p2/wA6a89fgTmCVsJDyRaEWe4ALKgAAAAAAAAAAAAAAAAAAAAAAAAAAAAAAeeIrLD0JTqcopyfkldgVjKOIsLmmKlSwVbXNN92cHFSak7qLcFdpr18r+slNNGE7aEn4dnvzTdtt90ntfdIw7hSTr0NU9nLvPndN7uz9TfwNJyrM8S7KrVk42fPS3sr82tT2Zx79VrpWmLx9P8ASJyms2zTD5JhtWLl2MXyUIXlL16VF2XmvdyJbIsZDH5RTqYSTnCSvGTVm1d800re5GZcYJ1qDdW7b/e3fq5lt9FGI7fgeinzhOtB+yvU0/6WjY2W9/6ZntjCM98LeADoJAAAAAAAAAAAAAAAAAAAAAAAAAAAAAApPpXz9ZVw3KjS3q4hOmknZqDX3k/V3XbzkvBlxxeIjg8LOpiHphCLlJvooptv3IwHHZjPibOZYjGLdu0Iv/Lh+zFc1fff1tvwMG41Y065Hnw5GpQVmlz6/oW/C5lXws1ohH2326bbbeB4ZXhdFr28nv8AX1Ys+Ay6NSO/geK3m4r48zHLLTTzwpnEGLqVsO1TivBd57cvV5+D9bOj0N57LLs2q4LMnbtn2lG/LWo2qQXnGMZJfwy8SyZtlkdL5P8Ap5Gf57l7pyUqTakpJqS2cWmnGUWt001f2I6XS97Ws4VtTwy38Fe4Ez98RcPxqV7KrBunWS6Tja7t0Uk4zS8JIsJ6mJzGYUAASAAAAAAAAAAAAAAAAAAAAAAAAAAAqnpSruhwJidH7ShD2TqwhL4NmTZF+L66GtelKn2nAWKv0UJf+NWEvyMl4dpyrYjTh4uUm9oxTb9y+uZyepxMxiEwteFqaUufT5oncFi7I5cFwniqkU5qMP557/6b/Mk3kTwFK+MrU4pu15bK75JX5t+B57W6ZuNWPJP2+7NW+JfzFVNcO8UzPoqzsXmOC+24f/8ABVp1evdlva235blI4qwtXBStiYON07N8n5NbMw7fZa+lb2qzEe81bRKW9Dda2NxlNctNGftfawfwhH3GnmYehmC+1YyX8NBf77/M089rtf2qsAADYAAAAAAAAAAAAAAAAAAAAAAAAAAARXFWW/2xw7XoRlpdSDipNX0362urlfyDD4PhLCuk5rtlGPaz0yvNtbeNo7rbkk1fxLhi/wDDS8mZX6Q6zxOeUqGUtLETnCCe8WnaLbcr2at2a2XVp3sYdXt7WO7Pt9L9W8U/IWDGZrUxM5RaT0OMoN2T1xeqKa25xvvZbyjeyTZVcZj41G6c6k5NqNoVEnWjK77631yfeuu6l3Fe9tRX8PluMwkKlani6f3TjCcasq37XehB06lK6u07JpNNdNmS2PWOweKqU67o66NGrWmoyxCjpgoJ2c6ffb1baZNXUrtNGv7c8w3b7SKWxW0T+fFYMtrVMHRjPESkpRlrjSU7qnG2ldp+1NrZOKaSuk3zSsOMzrCY3Dulmff3ipQcX15S/htz6SVuRi+c1sXiMDhsRiJx01pVHShR1JqVNqnJtWu5bpJ6pOztstiZydT4Z4pjSzuXaWjTnBpupGUVqtGGq3SU0uS1RIrM17Y7MmrsPY8U2zPftHw5+jU+C+Glw9WxHZ1HNVJRaTjZxUdSSb1PU9+exaDkwW85v1r5HWbtaxWMQ44ACwAAAAAAAAAAAAAAAAAAAAAAAAAADzxG+Hl5P5Hz7xVUdbjm9K1SbquKjK7SarShCFk0105NO7b22PoOqr0n5P5GK8S5VVw/EspYO0ZKVSvCpJXbc4w0RW62un3rPS4X266+49JdHpurXT1JmfdL1nl2MzjHYyjVnR3lg25KnWmprT9xKEk3LRZd6Ur9W3tt5/aK2O14mlLBzqYipLBTjGGJcak6ig5Q1OpZR0xT1xst2eMoZzGC0tOSVJdps5tUZSnTbm1eW8pbvmnZ3IrEYHM5Q0Qp6V2/2ldlTtpq206otLbbotikXhuTWJnvavpx8oifrhO4fDVK8aUMG8JKGHrVoRaoVfuasIvEyjFSqd6MuydpP93fmQHFFOtTxGC/tqr2icE41t1qi2qndrKUnNRc2rtRaa5WaZJfZc4qVFKlCMe9KVoUYxUp1IunOrJaLObi2r+DdrX385ZJjZzpxx6UnHtKcYU6cYJKpC0px0xjqqOVrtp7bt8mVtaJjEJpaKTmbRPPz9fh8Wx8KzdXJabqbvRC78bQjuTBGcP4f7JlypvfQoxv4tU4JskzbrExEZcK3M4AAWQAAAAAAAAAAAAAAAAAAAAAAAAAAD81P7t2V9nt4kJleOWMw0JYSUZKUYzjvu4ySakvFWa3XlzJ0wDhDiWtkNR0ZfeU1KSUJTktDUmr05J9y+90tncw62tGniZ4S2nG1ZxS7Kzdm7atN30u7p2vf65xE8RicNUjGNpXk3dz5pLe+7VOPLZX3dls7L9ZJnVHOofgXaW3hUs5W3/DK3fjv4XV91udvaU3JqdKz3utMenX/wCimtS8ZiU4f3DYuq6iWL7OK5d2d5N9Pfv7jor1XT/G1ZuyW7b62SXN2TZy4jFQw2E114Kmr7XS1PlbTG34vgjO+KeLatWnKGEXZJ7OanJ1LXu4qbfdTtvpSv5GLV3mnSfDnv7kTMRy1LJcXDF0qjoO+mo4Ss07SSjqjddU9n60yRKZ6Io24Kg9t6tZu3/WmvyLmbNZzESgABYAAAAAAAAAAAAAAAAAAAAAAAAAAAPmmUNGe1orpWqfCrL9D6Wey3PmeNZYvO6s4bqdWpJetSqSaNHfeRE8LRg3ezjt816y55VmFaSSdWTW10229+W76cynYTZ95erz5fD9Cz5djIw/Evrom/P5nkte+pSM0mY+RXl+s6vUqXm2/P8AUzvP395u+q6+Fr7l/wA5rxxC7q5crdNrbeG3h+bM+zx/fe381f6/QzdOzMxM8ovy170VQUeBaGnq6rfn29T+nsLaVD0T1lW4FoqPOMqsX5qvU+aaftLeeyp5YWAAXAAAAAAAAAAAAAAAAAAAAAAAAAAARHFuP/svhnE1Y840pafNq0fi0fPmSU7Vlb628fNm3+lNN8A4rT+7D/dhf4GJ5LO1Xe1jm9Qnt/RPC3YSGy0k3gcHq3f15/XzIbL3qf17i35RFLZte1+tX/L3s8hutSa5XpXMo7H4Zwg3v9MpXEGGs2/r62NAzCrGupOje8XZ91rqm7al3lta68HZlJ4ifedvh+vuMuxtbxRE8q6kRC0ehPF3w2Lob92cKqv/AMyLi0vbSb9pphkvoVX/ABjGW5KlQ+M69vk/ea0e228504QAAzAAAAAAAAAAAAAAAAAAAAAAAAAAAIrirL3m3DeJo0/xVKU4x/m0vT8bHzVgMb9kqWxKcWukk1ZrbwPqorWdcBZdneIdTMMOnNu7lCU4Nvq3okrvzMGvoRqx3GNYbiWjRfe5fXRq3x6eSJKj6RsNTilLdrfdzUb/ALLi1Bu6dr91W3avZXvU/Q/lMuVKovKvU8PXJn4l6HcqlfuVuv8AnS2/p+Zoz0nRt5vuR24VCp6QMNioXXdv+KMtSl01W0pr2tq9unMrua8Q0cRfspN38U/LZfSNTj6H8qT3p1X/AN6fj6n7DtwfouynCSvDDan/AB1asvg52+BFOk6VPKTGeUT6FMI1luJryTXaVIwi3+1GnC916tVSa9jNIPLDYeGEw8YYWMYQirRjFJJLwSXI9Tp6dPBWKgAC4AAAAAAAAAAAAAAAAAAAAAAAAAAAAAAAAAAAAAAAAAAAAAAAAAAAAAAAAAAAAAAAAAAAAAAAAAAAAAAAAAAAAAAAAAAAAAP/2Q==', 'activo'),
(6, 'Budweiser', 'Budweiser 343ml', 3, 5.00, NULL, 'https://wongfood.vtexassets.com/arquivos/ids/615701/Cerveza-Budweiser-Botella-343ml-1-177070.jpg?v=638120151102400000', 'activo'),
(7, 'Agua', 'Agua Cielo 625ml', 7, 0.80, '2026-02-18', 'https://imagedelivery.net/4fYuQyy-r8_rpBpcY7lH_A/tottusPE/10225059_1/w=1500,h=1500,fit=pad', 'activo'),
(8, 'Coca Cola', 'Coca Cola 500ml', 7, 2.00, '2026-05-14', 'https://pedidos.spow.ideas-geekec.com/wp-content/uploads/2021/11/cola_personal_335-removebg-preview.png', 'activo'),
(9, 'Inca Kola', 'Inca Kola 650ml', 7, 2.00, '2026-06-29', 'data:image/jpeg;base64,/9j/4AAQSkZJRgABAQAAAQABAAD/2wCEAAkGBxISERUSExMVFRUVGBgTFhcXFxUYGRUXFxgZFhkWGxcYHSghGBolHRUaIjEhJSkrLi46Gh8zODMtNygtLisBCgoKDg0OGxAQGzImICUtLy0tLzIvLS0tLS0tLS8tLTUvLS8tLS8tLS8tNS0tLS0tLS0tLS0tLS0vLS0tLS0tLf/AABEIAOEA4QMBEQACEQEDEQH/xAAcAAEAAgMBAQEAAAAAAAAAAAAABAUDBgcCAQj/xABKEAABAwIDBAYGBAkKBwAAAAABAAIDBBESITEFBhNBIlFhcYGRByMyQqGxFMHR8BYkMzRSVGK04RUXcnN0lJWy0vE1U2OSk6LC/8QAGwEBAAIDAQEAAAAAAAAAAAAAAAQFAQIDBgf/xAA5EQEAAQMCAwUFBwMDBQAAAAAAAQIDEQQhBRIxMkFRYZEicaHR8AYTFFKBweEjQrEzYnIVJIKy8f/aAAwDAQACEQMRAD8A7igICAgICAgICAgICCPX1scEZkle1jG6ucbALammapxTG7FVUUxmWqVfpP2aw24j3m9ujG/zu4AWUqnQX57vij/i7XdKN/Ozs7/rf+P+K2/6de8vViNXbXuxN8qKrcGRTdN2jXNcwm2ZAxDM9gXG7pbtuM1Rs3t6i3XPLTO6/Ud3EBAQEBAQEBAQEBAQEBAQEBAQEBAQEBAQc89NUxFHEwe9MCeqzWOOfiQrHhkf1JnyQdfOLce9xCQXV2radnkNKNpmF9unIW1lM4aiaP4vAPwXK/GbVUeUtbc4u0++H6WXmHoBAQEBB8Jsg5dvbveyoY+XjPh2ZC7C+aMlsu0Jmn83piCCIrjpSAi9iAQ0Ocg5r/OLSfqFT/ilYgfzi0n6hU/4pWINo3N3n45M2zuLHVRXMtBPUyzsrINSYnym7Zm8rDzBKDr+7W8EFdAJ4CbXLXscLPiePaje33XD7CLggoLVAQEBAQEBAQEBAQEBAQc79MDXuZTBrS5rZHSyWvkGtyJNrNGZ1U3RXqLU1TV4bIWttV3aYpp+vrdyqfZQNnkzHHn0YC74hwvp1BTvx+elPxRaNJy0xGfhLENlA8qnv+jut2e8s/jp/LHqzGn8/guNm7NlY+JkYe5wkZOLtLXWa8XIAJxAC/O/YtZ11FUTFUY297T8FVF2LkS/QrXXAI55qlXL6gICAg5bvrvRHURyGR7otlxOMcr23bLtGVpINLBoeFcEPflexAIAc5Bwve3eeWvlDnBscUY4cEDMo4Ixo1o68hd1s7cgAAFEgIM1HVvhkbLG4sewhzXNNi0jQgoOy7o7zvq3mso8LNpsaPpVL7MW0om6vaNGzgXOXxBIQdm3c21HW0zKmIODX3Ba8FrmOaS17HDrDmkeCCyQEBAQEBAQEBAQEBAQUe+udFM29i9vDbkT0nEAZDPnyWaerFXRrY3QleATLGLANs3GRbCLntPZzsNOW/Nhpyvv4EO14zO/AQR5nPTqGvPlnnY5EzZmzn09VC4lhZhfESAbguwuGuWrLX7VrO8No2lua0biAgICD8veko/iWze+u/enIKrYW6TZ9nz1LnlsoxmnjxsbxGwNa+c4HdOTouyLMgWuugsavc2CB9eyoiqmCnkIp5HPbG2SJ1Q2nbIQ6E4wMWMuaQDoLaoPm2dzoI5qdgbPCJKw0dpXNLp4Q5gFVEcDQGnEeTm5tsTmgtG+julNQYSamK81NDHxCW8QSPmMuctPGQ7hwnAQ0txZXdfINW9HYw7YowL5VDB4YrIP0r6PfzR/9qrf3uZBsyAgICAgICAgICAgICCm2xJiljj/AEQZD/lH1raGsmmnPNZYeLaZk2vr1FBgrmHBiF7tII11Fj9XwQX1NMHsa8aOAPmtG7KgICAg/LvpJ/Mtm99d+9OQVW7W6IqqKpqC8tezEKdoLPWuiYZphhPSdZmG2Hm4XyQbH+AkTC0Np6oVDWRSPhltKz1s0cZa0iFnELGShzrXDS5oJNiEESs3BjxNigbUycR4DakGM07Qap9OWO6I6TWNxFwcc79EN6QCfD6OaTivaZZcD3wNpncWK7mTRSPPsRvbLI18Tm4Q5gOE9IINR9G3/FqL+0R/5kH6Y9Hv5o/+1Vv73Mg2ZAQEBAQEBAQEBAQEHwm2aDXqY45Xya3JA7hpb4/BbtGa9/kg+3QfQ297/f8Aigy7AdZjo/0HG3ccx9a1ltC1WGRAQEHA97N0ZaiNuz3erraU1EtKCRwq+CWQyuEbjbDM29i0/I3aHHZGvY4scHNcwkFpuC1wyIIOhysUD6S+4ON1xcA4jkDkfNB5ErgMIcbXva5tci17ddskHwSHLM5aZ6c/rPmg6H6NN23Rvi2nUB4jZIPosTBeWsnHssjafcB1dpkeokB+g9ztmy09KGTYRI58072tN2sdNK+YsDvew47X52QXaAgICAgICAgICAgIIe1pyyM21OQ7LrMMSqqWNzWjMW6rG/Znfqv/AA0WzVlb9/uUHrwPif4ZoEZz/wBkGOFxjmDz7LrMy6zzPWNFiWYXy1bCAgIKrePYENbDwpbggh8cjDhkhkHsyRvGbXA/YckHG9+tzJKt5jla1m02tJjkaAyLasTB7TeUdS0WxMPxbYtDl/4I7R/Uav8Au83+lA/BHaP6jV/3eb/Sg2jdDcMttU7RhlZGHhkNNhc2esm1ETWGxDOt2WV89SA73uxu85jhVVQYagtwMYz8lSRcoIhppbE/3rdVgg2ZAQEBAQEBAQEBAQEBBrG9u1DG+ONgBdm43ubC4GgIz8VW6/iE6bEUxEzLpbtc/VVVG2pgAAWX5nA7zzcqq5xzUU7RFPpPzdo09M+LyK6c58S1ho2Nh6utpKiz9oNVM4iI9HSNLQ9fTJwD6wnvjYMNjnkGjXtv2LEfaDWd8R6fyTpbbHHtmUHMsN+tlvLCQu1PH9T30x8fmxOloZ9pbUkwBzbHnYB3LXLFlprb5KbHGbmObliY/X+XL8PHRuVDUCSNkg0e0O8xdXtFUVUxVHejzGGdbAgINVk3qkb7UcQ9Wyc+slNmyEhgNoc3Ei1hfO3WEFZt3bkVRHwqiOEC5kYeLMx4dFGJuJG8RXa5rXtOIW9oDnZBVmhZ0PX1XrGtew/ylX2cHv4YseHmbnlewz0IuCWgY3War5DLaNec+FxyPyeoi6Z7NLnJBn2DNBFOJWWmlJEDH1FVVTFheWdBhli6BdjaTblnpqFzHvuHXsITYYj058mgFxcfUaBrST2d4QbNs2pe9hL2ta4Ocwhri4dE2uCWg/BBLQEBAQEBAQEBAQEHxzgBc6DNBpDGNmnle7OziG3Lch0Tk09dzn2LyGtr++1UxM7Qm245aEKoAxZZdosL9uSp78znHc7UpVK3qNlCqrqidnWIZpBfV3xKx99cmMTMkxDAYI+bwFtFVfdDGybFTxOZhOE5dVrNvmbj5K3sxFyjE9XGraU7dCQhssV7tjf0MwSGkmwJ8PiF6bg92quxie7ZEvREVbNhVs4iAg1/Zk0AiixxP4jY2MJNNMXDDY4cXD0DhfvzQfdpVUXCk4URMuA8PFTS2xgdG949LhvkEFFNPUOJxQBzcGFuKlJdewcWv6NsGPGejn7H7SD5JU1LiXGna4kMJ4lM67sAJDCWsPv2s7RtxYZEoLLZcrTj+kwh3ugikk6V7tdYBh6Ba2MWOeTgcgEFkZqT/knUO/NZdRofyeoQStjuux7rOAdJIRia5pti1wuAPwQT0BAQEBAQEBAQEBBG2lPgie/qaVpcr5KJq8GYjLTNlUzmsc5xbd5xWz0J79b/AHzXhabsXK6q/rqsOXERCGQSTp/D7/NQblUTLpEJtOFFrdIZJGrWJKkWVhy+/wDuutMw1WGyb6Wt2Z/7q10dUTLjXBsMmOrzyEoLOlkbtJIOXWLkK14Ld5b9Vvxcb9O0S3FeoRBAQEBAQEBAQEBAQEBAQEBAQEBAQU29gP0d1uRBPcoXEImdPVhvb7UKWlnBiu0W615XT0YsptVW6siGap6naFnSsUauZbwkYVz5hlja3ms2+SZ9vOGs57nuka3EQBfx+9la8OiJr26OdzON3ivjaZYhliL236+/PQaK708Z1tPu3cKv9OWzL1aGICAgICAgICAgICAgICAgICAgICCv3gjxU8g7L/FcNTTzWqo8m1PVpuxHeqtYAZ55DwsvK2c8swlyxxyNv7TdesKmvWq4qn2Z9Jd6ao8VjBURjV7eWjvLIaDrPmok2rk/2z6N+aPFn+lR/ps/7hn4c1zixd/JPpJz0+I2qit7cfZ02eWqzOnvVTnkn0lr95T4vdJUsFy17CcjYPZc25a9iuOG2bsTmaZ9Pm53K6Zjq9wzMfWR2LLi/NpyA0yOoKuuH0TOsmZjGIcLs+w2hemRRAQEBAQEBAQEBAQEBAQEBAQEBAQV28X5pP8A1UnZ7p58ltR2oaV9mX563VYC2bL4d9hpqrqru+v2Utycz+n13vNLT0FsU75Q8F5wNbdpsWmMXEZycciL9uJvPNdV3+2Ntvr6h1s8mN53+vN6rafZnTcx85ddxY21geg4tbiMN8OLLEc7XFvePLN/bLrP3XdLDTQ7Oa1pcZ3SENxjCMLXFj8Ztwxis7CAL9RxagYmbuWea3iN06qotlsfwxJMbEdNmB+Rawm7hHZ9rWyta59q1lmiq/O7Ff3XSZSdmtpuOTACY2szLsi4gG5OLCCS23UOwZrt/U5Pa8UK7NH3kRH1181t6PpGDbr2BoxNbm7MHNpJaBewtdo0vrmq2/eqrzT3QtNNaiiime/f4u3qGmCAgICAgICAgICAgICAgICAgICAgrt448VJODleN/8AlPUR81tR2oa19mX5+3Kic90rG2xG+pAAtclxPIAK4u1U0U809I+tlLMTNWI64+stn2NuNTluOVz33JGHCYm9EkaHp6g5nD3LxXGPtVqrN6bNimmnGN+1O8Z/4/8At711pOGW5oiquZn4fy2CHdyjbYNpoz3txn/2uvOTxnimoqxF2qZ8tv8AEQsI0enojswynd+lN7U0B5G0TMj5adq61arX5/pX66sbT7U7T69PCT7mz30R6IdTulRPydThp/YLmW8AbeYWbf2i4pp6sTcmfKqIn/MZ+LWrQaev+30VMW6wp5ncJ7nNw4iHtscJxey8dFxGB3RIByvYr3HCeNTr7EVXaYic42nv26xO8ROY3zMb4mYUGt0P3FfsTt5+Hl3fuybgVF9tzR+suGYvcDLEXFrC59rn+12Ltc6zCba3ppnydkXF2EBAQEBAQEBAQEBAQEBAQEBAQEBBW7yAGkqARccKS4PMYTcLejtQ0udmXCvRx7dQbXtG7IcyXNaR3WJ8Lqx1nYpjz/aZVdvt5/2z/mG4b2yPh2eDG9zHN4DcTCWmxcxrhfI2sSvn/CrVvUcarpu0xVE884mImOkzHo9BdmaNNTifBF2nvJLDU1UUhDYSXsp5AG2bKyJsgjceYOMWxfHO061we1f01mqxjmnlqu0xM+1RVVMZjviIxO0effEQ5TqqqKqoq6bxE+EvlFXVFTUSwtl4LKdkOJzWRvfLJIzET0wWtbkcgOrrygarR6TQaei9Xb56rlVeImqqKaaaZxjaczPTrPj4b96Lly7VNMTiIiPfL5t3eF8dXDCZW4fVsnAwteTMHDGwe0wNAa42OWJqlcP4TTrNHd1U0TzzzVUTvNMRRj2Z7pzvTETHSJcr2om3cpozttE/r9eLaKmG8sJsSbvZlrZ2EHvHWPsy0+zFeLN2M+E+mWnEKc10T749cKTcvZTW7T4nHje7hteQ22K7muvGQD7pc7LMjJewvzvM48kHTRiimM+bqyipYgICAgICAgICAgICAgICAgICAgIK/eEfik/9U/U29087G3ktqO1DS52ZcI9HA6VTnb1ZzuchjbfS58lZ6vs0+/8AaVXb6zH+394brvPNC7hU04LYpWvlc8Ow8MU7WyZixy08l8+4fp9TRdv6vSzmuiqKYpxnm+8nHjGO/wDh6C9XRNNNuvpMf4hEr3QPg4dRDKZKx5nbTtOOXEGtBINmiOzGtJubDMZ3KkaSdTF2fw1ynlsRyxcmMUY35oneqaomd4x4RMYzDFcUTT7cdqc47/JElqqK5n/GopWOZRyCI8OZpIsxsrS7C4ENsHC+gzyy30tnXZnT3Iort1RVdpmfap6+1NO2e/emcdfXWuq1tVGYnp5/qs94YaSmgeJg90U8oDiCXPxNa2xuSCA1sTc8/G6jaCnX6rWUXNHVTmimrlzGIxmcxMYxzTNXhEeHRte+5t25i5E7zH17tl3UwguguXHDI0gguztYgOI1BtfPLJbfZzMxdmYjOJ2xG3dt4Y6bb/o012PYjuzDTvR9f+W32Nui4a6jDpzzyB5d697rP9OPr91JoIxP18vrzdrVUthAQEBAQEBAQEBAQEBAQEBAQEBAQV+8J/FJ87eqkz6uiVvR2oaXOzPucF9HDgJZgecb/JuGT5M5Kz1cZoiY8Y+OY/dU25iK9/yz8MT+zc9q7FNWaUvHqmxSsluQHtc9jWts3PpNezwsvBW+LRw2rVRRP9Sa6Zp8JiJmZzPhNM+nTuX06ab9NvPSI39PmiU2za2OSnndw5ZaYPgIxkceEjovxEdCQXIIOvWt54rw6ablq1mim5NNzs55K460zETGaZxHTpmY6dNosXYmKp3mNuvWPmjVm7dRLxpgI+LNUQS8IPyZHAHAAvw9JxuL2Cl6Pimko5LVuZm3RRXTnHtTNcxPZ8Ix458YhpcsXJ9qeszE+Wy32hsuartxTwWcOVobG9kl3yEAhxczTA1uljmc1VaPiNnhlrNn+pmuN6qZpxFMRO0RV1zPfMxtGYdrtmq/Ptbbd0+KXRcWNlKya3EjY7GWnEPVhtjfI9JrHHMcj1Z3HC6rF69qbmn7FVW2YxPtdfHpM+PTCFquaiLcVdYz8P4hrO40pbtuwF8WJrv2QGOdfq1FvFes1m9qJlV6DarDt6qVuICAgICAgICAgICAgICAgICAgICCt3ldajqD1QyHyYVvb7ce9pc7E+5xmSgkparCSA8xiVr2jCRcuFs87AtPWLHkDhbaUTTct7xt0x9Qp71uaKoxO/X63+exsrfkQjhywAtBJvFZpFzcnAejmbnolozOS87xb7KRq7n31q7MVY6Vbx5b9fXmnuysNJxXkp5a6dvL5LmPfeida73sPU6N3/xdebufZLiNHSKavdV88LOnienmN5x+j2N76G/5c+Ecv+lc6fs1xPO1vE/8qfmzPEdN+b4Sw1PpCpQOiJZSL26IYPEk38cKsKfsnxDUTE6i5TEes+kREfFxr4pYo7ETPwVVPvLLVTHotiaRhOH2i0ZhrpDmRcnIWGZNua9fw/g1rh9mKKZmrE536ZnviI2z5zme7OFHq9bXfr8I/bz/AIXe5myJGbXdK5rcNjbpG+eVwLZ58jb7eupuRNqIh30luaa5y64q5ZCAgICAgICAgICAgICAgICAgICAgrN5oy6jqGi93RPAAtcktIAF+s5eK2pqimqJno0uRmmYhxypqnT1HFEE0bWxYbGn4YccT3X6IOmIDFfpa2U2xfscuIuUz/5RKv1Nu5M9mfSWn1lM8ON2u16j1nQ+B8wrCNRanpVHrCHTZuY7M+kvlNU4AWup2Pub4nh+IdgIcMvtPUFyrromdqvjCRRRVEb0/D+GT+VBiu2mhbkGkYCdMWfSOTs9RrYarXFPSavi3mavysc7nSOxCLDcAYWNIbk0AZeC60XbdMYmqPWHGu3XVPZW+7tHIX/ky4EEZtdhOZFjYdYS7qLNO01xn3w4fc3JnMUz6S6JusAdpX+jSghpvK+HCL9HR5N3aEKqu37UxyRXEz4ROZ9FrYorzzTTMR5w6Yo6YICAgICAgICAgICAgICAgICAgICCNtL8k/8Aon5Lne/06vdLMdVDsoWhPK4+P3K8Zp+tc+afV3Khry12p6rBxA8AMlT3qd5zj0h2pSo3Em9zl+063lexKiz0w2wTOPWlMQIErzfUqRTEMJuzXOxB2ZABuBmTl5HNT9B7Nc1R/wDXO5vCXSWFUwXcTkfa5HQm1r+ycs1dcOq/7zPjHij3Y9hta9QiCAgICAgICAgICAgICAgICAgICAgj7RF4njTon5Lnd7E+5mOrX9kn1RHVrlkftXi9PnNUeafV3Kp46R7z19aqr8+3LtT0SIwoktyZYpYQX65KRHRhP2YPuMzf73U3RY5pc60qlLvpTbhozy1OWG5z5Z8irvhvN+M3xlwu9htS9ShiAgICAgICAgICAgICAgICAgICAgw1g9W/+ifkta+zPuZjq1XZUowkHVpNtctR9Z8+xeI00c1VU4T6pxCLFYuyz+vtuqnU7VS7UdEm1lD6t2GcrpSwgyOzXeIaptBJ2/Lw+Km6PriZx9fNpWm7NeTVA27/AAuMvMlXnDc/jJnHcj3ew2tenRBAQEBAQEBAQEBAQEBAQEBAQEBAQQttSYYHnnaw8SFH1VUU2apnwbU9Wn7LBwF2PU3tl1aWXktPOYqq80yrweaRshJIdbuw/XyVJfqpqq3hIiNkxwfe2K5Hco3s+DaGCVvXfwyW9MiBPrnz+CkUsJmzZOkDbyspuir5bjlcjZKhOCdpBvzJPhc+QVrpqotaunfOe9xr3obmvWIYgICAgICAgICAgICAgICAgICAgIKfeg+pt1uHOxPcVXcVq5dNU6Wo9qFJE0tjtYi4N9PL4rzNiZixt5z5JdXaR4qK7P2jzyHI+So6rkzWkxiIS3xACwGnko8VTO7KNO3W2vyXWmfFhAnGnl9+pd6WGagyIz0yUnTVYvQ0rjZOrG2cw5j3bk3tdW1yJpuW6s+EOEbxLco9B3BewQnpAQEBAQEBAQEBAQEBAQEBAQEBAQVm348UQH7Q+RVXxnP4Sp2sduFRWWawDMd681VVFFmIS8ZqV/GFrcjr29ipJpnOXeJZ2vJ7fh45LjMRDLzIxbRLCHPGV2plh9gGa6UVRFUTLExskz4nWcb4TYBuVwb5+Ktprm5NNX9s4iPflxxjMN1j0HcF7hXvSAgICAgICAgICAgICAgICAgICAgjbQZeM+B+Kh8Qt8+mrp8v8bt7c4qiWsbUnYRbEMhyz7c7aLwGprmqunHSIj1WdEbSq4wSMua4ziGVjRkWzIBzba+p1XGqmZnH6s5SHMB98DxWPu8d8T6mZ8GIhuYFr5Em3Ll8lpuMVY9rMNzryAzPlot7cTVkSKIMkwtBHtDK407vv9l5w3mu1UWp/N8Orhd2iZ8m2he8VwgICAgICAgICAgICAgICAgICAgIPj23BHXksTGYxI0Da2zyyc4mAMNi0gAd+dtV4DW6W5pa5pmJxmcT3THd/MLO1XFUPFK8Ru6Ja4WBey97a3tzDrDTn8VEm1zzTnfPTHX3fXR0mrZ9qOjIyTC+NkhwjG1zSR7twdOXUu2q0VyzExVTMR1pz4fNi3XFXelTyNaCSWiwOp6u77FW001TtEOso0AkjZG8slIdd5wsxRuLsm43AFzA0AG+QzzVtHDb1y3NyKJmO7x26z+vx7keblOcZebh1y8hzjkRe2Q0AGgF+XzKhxRMezTs6Zhfbr0LgTI4ED3cXPt7tPJel4LoLkXZv3IxERtnrOfr4oeouRjlhsq9QiCAgICAgICAgICAgICAgICAgICAgIPjmgixAI7ViYidpGOOnY32WtHcAPksRTEdIZzLzWUccrcEjQ4a2PI9fetL1ii9Ty1xmGaappnMILd3ab9DIAC1zhsNBh05KDTwfSUznl8+s/N0nUXJ71o0WyGisoiIjEOJhHUFkfUBAQEBAQEBAQEBAQEBAQEBAQEBAQEBAQEBAQEBAQEBAQEBAQEBAQEBB//Z', 'activo'),
(10, 'Guarana', 'Guarana 650ml', 7, 1.00, NULL, 'data:image/jpeg;base64,/9j/4AAQSkZJRgABAQAAAQABAAD/2wCEAAkGBxQTBhETERIQFhAWEBUVFRIWFRIZEhIRFRgcFxUZExsYHCggHBolGxgaIjEhJS8rLi4xGh8zODMtNygtLisBCgoKDg0OGxAQGy8lHyU1LS8rLy0tLS0tLy0tLS0tLS0tLS0tLS0tKy0tLS0tLS0tLS0tLS0tLS0tLS0tLS0tLf/AABEIAMIBAwMBEQACEQEDEQH/xAAbAAEBAAIDAQAAAAAAAAAAAAAABgQFAQMHAv/EADkQAAIBAgMFBgQDBwUAAAAAAAABAgMRBBIhBSIxQVEGE2FxgaEjMpGxweHwBxQVJFJz8SUzQkPC/8QAGgEBAAIDAQAAAAAAAAAAAAAAAAUGAgMEAf/EAC8RAQACAgEEAAUCBAcAAAAAAAABAgMRBAUSITETIkFRcWGhMjOR4QYUUmKBsfD/2gAMAwEAAhEDEQA/APcQAAAAAAAAAAAAAAAAAAAAAAAAAAAAAAAAAAAAAAAAAAAAAAAAAAAAAAAAAAAAAAAAAAAAAAAAAAAAAAAAAAAAAAAAAAAAGBtraHcbOnVcXLLbdXNtqK+5ry37KzZu42H42SKb9vLsZ+0/F968lPDxXRxm39cyI+edefULjh/wxx+3d7S68J+03GOulKOGcb6pQknbwec8jm3+rPN/hnjVrM1tL1fY+N77ZtOra2aN2uj5klS3dXalZ8Xwsk0+zNM2oAAAAAAAAAAAAAAAAAAAAAAAAAAAAAAAAGk7YqL2DUjKVlJwV+fzJu3XRN2XQ1Z691Jh1cLJ8PNW32eH1NmTz6yprS+9J8H5JkV/l7Qv1Or4Jr9XGE2TOU7wnSk+O7nei4v5Vp4nsce0vM3V8ERMTt7Z2HrRl2epqHCLkuN3xzJ+qaepKYY1WIUPnX7802+6gNrkAAAAAAAAAAAAAAAAAAAAAAAAAAAAAAAABi7TgngKl4qW5KydrOVtOPiCEpU2DJpOfdKSS0SckrdM3H29TCa7b65tRp2YDZCjJNKDkndNp2v5J39xFdPL5ptHtS7KpuOBhFpXisujv8rsn9EZtLMAAAAAAAAAAAAAAAAAAAAAAAAAAAAAAAAADGxstxLq/Zav9eIGHXlqvP8AEbe6dOHe+9Tx42OGnvtddV+J6MoAAAAAAAAAAAAAAAAAAAAAAAAAAAAAAAAcNgSeL2pOptCeR2px3U7K7txav4/gQfI59/iTWnpKY+LSuOJt7lpNsbSq99aNaa8lDTy0I7J1DP3aiUnxuJimu7VY1DadZS/3p8dflu/b9amq3UOR9JbrcPD77VFhtoTUYyzN21d0tVrf2ZI8bn5J1udojLxqbnSqw1dToRlHhJJr1J6l4tETCKtWazqXaZvAAAAAAAAAAAAAAAAAAAAAAAAAAAAAABqe0eL7vZkrO0pvJHzlx9rnHzcvw8U69z4dPFx9+T8eUxWmqdKytotXrq+JAZorWNJbHE3lNKsnjc1ROUb6pNrTzOTH27+b0mLY7Ri1T2+MRJd63DMo33U9dPHxPckV349M8UT2x3e252FjtUm7q/rb9XM+NaKXjaP52CfosdgvJVnT0y6Th5P5lblZ2+pYuHM13T+iv8iO6It/xLdkg5QAAAAAAAAAAAAAAAAAAAAAAAAAAAAABO9rYyaoW1SqOT81w+5F9T7u2sx9HfwZru207tV/Ck3zK9yL93lL8WvmIhMzqJK/u+BhWsz6TERafDq/ek7Nap8+plak/VsjHLM2fUUa6NczLnz0m1XoGwpZsVBpcKdr9V/ksXAv3zE/oqvKr2xP5UZMI8AAAAAAAAAAAAAAAAAAAAAAAAAAAAAAaLtZO2Ejx1lbRN/byOLmxujs4UbujdtVfgLLPnq2novDqVjJTz90/wASPM+E3jJxWO+HGVaM5pSVpZIvTReOvPp9N2KtrV1PiUlSbTin4k9sx6/Vu62Aw0YNurFKMsjytWjNXajZJ79la3HSxhPH5VvpGkdi5WePGtz/AO/Z0xowlP4bUoKUcsrK0k4Kej4t2km72stFwZ1cnjdmCJiPP1e1zXi3z/X6Lrs213kVzycuBIdMmO2Ij7IPm/X8qQl0cAAAAAAAAAAAAAAAAAAAAAAAAAAAAAAJnty3/DY2V956a9Opxc2Z7PDv6dETk8pTHRj3Nqk6UYuDto3VbhLLJtX1jpJ6WsktWR9+JW1ftKWw5b1vusTP/TCjU7qkqcJqnSd4SSfxIzdSVKU3PS1p5GrcVmubMfFpWd+5/dsvactu60bn9te9f0Y+Ep1nCKcGm+5k3vN0+6yqyp3vdVITk+GZTepsvlrT+JleccTM1n7/AL/2bKWzVTyzk2virKk3upttNa2uotxzW1VlbTWHydUree3HH5a6Wtk+VV9ml/O6Xtk4vm/00d/SdzMozm+K+VSTyLAAAAAAAAAAAAAAAAAAAAAAAAAAAAAAE92yf+nLW2r05PTn4HHzf5bt4H8xH4ujDMu9jdZ3vp7041Yzjk4XspVJSvwSj1ObHkrNdz9ErW14/g/p+GNXoQoUbudN1G8y72aTblZVGpcdVq7Wu+XIjsPNjNk7bRMV8+YZ3+LkjdI8vmrtKkqXxK8Ovd0PDlu3lfq3b0553yRHjDTc/ezXTgZ8k6v4/Y/iUsRCDy2i7uz89H52+5DThjFM+UjHHjDvc+Vh2WVsc/7f4k90mNSg+oT8qsJ5EgAAAAAAAAAAAAAAAAAAAAAAAAAAAAADRdrJRWCg5/Kqmul+MWuHqcfMvWtN29OzhVta+q+0jtnDwdJOnmjpayslb7+JXeRyKRO6bhNcSbRbtvqU/Vpy75SUrNLLraSy3vZ39THj8mcXqErqsxqf28PhUJNWlK65xilCLT/qs7vlpczyc68x48PYrWv92xwdRRlrFNXWtlolxt+uRy0yVjfdG2jPjm8eJV/Z7GQePglDLJxcdOel1f3Jrp3Jpa2ojUq/zMF60mZnelcTqKAAAAAAAAAAAAAAAAAAAAAAAAAAAAAAEv23mlQo3t87evBtK1vciuqT8kJLpsTN519k5jp/A0enRJ29CsZdTZMYKzFmmktPToNpGHzGSuJZal2U0lNXb49Dxhbcx6Umzatsdh/7i4Ra46askOBkiL0190Lya7pdeotqvuQAAAAAAAAAAAAAAAAAAAAAAAAAAAAAGj7W4XPs3Mr3hLNZK91zI7qWLvw7+zu6fl+Hl/KTxMF+5proVPJCcx2nv01T+X9cDCHb6fEY7x7Ms5l2x+daGP0YT6VOwqWbGUkuEbza8lp7tEt0rHNskfog+bfVZWKLWhHIAAAAAAAAAAAAAAAAAAAAAAAAAAAAADqxFJSoSi+Di19TXkr3UmGVZ7bRKAxKSwVrptXX0etyl8muvELJhmZvtps+hzRCS7XzCeplME1ZFGOaqlqYS1XntqtOysPiVPBRS9btlm6NT5ZlXuoW/hUZOI0AAAAAAAAAAAAAAAAAAAAAAAAAAAAAAfNR7j8jG3qXse3ltNudKd+OZ+pRc/jJK3ViK6ayd87PY07onw4iw9bDZzkq2nT6GnJMOXPETCv7Hzviq+nKH/osHQrzMWQPU6xEVVJYUSAAAAAAAAAAAAAAAAAAAAAAAAAAAAAAOJcDyfQ86lTjGdRJf85fRlH5uu+35Wakzatd/Zqa8VnOespGkzp021M9tnln7OXxDTkc2f0rOyE716657n01LJ0LXbaEF1KP4VOWBFAAAAAAAAAAAAAAAAAAAAAAAAAAAAAADHx1fJhJy6RdvPl7mrNkimObSzxV7rxCEqQy4ROXzybb46rkU7lVjti0+5WDHabX1HqPDTV3eZyU8JSsah11YZWtVdq9k+C5X8TdNfDKl+7xpk4KpaojRaGrNHyqfZc1R2nSm3ZVY93LXTNplf4epP8AAtGG1P8AcguRvLS0f6VgixIgPQAAAAAAAAAAAAAAAAAAAAAAAAAAAAA0PbJtbFbjykvy97Ef1LfwJ07unRE5oiUfQxTq4Rp6OKslfgl+epU+Rkm0xtPfBjDbcfVq53UtTGNTDviImHXN36mTKI0YWq++XmL18PclI1tSYyN9nLeatqvNGWK0xWPKFrEd8+F9h5XoxfWKfsXek7rCuWjVpdhm8AAAAAAAAAAAAAAAAAAAAAAAAAAAAAMPa2G7zZ1SHWOnmtV7o5+Vj78VqtuC/ZkizzKhU7vEv7f5KVbz7W+1fiUhh4+v/M6cH9zKkbh04ceqeWw2dhFKhc1WmduTPlmLMPEU8lf1PY3aHTS3dXy2FSs50YQ4OTjFRt/U7HuKs3yVq4prFO6z06nG0EuiS+hfKxqIhUpnc7fZk8AAAAAAAAAAAAAAAAAAAAAAAAAAAAAOGJHmna3YFeO1HKhTnOnJ3WVXytu7TRXuT060ZJmkbiVp6Z1DB8LtzTqYY+A7F4utbvXGjDm5LNP0in92j3j9MtM/N4ht5HWuPjjWL5p/Z27T2ZicHWywpzr0mlacIPR804q7XnwNPJ6XNbfL5acPLw8qN3mKz+rnZuxsTiKjk6LpxT/7Lxcn4XX5GinSs1ont8flnm53HwR21tv8KLY/ZiUcdCpWlHcd4wjd73Jt+HTyO/p/SrYr9+T2i+V1KMlJpSPftWE8iAAAAAAAAAAAAAAAAAAAAAAAAAAAAAAAA4sAsAsAsAsByAAAAAAAAAAAAAAAAAAAAAAAAAAAAAAAAAAAAAAAAAAAAAAAAAAAAAAAAAAAAAAAAAAAAAAAAAAAAAAAAAAAAAAAAAAAAA//2Q==', 'activo');
INSERT INTO `productos` (`id`, `nombre`, `descripcion`, `id_categoria`, `costo`, `fecha_vencimiento`, `imagen`, `estado`) VALUES
(11, 'Margarita Corona', 'Preparado Margarita Corona', 5, 10.00, NULL, 'data:image/jpeg;base64,/9j/4AAQSkZJRgABAQAAAQABAAD/2wCEAAkGBxMSEhUSExIQFRIWEhYWFRgSFhAVFxcWFRUXFxUVFRcaHSggGBolGxcVIjEiJSkrLi4uFx8zODMtNygtLisBCgoKDg0OGhAQGyslHyUvLS0tLS0tLS0tLS0yLS0tKy0tLS0tLS0rLS0tLS0tLS0tLS0tLS0tLS0tLS0tLS0tLf/AABEIAOEA4QMBEQACEQEDEQH/xAAcAAEAAgMBAQEAAAAAAAAAAAAABAUCAwYBBwj/xAA/EAACAQIEAggDBQYEBwAAAAAAAQIDEQQSITEFQQYTIlFhcYGRByOhMkJSscFicoKS4fAIorLRFSQzRFNjc//EABoBAQADAQEBAAAAAAAAAAAAAAABAgMEBQb/xAAyEQEAAgIBAgQDBwMFAQAAAAAAAQIDESEEEhMxQVEFMpEiYXGhseHwI8HRBhRCcoFS/9oADAMBAAIRAxEAPwD7iAAAAAAAAAAAAAAAAAAAAAAAAAAAAAAAAAAAAAAAAAAAAAAAAAAAAAAAAAAAAAAAAAAAAAAAAAAAAAAAAAAADTiZSt2bZm0lfZd79rkSQ5itjMfTu06NRL7s+y9H+JK2xn3Xj02v21n1b8F0qb0r4etSfglNeatuiYyR6omkwusNxOlP7M437no/Zl4mJRqUslD0AAAAAAAAAAAAAAAAAAAAAAAAAAAEPHYyFNOU5RikvvNLWWi39StrRHMpiNqN8aw7+1VhG+urWvvoYx1WGZ13R9W3gZP/AJlg8fRulnh/Mub092UnqcUT80fVMYr+0t2J6iqlCTg9G1qr25tdwnNhvx3R9UeHeOdSk8FrWapJ5opOzvdpW0T7+Rtjn0hnaF4aqAAAAAAAAAAAAAAAAAAAAAAAAAAMD4/8dq7nho0oyis1ZyabteFFZWkufbaJx/8AKZL+kPlvAsdi6SssRXir2cc2eCTTs2pKUbLL3a5lqcuXoemzfPSN+/lP5L1zXr5Wd3w3pdiqSdStRoVacFdyUXSlZPRXjnjme1moq+mmhxR8AwzePDmYn6tZ628V55XmA+JnCqzyVM1CV9q1O8b76yhdLXvsZZvhE4rzHbE69l8fWTMb3LueieGg4vExS+bfI46J073i0lprvc3+GYOyk2mNTMz+qOpyTae32dEeo5QAAAAAAAAAAAAAAAAAAAAAAAAAasVWUISm9oxb9lcD85/GupVqYyhh4pyyU4pW1vUk3Kenmy3fWmKfx5JrNrovDui2PpxU+rpPTZSlCWtuVsrdrbReh5M/Gemi0xzr39HVHRXmPOGX/EIRdSniKUoyUFeElZSSvKLjKDtK/e4q7S1VrHu9HPjUjJinj+ejzup/pz23hzXEqGDq26h141p1IxyTs49p2ck9dPBv+lc82rubffLXHqfJ+puieF6rC0ofsX8r7L2sef0lZrhrvz8/q3zzE5J0uDpZAAAAAAAAAAAAAAAAAAA0YptK69QNlKd0mgMwAAABB4xFygopXzTjfb7KeaX0VvUiZTD4PwnDTq8bxNatCcWnKUOshKN14Zkr2tbTTc8r4zn/AKEV3x66dHS01eZ0+gKV5O9u7VtLv8nqfP4e2tPsz/b9pely+dfFelCm6TbSlJNN6uyer8+XrLxPo/8ATWS+OmWtvued8TrF7UlVdBeC4etxTDKjVdenmlOcZQnTcVBdm/fffQ9bqLTfHbceeo+v7bcuOIrMa/H6P07TjZJLZaIziNDMkAAAAAAAAAAAAAAAAAAB5JX0Ai0Xlllez28wJYAAAAg4+pZPwj9Zf0X1M7+S1VH1Savo9XrvZrf15HmZ6zXFqfq6qzuyHSwWrzQ0zbrbf1VtfzPJ/wBpF/npGt63E69fbmNc+3u65yeXbLl+mXw46+t10sRSnHK1ChVVSla7V5KpBt9y+w1tue7j8DoMfh71v6y4Z78892m74V9BJYHF1Ks4ZfkuMfmxqq7qdrK1CLSSil2lzZ2eJF4ise+/7MLU7eZfWEaKgAAAAAAAAAAAAAAAAAAAANGKp3V+aAyw9TMvHmBtAAeMDlukXGo0ciazdZUezSaSahBq+6zW9zLXfEtPlcrRxFBqpiMJi6dCVRdY6eI+VBuCXN6RzVKlPNK0t5Jblu2Y4mDujzXUsbicPOnTmqE51K9OFJW1nTkoqpOUk1llF9ZLSLTUFte6rTp8UTuKotefd0zhTqXayytJxb5qUG1a/enf6mWbpseSe6axvjn148tLUvavESkYGCd5/i05bRb29bv1NMUedlbzPkmGygAAAAAAAAAAAAAAAAAAAADyUrK728SJnXmKOXGqcZPq81Xk+rV1/M7L6nHfrsUfLz+H+Ub35Mnxmqv+30v+NX9rfqY/7+0T8n58p1b2SsHxeE2otTpze0aitf8AdktH5XudGHq6ZJ15T7T/ADSN+6fN6PyOqZ4S4/imBjXp01NJpRi09N8rX6vTvseTfrfCiu49HZGLumVJPonQk31dWtRbbsk1UjFS6/NljLbWvKS1snCGjSsdOD4niy8d0b+/hnfDMejbxfhuKpqdZVo06UYwiupqVYKnSowy0m4tWdnOcmtbtU07xuehW0MLRKBwRVVi3XjGVO1PExqxSyRkpVIU8H1i+9VnNVal3rlktk0U6nJWmGffjX4px1mbw+oYKlkhGK2UUvYpir21iC07nbeaKgAAAAAAAAAAAAAAAAAAAeSlbV7ETOhyeLxjxLbbaw60hG9uss/ty8O5dx4PV9V4v/X0j3++fuTSndyzoVsrSSSj4LY446id69HRFYjyb09S0W5RMp1DDKatJXSaf+3qep0+GLxyzskcUx8cPSdSSnJLlBZpPyX97Hq1rvhlMvn3COO08U5qne0Kk0k2m1HM3BtJ92h8z8QpOPJOO0a9perjjdK3j1hcYeB5taQvMrXDyyno9PeaeUsL17mGEm61bK18uDvsu1UW8v4dNe/yO7p8l+oyamfsx+c/t+rLJWKV++XRpHsw5HoAAAAAAAAAAAAAAAAAAAAKXpNVbjCinbrZWl/81rNeui9Tg6+/2Ixx/wAv09f8I1uYhW1oq1layVrHz+e/dLsiukeNzliZVlZYRZkep02PxPJnNk+nO2jVorbW978z2aT4cdsq62rePUpyg+rUpSSbUU+dtLXdrmmLLXu5RaNxw/L/ABfF4ijiqjbrUKym7p56c43112Z60zjyx22iLR9/LGkWryueG/EniFK16saqWnzoRl9VZvbmzjyfBekv8sdv4S6I6nJHrt0EPjHXccssPST/ABQlNW9Hc4r/AOnuPsZPy/dpXrIiftV3/wCuj6GfEellyzr06crK6nDd+cmtN9E/e52YOhjBSK1qyzZu+2/R9Jw3SLNTVRRp1Lu3yZxe70euiVtdXzJmmp0zidp/C+NUcQ3GEu3H7UJWUlbS9ua8URNZg2sSEgAAAAAAAAAAAAAAAAAA53jD/wCZj+zQdv4pa/6UeL8QmfFj7qz+q2P50JpnizE7dMy3U435M0xx3TrTO0rWlg0vsu3ffvPocfS1x804Y7bKFJxleVmjWtJi+7Ts37M6kE9hbHWfJO0HiXR/D4lWr4ejVX7cU3tbfcjwOd/tK0ZJiNQ5Hifwc4bWu4xrUJf+men8s017HRiy5azxefwnlWdT6OU478CZxi5YPFZ3dZaeIio3X3vmR0v/AAnXHWXiPLbPtUVL4IcTds0sJFc/mTbXooalp6q0nahroNOi5Rp4+Srxi2oQo4iClKKbUc90rO25M5MlY3PMMovWba1y6H4L46viMdGVSrUlGFObs7WacXGz79bPU36itYw7iPZWkz4mn3w810gAAAAAAAAAAAAAAAAAApOOUfmUp/d7UJetpR/J+55nX493pb05if1/sVnVolrjRV+Z53hRvh0TKTTgkr25pe7OvBjiOdM7SkuR1Xya8lYgzGfiynT1Mt4iNPcxSc0x6p0RqEU6mZnRpsUjsrk2qyuXi0ocF8QnlcqmzjC8X3NQk7+6NMdt27WeWONuR/w9YZZ61R2zRpxivDM5Nu3oen1s6rWrPFze0vuB5zoAAAAAAAAAAAAAAAAAABGx+FVWDg9L7NbprVNepj1GGMtJpP8AJJhXYG+bJNWn/qt96PejzcNJ7+y8an+cwtF9wl8RWWCt+ONzvyVitNQrMo3WfoeVkv8Aa0vEs85buhL2M/H8ye7hDYnpqJjccpFImtYhDZCR00mESyzG3dCunI/EXCZ8LVmr3jRqXUVfN2Hp6as0wT/VhW8bq4X/AA9Qbq1pZXlVJJytom2uy336Xt4Ht9fxSrnxb8WX3I8t1AAAAAAAAAAAAAAAAAAAAYuJGhH4lG9N+Fn7MzyxusipzJt+GnrdnzuW/wDVleI4ZORbuHsJpsmLbnQ3zkb2mNpLk70hlBl6TyNkDem0NGNipRcWk00009mmrNPwLd/bMKvejmBp0aWSnCEIZnaMEoxWiWiR3RabRuURC2LJAAAAAAAAAAAAAAAAAAAAAY1I3TXeiJjcCjp0srlfdy9meBmwRXJMz6rRLGcLHPNdcJe2LRGhncvoepkxsboM6cfA2Rkb1lDTX2KTzaNIWODp5YJeB6dY1GkNxYAAAAAAAAAAAAAAAAAAAAAAKzidG3aWz38HyZw9Zh7q7ghBp1b6PdHj1t6WXZZkTM18gv3MncQMlMv3DOMjWt9oZORbuG/C0szu9kdnT49z3SjaxO5AAAAAAAAAAAAAAAAAAAAAAAAxlFNWexExsUPEuHyh2oar6rwfh4nkdZ0U/NjTtQzxmtm7aq589km9balbbZV4jayzRkvAvbqe3iUbZ0eJ300NKdTvg2m0cVm208zsxTNp4NrLB4dz8u89PB00zzKNranBJWR6UViI1CGRIAAAAAAAAAAAAAAAAAAAAAAAAADmuO9F3Vk50qjhJ7xkrwb8OcTz+p6CuXlEw42pwnFQlKLozlaW8NU/FI8nJ8It6QrzEs6fDsS2r0KmrtdppK7sVx/CbR5wncu24NwKUFerJN/hWy83zPa6fo4x+a3K9SO4egAAAAAAAAAAAAAAAAAAAAAAAAAAA8kwK2VNZnJSl6NP6PYDGdNpXzVbLW8pxilbvtyIlKww1TNFSundJ3WzvzRKG0AAAAAAAAAAAAAAAAAAAAAAAAAAAADGaumBz9BO91Nd+tlv3gbMSpTyxc45c15K18yS28r237hKV5BWCGQAAAAAAAAAAAAAAAAAAAAAAAAAAAAEXEVU7wW/O3jy89wKB4J5n2ai35wa8ANywzjZtO1le0lvz0sErnB4pS7N9UvdcmEJQAAAAAAAAAAAAAAAAAAAAAAAAAAY1KiSu3ZAQquNvot/r/QDXUlkha/ae75+RCUJ1Zfil9CQdSXfL6fXQJa6FRqXrfTfcIWtPiK0uvMITadRSV07oDIAAAAAAAAAAAAAAAAAAAAAAAApuIxqTqqMf+mlq9N9/wC/IhMNsKKpq/uwIlWrmdyRg34BLZGTtbTvCGqpEJeJcgJfBJPNNX7Nk/XnYKrkAAAAAAAAAAAAAAAAAAAAAAAAg4ylNPPDXvXev9wmFfVxGZtbP8LumvRkJaM9uRIyzgepvazuEPXTfMJYKDk7R1/d/WWyAuOHYTItd2FdpgAAAAAAAAAAAAAAAAAAAAAAAAA018LCf2op/p5MCNLhy5SlbxtL89SE7aXwx/8Ak/yRJNso8Od9akvRQQNtseGx5uUv3m/yBtLp0lHRJLyCGYAAAAAAAAAAAAAAAAAAAAAAAAAAAAAAAAAAAAAAAAAAAAAAAAAAAAAAAAAAAAAAAAAAAAAAAAAAAAAAAAA//9k=', 'inactivo'),
(12, 'Amor en Llamas', 'Preparado Amor en llamas', 5, 10.00, NULL, 'data:image/jpeg;base64,/9j/4AAQSkZJRgABAQAAAQABAAD/2wCEAAkGBxITEBUSEhIVFRUVFRcVFRUWGBcWFRUVFRUWFhUVFRYYHSggGBolHRUVITEhJSkrLi4uFx8zODMtNygtLisBCgoKDg0OGxAQGy0lICYtLS8uLS0tLS0tLS0tLS0tLS0tLS0vLS0tLS0tLS0tLS0tLS0tLS0tLS0tLS0tLS0tLf/AABEIASwAqAMBIgACEQEDEQH/xAAcAAABBQEBAQAAAAAAAAAAAAAFAAECBAYDBwj/xABGEAABBAAEAwUEBgcGBAcAAAABAAIDEQQSITEFQVEGEyJhcQeBkaEjMkJSwdEUFTOSseHwQ1NicoKyJDRj0hclc5OzwuL/xAAaAQACAwEBAAAAAAAAAAAAAAAABAECAwUG/8QAMREAAgIBAwMCBAUDBQAAAAAAAAECAxEEEiETMUFRYQUUInGBkaGx8CMyUjNCQ8HR/9oADAMBAAIRAxEAPwDxROr/AAbAtlcQ9xbQFVubUuM8OELgGvzg3yoiuR+Kp1I7tvktteMg4KSZdIyLFjMOgNX76VyBkl0xBbfhaW9QTm18jQXNRkBJ1ZwXD5JbLACB/iaLPQWdVWeCCQRRBojoRoQjIEHOULUmMJNBE8Jwgu3NKspxj3LRhKXYFUpZStPH2eb94q9HwOICiLWEtXBGy0szFKzhT4hRrXdHsfwFlHIKKz8LS1+U9aWkbY2ReCk6pQfIR4zMXFtucaFeIag6XWp0Q9qtcUlLn5juSSfeVTaiCxErLuTStWcTFEIonMkzPcCZG6UzRtD5n4KspyRgcJJJkAJJJJBAQ7IEfpGtfVOW/vEgD36qXbAAYjQUcgzAbZrIPpsh+GZl15p8ZHm8V68/5KmP6u4tztwU13ZhXkA5X11DSR8aXBbzAYvLhoGCsz2inVejWM8LfM5irXWOC4KpGKkjPQ+8UoxRlxoDVbbimKD8HKD9ZlAkWAbewjTqFleCxkzBvMkNF9XEAWq127ot47Bgb9XEbkH3Wq+Mwzmb63zW6PZaXWyy+VEnXptp6oD2o4PLDG1z2gNL8thwOpBP4FVru3S7lmuAVwtgu1oMJ0QTANoX1ROLGsbuVlflsbpxGIfiXQlVuH4pj9nBW5XsaCS7ZIOLG9ywVpVkONR5Z7HOijeI45HdA2qOMLZHRvGoztDh5Fw0TdEZQeWha5qawihidRfw/JUwNVtuKws7p9RtachGjQNgK2WX4BC2TExxu1a51EWRYAJ5eiYpt3Rb9Be6pwa9zoMG8weGFxaxxcZQwnerDngbDTnzVBewYbBxtjMPdxhjs1sYS08rJLaN6DXTbyXkuLPjPlp7hsim3fkyawcUkklsVEkkkgAvh+HtMeazmFGtK8Tsv5oj2k7OCEF8byWgXThR+I0SEQ/ry1CsTzue0se8uadwTaScp5ymMfT6GGdutvwtsrsPGBHma2iCBqCGgb10AVI8Mh+4PmiuDxr42hjDTRWlA7AAb+QCvqJ9SKSJokq5ZayU+LhzMM9hjygkEnmTmb+QQTs8bxUZ/wCpH/uatRj8Q6ZmSQ230rmDuPNoVDBcOjieHsFEEEWSRbTY39FWqWyDT7hdJTllLBt5cpc7xt3N6VvoRp5Cves12/N4OOiHD9IGovfu33v5kn3ppsW5zi69zZrQaoJ2lxb3hkRPgbbq5Zidz/XMqlSe5FXHIJIOQAaLnH3exBJ96vYOIOoFFoOEAag/Jbu1R4Zoq3LsBcG8scMt1ex5IzxWy0Veo1VbFQgPA80XkhBaFjOaypG0IPGDKxObt3Qvz9L329yu4aIZcwFeJmh0oh7StB+rWnUEhNLhmggDmQPmh3p9gVLXchxsfROcdg1xHqRQ233Wa7Kf87D/AJz/ALHLVY3A941zc5aC0NqiQ2q1Fny+ao8F4CIZ2SmQuyG6y1ehG9nqrUSSg8+TDUPMlg3MDALdlIJu/XnetfAdbXj+I+sV6t+sWUfC6yPVY53ZIOJInPvjH/eihqDeWYSXoZYpgrfFsF3Mro82bLWtVuAdrPVUwU4nnkoStMmBSQAb/WjOp+Ck3icfU/AoAD6pwVn0Yl97NG3iUX3/AJO/JSHE4vvj5/ks3ag4qOig3GoPFY/vhQdxOP74WWKZW+XiG8054iz7w+KqY6bvKINoGrGHnygjqjopcotCfPIWwLqK0kM4DdVmcCwucytyaWp7Q8Gfh4myOGh0Pkkb5xU1Fvlj1MW4t+hnsTj2ZiXAg3ppoiQ4tGWAUSRvQLj60ELbM129FW2SxgeGh5BXlFY7EKTCUfEA0NJvKdrFEevRKeYOLQOZCFHFh9taSa36Bcn4kwtzjXKQQDtqRoqKrn3JdnqauFvXX+KsGAVYB+f8aXnM2KMri99WeXIeiUbvM/FbqjC5YjOeXk9GbAfP4WpRsN7/AC/mvORiHcnu/eP5pzi3j7b/AN52vzU9D3K7ix2qP/Fyjpk/+NiEWpyPJJJJJO5OpPvXNMxWEkUJtTJ2JIAKNZ5BSDB90J2v0UMXiMrCRV8r9Vjy2XJ92PuhVZWDoE8GLc4lpGwB5g6ppXqeU+QKctDkuWnRNiDZTt2WyXBHkdtdFYijaVwVjC7qJEpG09mPAzicc1teBlPceQrZez9v+BsfgJBWzT5ql7IOz4gwneuHjl1PkOQWm7YuAwM5O3dlcm7TwvrnfJcr+322+fxf6YGY2ONkYL8fxPmTAxtaaoe8Wiz5aGjmakmmtoi6/JUjAM1BWo8OBztbOWTfCXgrOYA01z39VnuL4m/ANhqfM8gjvFpqbQ6LJP3TOnjl7mK3z8I0nZ/hzJInFwsh3wGUFFYeBxFxFctFS4NxBkMRa4OJdroBVEZevkivD+LsfLlAdbrAsCtGuJ59AoscsvAuig7gsYNZefy0RPD8KhBI7ph0FW0HcjqFbmj5rNdo+Oua58MVtOzn7EAUabWxsbqi3SeEW7Bt/CYNfoY+f2G+fkofquD+5j/cb1PkqzopMv1n7fed+aGvkk/vHfEq/Sl/kRvQYPDYAf2TP3Qko8FDiy3Ek5jqTeg9UllJtPGS3cCdwWktIojkqXFYiaRXHE53E8gNfcL+dofo/Uke8gaWtoSfDB+hwwLSC4k3YFG+nqpyjREOK8P7khpsODI37UKfG2T5Zq9yovB0FanYeqtuzyQipHGOa4VqrmNw5iNPFHpYJ+RQ58nRaQ5CTwdXFGuyrGzYqKIjQuA9etrOhaj2ekDHRuP2Vd0uxbV3JrsxJZPqrhkQbCxo2DQPks37VsX3fCcQeoDR/qcAifBOIh1NPuQD2wNDsAIzs+QfIErmU3wlpNv+OItfikaquSv5+58/YbiY+1oQrB4sOXyUH8CberjSvQ8NjjFgfmtHKvwaJTAXFpHANLt3Wa6Db8UJfst3jeHwT4cgEd6wmyD4mk/Ua4fdIF+8rCOGnuTGmsjNNLuhe6LTNVi8GfBlaB4AaHm+Qcz5Ks9ksBzAZXA5bNaZ/AdOtOK2PH8LlfGAK+iHKtpZggfakav/APVb/vC3jFOORTqPdgbB8SeZmsc+w7llb9blqBazXFZ2yYlzmmw5wrzBrkj3Dm1iR/kJ9DdLZcfZ/wCVgVplgr3zgaJNWqFiWO424fRuLvCux+JxTS6NrWtJrM8loO9kCjYBFGuZQ/tP2BxOGaX+CRtE2y8xqrGQi71v0BXrvBME04CGy2+6FWXBtkcwCOpvqVn+IcLhy3JLFHOXOIMT5CXRgFx7xoJB+1biKDfRMy+lZRhHk8Fn4y6MNjYcou3OFF2rjo29BoEl3xnDnSRNLYz9d1SBoDXC3CgTuLv4JlV7M8lkx+Kzg5yCDY3G11rSr8Cw+EcAZZHB+YWK0HiOXXKdCKs38Fzr6F1+aDsdRvoqwh9LimXb5ybv2i4PDhweJMr+6jyNA0d9FH4RQ2FnXzO6xcmONgt0I2PNRnnfNJme7M51CzyAFAeQARjAcOYKGXM4kDXWyegRxVFKXJrRRO9vaZ97ySSSSTuSbJ9SmC1uN4Swte1wyyMcWkVRBaSHA+YIqllJGFpIO40WlV0bFwGo0s6cZ5TGR3s07IS/3IG1pJobnRanC4Ixxhp33K7nwjTO27djhI5Wst2Qx5Z6z2S48HZddRS6e3bHPZg8O+M1cuvMEFh0K814HLK2UGNr3ZfE4NBdTRu41sPNeudpuFfrTgpZFrI0B8fm5muX3iwuT8X+FrS3ucV9MsZ+6ef2z+R0NNq+vBN91x+aPCou0bTpIwg9W6j4HUfNWIuKQbmT3EO/JZWWMgkEEEGiDuCNwVBLPS1vsX6813L+MxpMxkjJGlWNLHn5Km7X3pgktoxUVhGTk28nqvb3Gt72B0L2uacMxwc0hw1mnNAhZPjUz3OLHG6maL5mn6ElZqCdzDbTXXofUIq3G94Ld9YyMc71zWT71RRlHjwU2ruFuGA/pItpFRuGul04H8Vt+0orh0QHOPCfPENQHGPJnjtrm+CUjMRrrF0R3tDI04SCIOBf3WFfXQMkbI6+mgPxSDf9RN+37jf/ABYRp+Bdq5YIiwsEkbRQH1ctknVwB310PRZrj/tAfigYcNh2xNpwfI2nNeHWws1aADz5+qA43tc6ON8QlIa767GbGxVOd0I5bFZibtG5xAaO7ZdFwFkf15JxTnLshdVpd2bHCcTZBhBC8eIBwLi8gZXSSvIyNrN+03JOxSRv2a8GwZwU+JxIjc9rrEsupjyukHhLjQ0bdj8Eklc3GXOWbQUWuDyaPFxmEh58euwPXTlSGTyWdNguZTLpxgk8mDZ0hflcD0KPwTgiws4iHDWHe/cs74JrI7oLnCe3HcOib5rO8QYQ8kigTojsY2XfjGEMYdDLHleDrf1mnpaVqnskdPWVdWGM8lv2e9m+/aZiQPEWtLh4WgDV4H2jZochR1XomD7H4USBz5HyAG8hoNPrQuvK14xw3i00ILI5HNp1iia89Eaw/arFf3rvku0vit1NfTrWF7efc8tLSQc3OXL/AG9j6D4W3Dwio2Rxg7hjQ2/Wt1b4Y3CwFxipgcbc0E5b6hp0b7qXzy/tHib/AG7z6E0k7j+IP9tJ+8VybNXZJtrz7jCsiljA/tbwVcRmmjhfHFI4EOIGVz68bgQTVnWjR3WJpFuO8UfLTXPc6jepJ/ig9rbT7umt3f2LTkm8ocpJJwVsVGK64SQNka5wzNDgXC6sA6gFc0Q4Bwr9InEZOVgBfK/7kbfrO9dQAOrgonJRi3LsTFNvCNbhhGR3wBa0NPic8uFWLAvzA9+iJ8K4W+d8DpLZA+bDtDNc80ckzGEuI+q0tJoDr7yT7NS4aTFF+JYTDhw0RxUC0yN/ZsdZ1DAASObnWi/bPtd39Njzsa0gty6EEbEka/kkKodpy/Lvwa22JLZEXt6wccfC4Y4GMYyPEMLmsytDR3cjWjKNzbl4ZgIDLIyJtZpHNjB6F5ofMrU8XxbpLa+SR4uyHucRfWiUG7og23Qg2C00QeoI2K6G+PArHdzku9o8Q5uJlgLqax5YBZrQk3vuST8UkKmaSSTZJNknUk9STuUlSWHJteS8G4xSfgEhxU7XNdImkkAc1oBOGIuNAItFhu7A1u/4rpgsOGihvzKKQ4exRGiSuu8eB/Tw2Pd5KUcieRxca1JOnUq1Fwp73UwEcqF6+q1HD+ywblc6swGoA0Gt7nf1SN2prq5bOl1srBh8P2XxD3kUGkHmd+lJM4XMDpG5wBokAkWvVH4BuQtI0O42v4J8NgWBtNaGjy2Sj+MSfdCD00DyeaN7d2OHuKr4nFFvhrVeuv4NGbJaDQJ18tV4rjCe8ff33f7iuhoNRHUt8dhW+mNfYgTeqZMnXVMBJJJIAdbLAuGEwRJ/aS053WwLiZ6NvOfMjos9wHBd5KCRbWmyOvQLt2j4h3shANtbYHmftO95/BL2x6klDx3f/RrB7IuXk64DtO6NgZkzak3mqy4k/dPVSm7UOd/Zkf6v/wAoA3cHzVh0mthbbUY4yXJOOOP2PmPyXI8U/wAHwdX4Ko5RLVO1BgtHiX+E/EH8E6pUkp2oMFdEeGN3d7ghyIcOPJVs/tL1/wBwbwgRnCtQOOQ8tF3ZM8faXNsi2dGMsGv4ZiQw+RWow0rXLzjC8R5OWs4Hic7cwPkfVcTXaZr6jTKYffGL02+a54d4LnDpX808TrVSB3jcR94/LT8FzEs5LpFzGUI3OvZpPyXgXcPPLU6/Fe5cZkcIH5d8pA9TssfwjgT6zSyO20aD/ErtfB7lTCcn5wK6iG9ow44NiMocIXlrrIIGbY0dtveqxw7waLSCNwd165Fgq0D3jysfkrM3B4nwPDmNfI4DJK9rXPZXJpqvj1XTj8TTfK4F3RhdzxcsPQpNYdqWsxnD5In0WMP+gfgp4SEuNmNtDyTfzSxkr0ik8jDYah9eQfAcz+HxWdOq0navEd4M2QNosY0DWmtZW9DerPqsyCtKOVuKT74JtGoHmpOUW3YUnNWxQZIpimtSAnJkrSQQcSES4doPNDSruENAKlizE0r4kGGFSMqpRSruHpJxHFIjM5x2G3minZnjZglAfqxxp3+Ho70Q/vAq09X1tEq42RcJLhlG2nuR7Pg5AQqOHcct3vbvibQDsrxq8K+N5PeRtIBP2m6hp8+nuRuJ9MA6AfwXl7NPKqUov1HISzHJKbEk6HUJmPb0KrudZVvDwqUsLCIaO8bWnqisMLTGd/Trvfwr5qpDEj8ODBw+ffkdDodaHnuCmqoNi83gyeLwsB+s1yq9zA0EBh1RnERjUoLiR4tFlKUlxk1ismQ7dMYIG5GZfpB8MrljcBhjI8NHmT6AX/Xqtz23j/4Yno9p+dfis12UjuR56Mr94j/tXf0NjWmb+4pbDNqQNxLSHC/6pRfLr1RLjseU3WhKCWn63uimYTWJYOhemtRTrQoOmSSQBAqxGKAKr0uzdlEkXh3LbXKfeKux2icyLBxNsnXPZXVuUcrVVr6Cm1+oUNEphfhjbfpY9622GnJaOtLK8DisF3U18FpIBQXF1rUpY9B2tYRZik8WqLwSBAnt5q7hpSufJeUWayHYXrTwf8o6tdb10Om/qBqsXDMtLBjKwpBJHIczrpppVK9FnLz6GFkTP47EHYbod3ZVp+5SCW3M2SwZrtTBmwso6Nzfu+L8Fkey2neO65R8LP4heh4+IOa5p2II+Ipeb8HcWBzebXEH1FD8F3Ph880zh9v5+gvav6kWXe0MJMRPTX81lluD4mEHmKWJlZlcWnkSPgunpZcOJhqY8qQwSTBOmhYdMkkgBlIOTJkE5wTa5OXLlakCowTkssjtthNEDYHO6XXDnQK7gIblaTy1WE5YyMRjnBquHQBrQOgReMaKhh9grWfkvOXNykPxR3aV2iYuULVfwzEtJlho2lGX0IgDqQTqQRYvkPig2IcAReynFiiBYGg0PM0dsxvTmqqLaKyWSw5q4SGlKGWx+a54s1qqKAHCQrz7GYfu8TM3kX5x6O1/ja37isV24hp0cg0u2n+I/FdP4bLFjj6mV6xHd6EoH6LOcYgqQnrquQmd953xKTnk7kn11XerqcHnIlZapRxgqJwrIaOifIExkwKqSsGNJGQK5TJ0xQAyYqSiVIBHh4sIng/rKnwiEltq3CackbnltD9K+lGkw0miuxFCcI9EYnri2x5G0E4Sr8J0QiKREIptEnNYJaJTAuIC1eBwkDsK9xflc3Yddb0B5ELJmYLt+mmq5VW+m9qYWbe6yUnByXB3maATW1lV8QbC5OnvmubpFlh5LqIzisp22H0Tf8/4FaWWRZDtjPbWN87+A/muhoIvrRM9R/psy4UlEKYXpjkDhSUQpKAHSTJ0AU0ydMrAMmTlIFSBquFxhsYHOlKfC2Q5mpHIIVgsTZAR/DzgBc21Si8nSqkmuCEBI3BCIxSK3hoxI2q9yoYuPunVyOyRmtw1jjJdZIuzJUMjmVpkiWlAEy+yRdM6pNkUu9WLgWLReoOlVYyqvLiFMa8ko7zzoRx/Cg4QyOb4swLT0BIHwIv5LvHcjw0bfaPQc1Z7U49owzm6atyNHyHw3XQ01bjJMyuxsZ5+FMKKddw4o6kEwToASSSSgCoknSVgGKipqJQBKKUtNhGsPjWuG9fgfNASmCpOtSNIWOJtsJxfLv8AJVuLcba9zQ3ld+qHYJtttdP0IOPRJuuClyPKyTRZgx46q7HjR1QHGYBzNjfQc0sNgp3GgPiqyog1nJKsecYNK3GKRxYVLDcAmI1lAPQC/wAVR4xw/EQiyczdrA2J2sJdUQk8Jo1cmllphWTGjquMcpkdlYLPM8gOpKH4bhMhGaV9D7o3955K/Hjo4RlGg+Z8/NadGK7cshW+vAVdMzDxHW+bncyf65LF8RxzpX5nejR90dP5rpxPiTpT0aNh+JVFOUU7Fl9xG+7c8LsOFIKIUgUwLEkkycIAdJMkgCskEkgpAlSi4J1o+yfZGbGSBuV7IyHEy925zRlaXZdNC41QFqUmyspqKyzMkJsq9PZ7MGGGQjFN7xjnD/p0w1eYEvII8QIbXne2N4l2VxUM5gMTnPDi2mgusjk2vre5XlVJd0Yw1Vc+zOeDlGQfBXYpNFSn4BjYXBr8PKwu2a5jgXegI1Xc8Gx0bS9+Fmazm4xvAHvIpKz08mPQ1UPUtYWi/VGY3AbIN2Zwz8RO2Fuhc4Nsg02zVuoGgtjB2f7nFtixBJYReZoeBbmZmAkstmpaDbbGuiw+Wsk+Eay11Na5YOw2IrdPxPiDO6cXEaNPx5Il2p7OO7p8+GcxrIwA9uZzyH5WZ2teBlNF43dZokWBawXA+Cz43ENiBdTnZS8hxY3c60PLQcypfw+SlyVj8VrnDMf1KMnFpSN69FSLydTqVvZ/ZwTNDHFKXNka5xe6NzS3IXggsFmz3Zyjc2Nleh9mcTswbiST3Ykjb3dPfYfuzPY1YNsx8bdE/HTNdkc2WvrfdnmoKktd2P7IMxU0jJZTGGDTwjxG6OriAK3I3IGgUOMdh5sPKwOLTG9xHeMzOa3K7K7NoCKIPLlop6Uifmq84yZQJ7Wr7ZdkBg3R5JDI2QEh+UNBpxBohzgdgdDzF0dFq4/Z1h8Ph5JMS+R5LA5jmMeGt8JN/VcHAkx/WLdM3MCxVSzgh6qtR3HlVp8yliWgPIG16Lms2sDEXlZJWko2kgk4pJJ1IHfAxgyNB2JFr2PHvIkxZbiHQnCPbHhoWODWlgcWkBvkANvfuvGIpMrgehW7f7S3nNeHgIkoy2wHvCNQXHe7JOnVb0yUe5z9bTOxrab7G8XxEU/ftt0TIIDJE0lrQZYWZS1o+qA8Db05rlDiMQ3DztxErw79JijkdZcYmPD84aeXO63y0sVN7VZs2ZkcbbDQfo26tYKa0mrIFCrvYdFWf7TpzdsjpxuQd2ypSdzIK8fv56rfqw9UIfK3Y7Pz6efxPRuEMyzSQRSOax+Hke5rZRL3T2OORzZB94NZ/wC4R5IHwp5dJB3c07Zre+YvcO6MLHEuyNq3+FpBGtm+Sy2H9ocjXDuIIo2g29rG012hH0hOpFOOl89F1PtHNNy4eEOjsQuDNY8xt2QHSydbOoJNUo6sfUn5W1f7QlwfGBrOISYYujuWENyEghrnS+EV7lrIMVI3A4giWXPcRsztlI1fdFgGVeW8A7TyxGYljHNkAL2SNDmktJIpvUWfijcPtCyxuDYIG5qD2iJuV9bXpyVVdD1L2aW/wn2x49DZt4lKJ24WQvDmDEd6bNTN/R3GJ7/vHK1ovyB5oD2MxhighIeWNdxHxm8oLA2G83lRKF432iPLg5rWPcYwC90TA5jntIkja7csGZwB6FDcL2wEbXhsMTo3ymTu5WiTI4gAuBrY0NtlHVhlclo6a5J8P9D0XCzzRjDGXEAh2ImzOEoc0s7uMMa9wNaUN9kJiweJhDp5JmvxE57uB/ehwZGD43mS6B0DRrtmWdPtCtjYjBhsuYkfRUxpdQJrLf2RrR2Tye02QsDRDE0saWxkMb9GCbOTStfxWnVh6mXy1yTW1/zHv9zYTySuggfg3FkmIxEjnMYcoEoZEHsIHIuaSB0eF1w+PxGJxUbnudFBNDiGBhc4tAZBIHuIO4D736eSxX/idKB4IYm+LOA2NtCQ7vBIsOTs9qeIu3MjOhb+zZo131mjTRp3I8yjqQ9UC013fD/T/wB+/wDEbLhmIbLiGRua0xhwfhG20lhg8JaQToXNbetW5rTzUOHYdkeIa58pkkfMRHPHMcrnk02OeIjOGk1ZG4PNY0e0mQG2wxDLlMXgH0RaKthPXTe9Ra5P9oBNyDDxNmP9sGkPs/aAvKHf4gLR1YepC0t3H0/sZntCT+kPtoacxsN235Uhq64qcveXHcrkkpvMmzt0xca1F+gk6ZJVNDkkkkpASRSSQBGk1KaakAXosMAwE6ZhfzP4J5cCcoeGuA61v6K1BGHYdt/ZD69xB/8AsVdwo+jAs0S5pB10a0OHvspdza/M1UUwbBA88sw2IJ38t7+C5Pwxs5WuFAkg66Dc7Dktlw9vdYZ87NH5+7/0ObLmb1FhlaEaOd1Qo8Rkkb3biDnu3ZW56H2M1fV0CorXk0VWTO5uq6ZNNRp1RThju7cXgAllEA7HXnWvworRcY4ZG6eNmoDsOZXEHVzi4WHHmD0Uu36tpEq9qyYURnesw805iFDTU/1SsRMAe4DYF1D0KJYHBskxGHjcPC94zVoSLFha7+cGW3jJnk4XTEylz3PNW5znGtBbiSaHTVcgtCg6dMEkAOkkkgBk6SSAP//Z', 'inactivo'),
(13, 'Algarrobina', 'Preparado Algarrobina', 5, 10.00, NULL, 'https://encrypted-tbn0.gstatic.com/images?q=tbn:ANd9GcQ0ler4FMiq25YGbotn-HQeQvy33o2h3lai-Q&s', 'inactivo'),
(14, 'Red Label', 'Hielo + Guaraná', 6, 45.00, NULL, 'data:image/jpeg;base64,/9j/4AAQSkZJRgABAQAAAQABAAD/2wCEAAkGBxMSEhUTEhMVFhUXFxgWFhgXFxUWEhYVGhsYFhgYGBoaHCghGBolGxcXIjEhJSkrLi4vFx8zODMtNygwLisBCgoKDg0OGxAQGy0mHyUvLS0tLS8vLy0tLS0vLy0tLS0tLS0tLS0tLS0tLS0tLS0tLS0tLS8vLS0tLS0tLS0tLf/AABEIAOEA4QMBEQACEQEDEQH/xAAcAAEAAgMBAQEAAAAAAAAAAAAABAUDBgcCCAH/xABREAACAQIDAwcGCAsFBQkAAAABAgADEQQSIQUxQQYTIlFhcbEHMjNygZEjUnOhsrPBwhQkNUJTYoKDkqLwJVR0hNIXQ0RjkxYmNGSj0dPx8v/EABsBAQACAwEBAAAAAAAAAAAAAAADBQECBAYH/8QAOBEAAgECAwQHBwQBBQEAAAAAAAECAxEEITESMkFRBRMiYXGBsRQzNJGh0fAjUsHh8SRCQ2KSFf/aAAwDAQACEQMRAD8A7jAEAQBAEAQBAEAQBAEAQBAEAQBAEAQBAEAQBAEAQBAEAQBAEAQBAEAQBAEAQBAEAQBAEAQBAEAQBAEAQBAEAQBAEAQBAEAQBAEAQBAEAQBAEAQBAEAQBAEAQBAEAQBAEAQBAEAQBAEAQBAEAQBAEAQBAEAQBAKrlFygw+BpGriHyj81Rq7n4qLxPzDiRNZSUVdk1GhOtLZgjhnK/wAoeKxzFEJo0NbIhIZhu+EYed3buw2vOSdZyPS4Po2nSzlm/wA0KDCbZxNKwp4isluC1HA9wM1UnzLB4alLein5Fxh+X20k83FufWCP9NTNuskuJBLozDS1gvqvQtML5VdpKLk0qgG8tT8chFpnrpHLLojDN8V5/cssN5ZcSPSYai3qs6eOab9e+RDLoOH+2T9fsWeG8tNP/eYR19Sor+KrMqvzRzz6Fkt2f0/yb5yT5SU9oUOfpK6qHKEOFDXABPmk6dISaElJXRVYihKhPYkXU2IBAEAQBAEAQBAEAQBAEAQBAEAQBAEAQBAMGOrFKbuN6ozC+64BMMzFXdj5b2ttSti6hrYioXc8TuA4KoGir2CV05N5s9vh8PClDZgiIg1miOmMczJabktj0lJm0UEnqAJPzTDNZNJZux0/k7hcN+BohVLsg51bjOx4jKdc1wN46uq8jd7nk8XKr17km8nk/sc52vSRa9VafmB2C7zYX0Guvvm6eR6XCuUqUXPWxDZJsieUDufkRH9nt8u/0UnXQ3Tx3S6tiX4I6BJisMeIq5FLdX/1NZyUY3ZmKu7FINs1STZU03ecftnJ7W+RO6KRZbNxTOOmBfsuPEmTUq227WI5wsTZORiAIAgCAIAgCAIAgCAIAgCAIAgEXanoavyb/RMw9DaG8j5VQaSueh9Cisj0gka1N0jJaSm9j1TbKb2Bt1i4g0nBSVmWB27U3ZU6tzXsNeLRmcD6Op8GyLi8Zzg82xvfS1vC498Mmo4fq3e9yMJg7DuPkV/J7fLv9FJ2UN08V0zb2p25I36TFUQNuvai37I/mEgxLtSZLR30apjMSxZRlW1xZmAPV5olW8tTuVjZsEpBTpE3uOGuhP2Trw+U0ctRpxZaSwOYQBAEAQBAEAQBAEAQBAEAQBAEAjbS9DU9R/omYehtDeR8sKNJXPQ+jRWQEjWpk/byZC4vBrdvQtsLybxLrmNIonx6pFKnbrzOQD7Jq5I5p4qlF22rvks39DI2zMNT9Nis5+Lh0L/+pUyr7s0xdvREcq1eS7ELLnLL6ZsjVNoUE0o4VSfjV2as3flGVAf2TM7DerOScKs9+bfcsl9zsnkbxLVMAzPa/PuNFVQAFSwAUACdlCKULI870hBQrWXJG9SY4iv2/TzUGBva6k232DAm3ukGJX6TJaLtNGtYmylRTsu7RtfAGVU5W0O2K5lxs+l8KjFbGx80nJax3jidZ1Ye/WIgq7rL2WRyCAIAgCAIAgCAIAgCAIAgCAIAgEfaHoqnqN4GYehtDeR8sgaSu4H0lLIz4TCZ8xLpTRbZnckKLnQaAlmNjYAX0PVI+JyYrEKlZWu3wLCl+A09/PYlvZQo/ec/yzftMgg8TU5RX/p/YlJyhdNMPTpUB100Bqe2o+ZvcRGzzOlYGE/eycvF2XyVkQnNWuwLMzsTYMzFjffbMx+a8zax0fpUIuySXcH2UwPTZUF7Ek7tQCbcbXv22Nr2MXOOeIjJdlN/n5/JHrpRCkBmZtLEebfUMDe2m4g67+E2RySdS97WR2PyKfk9vl6ngk66O6ec6Tf6/kjf5KV5Wcpa2TDVG9X52UfbI60HODiuJtCag9plDS2eWVHLecAbW3X165xewc5fQn9r5ItadcJWo0zqXzAHcNELa69Ump4dwmpXI5VlJWsXk6yIQBAEAQBAEAQBAEAQBAEAQBAEAwY/0VT1G8DMPQ2hvI+XaNIsQqi5NgP64DtldwPo86kacHOWiMWNxAboIb00Bsd2dyRmqe3cOpQON5lKxUQ2pydSer/LGbZlGmwYuxUKV3cQc3Gx1uF4HeeqbM6XUlGygr3LBMTSXzKZYgDV7HcbsbajKd1iNw36masnUast+VvAkDnqppLoq1agFMjcGz5bg3LDKWtvvYL2TUw3RpqbWbis/lfwz9Sf/wBmwtOu1ZiKtE5spOVXp2DLYlb9MLUUagggC17gLldU6Sc5QVJdmXzT9Msn3kfbCYMNURD8GQjUjSUuysoZSjGow0YMCbM1io0vpMo5oLEtKUtc73y9OR03yMD8Qa36ep4JO2julP0jfrs+SN8kpwGuct8WBSWl+dUYG3HKhDE/xZB+1CNJvIsMPh7Io6lA9wtMhFJyprCi2Hr/AKKspPqMDTqH2I5P7Iixhu2ZtqsCLjUHd1TBIfsAQBAEAQBAEAQBAEAQBAEAQBAMGO9E/qN4GYehtDeR8uOOie1SPeJXo+kzjtQaK9OPYPtE2tmVLfA2bZGFwn4GazEc+jmyO9lfKUcKFA81kzjU3uotvtMSvc5J1a/XbEd1rgtOF/Jl03KGhSq1DhwzUnyMEUCgmZMyhXAUZ6ZRjmGUXIGptmmtuZinga1WCVR2avm83Z8u9PTMp8FiKq0wiWsrc4GKpmVuhqrsLpqtM6EbhMFrVpUZT2pvO1rX111S14mE0RcZmuADbL0ra7tbAX1Ol9/bBJw7EbfTh+IxVCoFguvWTc8dwGg4de6ZTOWpGWrZ2LyNf+Ab5d/BJ20d08v0n7/yRt22dqUsLRevWayILnrJ3BVHFibADrMkbSV2cEYuTsjjmH2liNoYpqzuy3ICIpIWmgPRUEWJPEniSdwsBV1sZO9o5FvSwNNK81c6Nh8IFUZixPWXe/jNJ4qcI5yIJUqbeSNb5VbPLKSj1R2CrUI9xYj5pwLpSpt22sieGFpSWaMfk35WtTcYHFuSCbYeo28H9Cx+if2eqXWFxaqZPU5MRherV46HUp2nEIAgCAIAgCAIAgCAIAgCAIAgGDHejf1G8DMPQ2hvI+X+A7pXcD6bDQrKa+d2D7RJeJRNWdibg1SwLZibjogAArpfpE6HeNx4Hshh7V8ifSxQHmqq9tszbgDq1+3+I9QtGyaEL7zb+noWGx9n1sW4pUhmYKWGZrAKthpfvUWmhLWxFLDx6yfF8FxMtbYVdGZaoWll3mo6Imu4gk9MHXzb7pi5qsdRkk4Ny7km3/XmR3oYdPOqNVPVSXKl/XqC59iR2iCdSrPSKXi7v5L7nW/JGynAtlTIOefTMW4JqSePundh77GbPNdJRca9pO+SNV8o2PqYusVB/F6F8o4PUsQ1Q9dtVHZc8ZV4rHxlLYjzO3CYLYjty1ZW8jsWlNc1tTK+vWcHkjvhS24m0nbpb+tJWTnOq7zYWEitCwwjVHUMMov5o01nVRotK6OSq6cJW5akDF4OhXBWtTUndcdFgesMJ10a9nZoxUpO14s2TkftZnDYes2erSGjnfVpbgx/XGgb2H86w9Dh66qx7ynr0tiXcbJOggEAQBAEAQBAEAQBAEAQBAEAw430b+q3gZhm0d5Hy+dw7pXcD6ZT0IIQlnVQSxGgAJJuy6ADeZuubKbFNQm/Et6XJ+qAGrsmHU/pmyOe6mL1D/DDmuGZye0ReSvJ933JVMYSn+lxB7hQpH35nPuWaNsnh7RLRKK+b+xuHJnH0cOUqjC1EvSAeqrmpTYZEqtmVzdFF16YsAewGa2K3FqpVTg5p2eS0erWVvQm+UnalCrhaIUFzUIqU3A6KKDla56zfLl69+4TJp0ZSnGq7u1smuf5qc3tMF6dc8mNXJsusw3ipVI78q2+eTzm4Yaclqk/Q87j4qeMjF8bFXtSkBTfTgZ4ujJ7SLpPaRDxWz1p0MHlFs1O57TlU3+eW2MjswUuZFhJtuS5H5SErDrLahtEqoUNoBYae3Q8JPGs0rJnHPCqUnJrU9UjfXffxM3g87mJxsrGLYNcjaVMjcSynuKkW9+U/siXOAm1Jd5XYyCcH3HUJdlMIAgCAIAgCAIAgCAIAgCAIBhxno39VvAwzaOqPmJKZYADflv7hc27ZW8D6TGSirs/KWLNNHFLMjsOm4NmyhlyopGqrxPWbcBrlZ5MrMXh1Os5y0ysiPS6+J3nie8zZkkYqKskXex9g18SWWklyoUsCVVgG1BAYi+hvNCCvi6VFJyeunI6Xs7PgimGTD50KPUouSq1CSwPNtmy3ZWqt1EqesEHB56paverKWeSa/n6fM0vZdZmxOTFM9JKjAlbOMO5LAPdBoVdS9nG4kHduyWlaEVR2qNm1xyuuWfdlkVm3tlNhqzU28296bbw9MnoMDx0+cGLHRQxCq01Ja8fE6FyFe2xsSepqx/kSSVFfCzXcyoxXxsfIx7US9Nu4zxVJ2ki1gedrp8Fgh/yvupLrpB/pQIcFvz8fuRaSSpR2tmfC4Zqh+DVn9UXA7z5o9pE6KdCc91ENSvCmu07EmoUp6VK9JCPzU+Hq9xC9FT3kyypYBrfdvqzjlWlUfYi33vJGPYO0aBxtBaVKpdqjXqVXGa3NubCmnRG7jeWeGowhJW4HNi6VVUpSm1wyX3eZ0+WRSiAIAgCAIAgCAIAgCAIAgCAYcZ6N/VbwMwzaO8j5owaaE2vZCLWudVOu6VvA+iVJJJJ816lfbR/V+8s2RpiFc9UV0mzNEjomyqv4M9DHgZsPXVErsPOoVVHNNc/oywJ100HELeK5Q1odYpYd70b2/7LX5mz8s9jirhqqixvmq0wSMwrIpqdC+8MocEcL3Gl7bIr8FXdOrF+T8Hl9Cu2FtLB1MHQpYipTSsiE0WqMVZOkwputQgWPRBsCN3VaZJ8RRrqrOUE7N52+qse+XeGpV8JzrVKXPUvNZWXLUBIBCgE79CBvBFt2pya4KU4VdlJ2Z+cjvyHi/3/ANWskl7iRnE/Gx8hi2vTPaPsnh4b5bRMXKjalDDU8GK72YJlZEAaqvQB1F7DUAanj2T0mIwrrQhG9ranFhpz2p7Eb3euiNabltTOlDDL2PXPOH/prZQfaZmlgadPgd8cLUqZ1J2XKOX11PVbaeKr6V6r5LgZfMpi+4ZFsOHETrSsbxo4eluRTfzfzZ7ohF0vm4AKN51t38O3WZMSnPW1i15PUGXH4YtTKAVWXXzs3Ns1mB1ByuP6Eloq00VuMqRnQkk76P62OvzuPPiAIAgCAIAgCAIAgCAIAgCAYcZ6N/VbwMw9DaO8j5nw17Hq5s5tL3XTw3+yV3A+i1LWXjl4kMDR/V+8sCsvU9UDpNmYsbnyH2qctbCP6Kqpa5VmVNysWC6hGBAJ3AgE6XmjKXpSgrxrrVP58vNHQNlCrTpLS6VenZQlWmaJ6A0yMXcZ9BbMFBsevWChquMpOWj5fiyOX8otl1adYg0qqUxkpU2dSEKoq01ObzdcubfxMyegw1aEqV1JN5t8+ehC2rgBQqtTDrUACkOnmNcA9E8RckXG+0yb0ajqw2mrdx0Pkd+Q8Z+/+rWSv3EinxXxsfI1nlbyl5lRRon4UqLt+jBHD9Y8Orf1Tz3R+C2m6s9OBY22nZ6epQcpFBXB2XNcC4FyW6K33anjLtEsnZGbZGEqkIUWnRRwzK7dJ2VFdmJVQzG6o4Ay6kEamDR1qavtNya4fLwWveT3wBBrJUqrztMrbM4COhU3y5rEt6Oy77HdpMWJo4hWjKMezK+izT/LmwLtSgvPJh6bstRbW1UKVDDOupbLYhrG1il9L6b7SRXvD1pqMqrSt+Wffw8zNsTaFR8fSLlEzVVzIupLAOAdblTqb2IG4Wm1OV5oixFCEMO9m7tx8WjrM7iiEAQBAEAQBAEAQBAEAQBAEAw4z0b+q3gZh6G0d5HzLh1udzEBCTl37ranq1ldwPotWajHVarXxIoPRf1fvLBms8kXvJXkzVxTC6utMj0llsN2oDEZxv3TEppFXjOkYUVaLTly/wAaHRtn4DB7KR6l3ZwoDvYs1r3C6DKlzbQ2JsN81zZRVa9fGyUXbuWn9kT/AGj4a/Ro1RcjM1qYNtxbRjcjTQibJE3/AMirxkvr9jXsZt38Lpmvi6dxTyU1RahWlVqli9iuU2Ap3zG+vQ3XmTsWF6map0pa3bds0tNe96GvbRxr16jVXtmY3NgAo6gANwA0g7KdKNOCjHQ6LyP/ACHjP3/1ayZ+4ZR4v46Pkcv5YUsuKY/HSm38oT7s4Oj5XoJcm19f7LNq0izxe0mw5wlVELkIRlBIvmQAHTXRiD22txnUo3IK8VUjZu2ZjXa1dgAzpRUVGrIFN6qM5NTokXZQWa+8edxtpmxvSoU9bOWVuSMtBgWNg1Rix6TE3a+gJG+5Jvqd9phosFFpaqK5IsjzmQMQQpJtYWG7Xdwtx7DNbGl6SbV8y35N4HJiqBZkDisBbNckDSwtodb/AMOkkpK00VuNxCnSkop2svU7FO884IAgCAIAgCAIAgCAIAgCAIBhxvo39VvAzD0NobyPmjBHQ6X6GnVcAkfNc9wMrXoe/wARwff9D1sDDq9RswuqqGI0sQHQWN9La8ZrN5EHSdSUKPZ1bsb3hOVgp0alVebVEbm0PSqGo9gbKvQ0sd5PAnqvHGnZ2PPexSc1B3u1d9y+ppm2OUGIxZBr1LgaqgGWmp3aAce03PbOhRSLijh6dDcXnxINNWNrAnMbLYecb2sOs3sPbFibrEr3ehZbXqBStBSCtEFSRuesdar92YBR+rTWCGhd3qPWX0XBfL1IF5gnOncjj/YeM/zH1ayZ+4ZQYr46Pkc95f07PQf41Mr/AAkH78qeipXhOPJ+v+CxruzTIfKuoVo4QhiCU4GxtlXqlrFEUmsr8z85P7PV6YdyqDnBmZiQTT3EKON2Nr9drHgdWSPEuLtHl9Tc9g7Fq3bm0ZlYdMsDSSxzdHW7BfN6Vtb79Jo5IgrYlSttPNacfPkbNT2SiKBVqaAZQlIcLFbFr9ROoI7pyTxtKPG/hn9SBdZN3ivN/Y8bPxyDEU6VKkqDnUBY9Ko1nG9tPC+u+T4ertzjkRYilJQblK/odJlsVIgCAIAgCAIAgCAIAgCAIAgGHG+jf1W8DMPQ2hvI+Z8IRla+/LoOvQjqN94/rdWs99W2nKKXMjUKxVKwH51MKe7nKbfdt7ZtxM4qCko34P8Ahkakxta5tvtwvuvabkDXEsNnUA79IkIoL1CN4prvt+sdFHayzBzVZuMctdF4/mZPw+LN3xRspS1Ogo81KhByBeyml29bITq0HO4rKkuOb71/b/krFaanWpGS8Gx0/kcf7Cxn+Y+rWTP3DKHFfGx8jS+XtAtQoFQSQ4Ww1PSU/aolF0VJKrNPl6Ms8WuwmWO0OQFSpTwYrVAvB1UXdVyXJ1I1uFBHbLLFYyGHhty46FXGUqjewtDcNl7Dw9ADJSUsoChmAJsAF8FG++4ShqdMTm+wvn9jfqnxZNxNQ2tfQbhuA7huE4qmIqVN53OilTjHREKu2g7xMQZ0RWpTbNb8dp/Lp9MT0mAfaicWLXYkddl8UQgCAIAgCAIAgCAIAgCAIAgGDHejf1G8DMPQ2hvI+Y6C31uRZDqOvKSBv42ldwPoNSVsu/8Akj0xdXA1OUWHEnOlhMmuIlaN+8ybL2bVrMq00Y5jYNlbINbXLAGwHE8Js2jjq16cE239yftE01PMYe7AWV23mtVBt0bf7sN5o47zc2sOeCk11lTXh3L78zFtFwMtJTdaQK3G5qh1qN2gsAo/VRYNYRe89X6cDxh8IzUqtUebS5sN3uxVR8x17O2DPWWnGPO/0MQaYJ7nUeR35Cxn7/6tZM/cspMR8bHyKvFVLUgw3hQQeINt46j2zydJtVMi9nCMoWkbDs1r4bBX+IfASfpb4eJWUlnU8izUzz0WYaMNYXNuvSdMO07G8XZXMGPo5GCg31GtiPZY8Z0Sh1crXub0KnWRvaxr2zm/HaXy9P6ay/wG9A58ZuS8DsU9AUAgCAIAgCAIAgCAIAgCAIAgGDH+iqeo3gZh6G0N5HzNg1NmIt5hBF9d15XPQ93XlG6T5mTk/ghVNQG9sqC4NmW9RNR22BHeRMTlsps5ukqzp01biy35RbbegHwtKuzh1y1rpSG+3RDKgJa2hJvvtv3YpR2ldo4MJh4ztVlG3LX7mt4WsVIZdCNx6ja1x2jeO0CTFjOKkrM/INJI3XkxsNcThzTRSL03qVHbTnK1qlOgqLfVKZzEk2u1uyRTlslXiKzp1bvmrLktX5v0NJDeySFk2dV5GH+wcZ+/+rWSv3LKSu/9bHyKfGN8B+yPCeUgv1D0Utw2LZjfi+C+TPgJL0r7iJV0l7wtlnnUaskYFLve1wN5O4d54cfmljgs6l7ZehBiJdi1yJtVhooC2D3DA3JHbw//ADJqsluq3HMmwqecs9NDS8JV/HqI/wDM0R76qS6wOsPIxi92Xh/B22ehPPiAIAgCAIAgCAIAgCAIAgCAYMf6Kp6jeBmHobQ3kfMOFBLKo/OGUi9r30t88r+B72rbZb5ZlpsAtSwuMrjeopqu7RucUkkHhcrNZLaeyVfSLVSpTh5mrq5JuTcnUk6knrMnsdcclZEhGmBc93mDRs2ryf7d5mutNj0WJC3Ol3ygr7SqEHrW355IiqxurldjqO1HaX5+fmhG5ebJOHxTsFIpVSaiG3Ru2rrfrDX06iIoz2om2FrbdNJ6o3XkV+QMZ/mPoLOr/ifmV9Z/6yPka5iq/wADb9UeE8zGHbPRyfYNp2W3wOC+TPhMdKe4RXUlvl0pnnTRo9VqzZQDonzE/bOyM5ypqLyj6sjjCKndZy9Curt5vadO7dEdTsgsmabQq/2hR/xdD65BPTYBbhy4vSXh/B3megPPCAIAgCAIAgCAIAgCAIAgCAR9oeiqeo3gZh6G0N5Hy1U3DuE4Ee/vmWmwcSho4ihUcItQJYk2A6a3IJ0uLIbG2gM0ndZoq+kISvGpFaFBiaQp1GQOrhSQGU3Vh1iTRd1c3hO8U2rBWmTa57zTBq2M/Vv4dhixq2uJ0HaPLSm+FQkipUIs9M9Fs2tySBlCjS2mvvnF7PLbdslzKlYSW21w5mw8lMTzmwsa1gvp7AbgObWd8Y7NFrxIJw2MVFeBouLr/B+z7JRwj2j0M32DcNl1vgsF8n92QdJr9I5qKupF6tSefsYcT1j6wa1twUC3V1/Pr7ZPUkpNbOiVjXD03G99bkatXUooIOZWspFrZTrr3G/vk0ZxlCz1WngSKnKM21o9fE0DB1r7Rof4yh9ek9LgVuHLjMnPwfofQ0vDz4gCAIAgCAIAgCAIAgCAIAgEfaPoqnqN4GYehtDeR8sVT0R3CcSPdp5kaoei/cPpLMkFd9kj0FLGygk9n9bu2bHI5pZsuamxGC5gVuEBILpfNYs28iyhe837DcYuQLEK9mSF2ASqkPvBLEgZVIv0QL3Y7urcesCLmjxOuRFGx3z5SyKM1gSdSt7ZrDhu3kXJAG+Gzb2hWuRsXhjTIvazXy9IMSumptpxEJ3MxqbR1bkQf+72NP8Aifq1kqX6bK6t8XHyOf4t/g/ZKSC7Rd1H2DcdmP8AB4H1Puzn6R92yPD6SL9LBh0CcxAuATa5tcm+gGknwcYuhG6WhVV5yVSSuTuZXdzb8NQKgHb+fOrq4/tXyRF1s+Z+/g6WJNN9Nded6+HwndMdVD9q+SM9dU5mncoqNOntDZvNoED4imWIDAsRiKQ1uTu+2dFFLaVjbblKMnJ8P4O3SyKwQBAEAQBAEAQBAEAQBAEAQCNtL0NT1G+iZh6G0d5HyrUbQdwnGj2qlmRqh6Ldw+ksyRVneJ4wdfISczr0SOgbE34HXzTxmTjkrokLXpDdmtra9Oifj23/ALv3troLrGrUvxs9HFJY6665fgKFj51r6afm37zvtq2TS0r/ANs/GrUyw1OW5ueZpXAzaEAccupHXM2FpfjZiqFNCpN+PRCi1h1HrzD2CMzZN8Tr/IUX5PY7uxX1Qki3GV1b4qPkc6xd8nslNC20XNTKJtuzaumDH/LH0JzY9fpy/OIw+jL5aCnUolzvOVb+EplXqxVlJ28WSShTvmkehh1+In8K/wDtNli63738zHV0+SIO3WKUwygL0lFwqg2PsnVhsVWlOzkzXqafI01cY77UwwdiQmKw+UaWUGrSJtbuE9Bg5OSi2VuLiouSXL+D6UlqUogCAIAgCAIAgCAIAgCAIAgEbaXoanqN9EzD0NobyPlZqYsNZwxlke7eHS4kWsLBu4eImbnLiI2ieXwTLqd2nz6zbaOanGM8rnoYPtP9aTXbJeohzH4F2/1190z1g9ng+LP0YHtjrDHs8ObAwpvbj7pttmJ0IxV7nZOQKlNgY3rH4SfdSBtN7bVJ+ZS1mli4tc0cmxteoRdswB3Eiy+w8ZwU4RWh21arerLfA18/MI1QLZOJfUW0FgLESKvtWezG/wAjalVpxttMsKjYeivRxCnjamjjsNuha85lSxM32ov5/wBmXjaK0sR8FyhpFiprMpJ6Pnm/VcBT4ySpgqqV0r/niaxx1O+aRdbXpVfwcuahsAGv8JlC9d2QW9sho4esp32X+eDJHjcO1bQ0lcZUaupp1XN6oyEMfj9G3zS2oxasn3HDiHGV3F3R9WyxKgQBAEAQBAEAQBAEAQBAEAQD8ZQRYi4OhB3EQCkqcj8Ad+Dw/spqPATTq4ckdXtuI/fL5shYjyd7McENhE1+K1RT/KwjqocjLx2Ies2Rv9l2yv7sf+tiP/kjq48gsdXWkvQ9r5Mtlj/hffVrnxqTHVQ5Gfb8R+9mQeTfZY/4Vf463+uOqhyMe3Yj97PQ8nezP7on8VT/AFTPVw5GPbcR+9j/AGd7M/uifxVP9UdXHkYeMrv/AHv5lxsvYeHw1I0aNJUpMSWTUqSwAN8xO8ATZJJWIZVJSe1J5kJuRuBKlDh1KkWKlnKkdVs26QrDUk7qOZmVab1ZGw/k92YjBlwVIEdhPiZM0nqaXZY0uTODU3XDUgexAJjYjyF2exyfwovahT6W/Tf39czsoxcwV+SWAcWfBYZrbr0aZI7ja8WBhwfIjZ1J1qU8HRVkbMhC+a2hzAHQG4GvYI2Ve5ttyStc2CZNRAEAQBAEAQBAEAQBAEAQBAEAQBAEAQBAEAQBAEAQBAEAQBAEAQBAEAQBAEAQBAEAQBAEAQBAEAQBAEAQBAEAQBAEAQBAEAQBAEAQBAEAQBAEAQBAEAQBAEAQBAEAQBAEAQBAEAQBAEAQBAEAQBAEAQBAEAQBAP/Z', 'activo'),
(15, 'Black Label', 'Hielo + 2 RedBull + 1 agua', 6, 100.00, NULL, 'data:image/jpeg;base64,/9j/4AAQSkZJRgABAQAAAQABAAD/2wCEAAkGBxMTEhUTExIVFhUXGRcWFxUWGBUaFhgWFxUXGBoaGhUYHyggGBslGxYZIjEiJSkrLi4uFyAzODMsNygtLisBCgoKDg0OGxAQGi8lHyUvMC01Mi0yLystLS0tMC0tLy0tLS4rLS8tLS8tLS0tNS03Li0tLS0tLS0tLS0tLS0tLf/AABEIAOEA4QMBIgACEQEDEQH/xAAcAAEAAgMBAQEAAAAAAAAAAAAABQYDBAcIAgH/xABREAACAQMCAgYDCggLCAIDAQABAgMABBESIQUxBgcTIkFRYXGRCCMyNXN0gaGysxQzQlJyk7HBFTRTVGKCkrTR0vAXJCVDY2SDooSjlKTTRP/EABsBAQACAwEBAAAAAAAAAAAAAAABAgMEBgUH/8QAMREAAgIBAwICCAYDAQAAAAAAAAECAxEEITESMgVxM0FRYZGh0fATI1KBweEVIrEU/9oADAMBAAIRAxEAPwDuNKUoBSlKAUpSgFQnSDj62+x0jbJZzhQCSB5eXmKm64v1wzJ+Hqzs6pDbAHBODJI7lVRcjvaVbfP5vgDVLM9OzwWjjO6LHP1kwKcG7tx6ipx9ZrNadY8LbiaFx6Mj6+X1V5+kvIi7lYdiSV1MSceGfT7az8NSWRJBFFlMHJxJjmq4BUjJ74OM8s1j/BaWetlutfpR62glDKrDkwBHqIzX3UX0WuO0s7diuk9kgZe73WVQrDu7bMCNttqlKzLgxilCar9x0rjyFgR58kLrXSsWo8gJHI7TPL3sPvUgsFKqQ6XSDvPDbhBpJK3QY4fTo2MYHe1rjJGdQqX4f0gikcRsHhlPKKYBWPPZWBKOcAkhWJGN8UBLUpSgFKUoBSojjfSeztBm5uYovHSzDWfUg7x+gVzzjvXvZx5FtDLOfBm97jP0nLf+ooDrVa1/fxQqXmlSNBzaRlVfaxrzVx3rn4nPkRuluvlEvex6XfJ+kYqh31/LM2uaWSVvzpGZ29rEmgPS3HuubhlvkI73DDbEK93l/KPgEelc1W+jfXHcX3Ebe2S3jhhkchskvIQFY7NsBy8q4JVu6pfjez+UP2GoD1rSlKAUpSgFKUoBSlKAUpSgFcA66FxxXBRpQbeNgi52JaRSTgHHwBXf65d1kdDnnvUuO37NGjWMqgyxZC7Ekk7bMBt+bQHHDwSMRdpLKsesAquHLjBkDKF5fmHJ5eXnOcL6TaSNFoSNIDOgYkYB+CoGAAWJyc/RVyPVUr4LXM5OkAfidgOQ3j/0ST41gn6tVgR2S4mBClhnRpOMc1ULmqOGe4lSxwdK6uh/w21OSdSayScnMjM5BPmNWD6qsdRnRnhhtrWG3JDGNApYDGo+LYPiTkn0k1t8Queyikk/MRn/ALKk/uq5BA3am+meH/8AyRHTJj/nyD4SHzjU7EflMGB2XDfXS6yiMEcQyjCWN4tAJYMjDLaRkldJIY4Ozb5Fb3RW17O1iU7sV1M3izHcsfSedVTptevDw579CglaWFlaTVoWEzBUQ6dwmh8sB4sx8aAxPwCIs0gnjy2hXVZo2DIiuoTSwXTs/PVnujyqf4JwiCezCviRmZ2kkGnPb6yWYOgAyH5EctI3JGapE/Se7RbjVw20ZrcAtJDcvEHPYC4PZKVDtpiOojOQPOrv0akkVLSSQnVdR6pEJ+DMymcYHhhe0U+elPKgNvgN5IrvaztqkjGqOQ85Ydhk/wBNSQGxz1IdixA++lPSe24fCJrlyqFgi6VZizlWYABRtsp3OBtWLpCNE9pMDgiURt/SWUdmFPo1OG9aiqN7o/4uh+dJ9zNQEPx7r9G4s7Qnnh52wP1aHf8AtCudcd6zOJ3WQ906IfyIfe1HoyneI9ZNVClAfrsSSSSSdyTzJ9dXnq76NFnF1cWMtxbKQulCu7Phd48627rahpGcheeapEMTOwVVLMxCqqglixOAABuST4V3LoRfDg1sIr90gml1MkSo8kzrsUMiJsHDagpJzjY8hgDkPSjhTW85BjMaSe+xKSTiJmOkEnfUuCpB3BU1EVaOnvFZZZI4ZZmlNupRmYggyFiXIxy20qRvuh9Zq9AKt3VL8b2fyh+w1VGrd1S/G9n8ofsNQHrWlKUApSlAKUpQClKUApSlAKgekKl5YEA2Gt29QwAPpyfZU9UXNHmQv6Ao9Qz+8n6qEMKa0uLrmNsc9DY9YGR+yszHc1+zx6kqxBKWVwJI0kHJ1Vh6iAa+eIW3axSRnk6Mn9pSP31E9FJ8K8B5xnI/Qckj2HUPoFT1VJRXeD8Z02luxjldmZIWWNdZjcnSS+Pgqp+EfDFVjrJRf4IuLSSRYjG0C63DFRAbmMJJhQWYBcKcD4Sn0VY7wtYzPPjNrKdUuP8AkyeMh/6TcyfyW1E5DEpEcd4nrlIlQPAyPIQREywwQnOsswOXlIJ0HUMRqCFJJoSU+e/s7kXMMd1BILiZxGFMgnDTRWlvD2YIBxpEuvwwMHIJrqrSK86AECK2zqbYKJWXs1QHlkIzZHhrX01z2BbIdnNHYQo3vDlgkUTRiaAzhhJFk93YEqFyTsfO0peWxsnjvIk0o4iaDswI2dCpVYkXJcF8Y5ktkc8CgJPj51z2sI3Jk7VvQsXfDerWqj+sKo3uj/i6H50n3M1Xvo/ZSF3urhdMsg0pH/JQ8wpPLWxALY22Vd9OpqJ7o/4uh+dJ9zNQHnOlKUBIcCuZo50a3B7XvKmBkgujJkeRAYkHwIz4VNq8kMklxMRJda9s4Yi4YHSBgEEoDrOnYERL5isPQTi8VtNLI7GOQwTJBNgkRTsuFchQW5ZGQDgnODVcMh8zzJ5+Jxk+vYeygM1/bPHI8cgOtWIbPnnnnxzzz45rXq1dLeM2t2kU+Jfw0xok+AghLR9wP4szMirsMAH2VVaAVbuqX43s/lD9hqqNW7ql+N7P5Q/YagPWtKUoBSlKAUpSgFKUoBSlaHHOLRWkElxM2lIxk+ZPIKPNiSAB5mgNHpLxrsjHbxd64myEUfkoPhSN5AZwPSfXW1BCwAB3OK8/QcUvr67kuRK8faHkhI0xjZUBG+APaST4muicG4JIADJPK3rd/wDGtKzX1Vyw92bkNFOUep7I6ELYUMOKrS8OTH5R/rN/jWpecIQjYsPUzf41ifitS9TC0TfrNzjkrWsi3KKWxsyj8pCd19e2R6QKtPDb+OeJJom1I4DKfQfMeBHIjwIrivSLo9NglJ5R6NbY/bX51V9K5LK5NldMTDM3vbsSezmO2Mn8lz7GwfEms1GuqveIvcrborKll7o7pUBcdFIs5hd4N8lY9JjJzn8W4ITffuackZNT9K3DVKpD0QZcjt0CkIvcgVTpjAEYyWK90AY7vgPIVLcO4BFE/aHVLL/KynU4yMHSAAsefHQq58alaUArlHuj/i6H50n3M1dXrlHuj/i6H50n3M1Aec6n/wCGIAd7ZXwqLlsDOiOJCT4jJjbbP/MJ5jNQFb/AhbGdPwsyiDvazDp7X4J06de3wtOc+GaA314zb5z+Boe8xxkbozMdPLYgNs3oGQQAKwfwrGAhWBA6SI+SFIbSkYKkY+CWRmx/TP03deivBpeH3d7BJxBRAulGmNuEedh3EAVcnvFM8tm51+nofwuG1tZbn+EmeeBZ2/BxC0aBvPUmVHrJ5UBUZuOwMwJtFwOywMg4Ebj+iM6oxpOeZANYV4pbhQPwYZEZTJ0nLdojBzts2lWXn45G+czXRfora3c13L20sXD7Udo8jBTOUYnQuANOttJ8Dy5b1t3/AEVsLmynu+FyXGq2wZ7e57PX2Zz31ZNsDBJG/I8tgQKVxS5SSQvHGI1OO4MYGAAcYA54z9NWPql+N7P5Q/YaqjVu6pfjez+UP2GoD1rSlKAUpSgFKUoBSlKAVyjrymZzaW+e4TLM48ymhV+8aur1zzrH4f2t3bE8khnc+nDw1g1UnGqTRsaSKldFMr/RyxESAkbkcvKpx+IaRzxUV+E90YrUfJ51wjc5ybbOrdSfJKvxn+kayRcZ9Ptrb4Xw5OzDEZLLvy2B3O3gKh+K2apJpTdcA+0VmnpeiPVkwwlVOThgkZZw4qh9NuDZBYDOxO3OrHExXka27VRLIqEbHnTSOcLk4svbXFVtPjB0XoxctLZ20jbs8MTMfMtGpP1mpOo3o1HptLZR4QxD2RrUlXeI49ilKUArlHuj/i6H50n3M1dXrlHuj/i6H50n3M1Aec6z2Nq8siRIMu7KijzZjgb+HOsFKA6H1n3qW8dvwe3YNHaqHndeUl04yx9QDbb7asfk1cOitlxxRZtBxCCWxRYtTK8XZxxjGuN8rqJAyvnt4eFBs+ryaXhTcTikDaS2qDSdQRGIZw+d8DfGOWfKvnor1fS3lldXpk7KKBHZcqWMrRoXZV3GAMAat9z6DQFztb6zu7jjPD4JYoluyj2zk6Ynmi3ZdQ8GfcY8M4zsK0bTg7cF4ffm9eNZ7uL8Hht1dWcg6g0h08lAbOfR5kCqTxDouYuG21/2oInkkj7LTgroLDOvO+dPkOdV2gFW7ql+N7P5Q/YaqjVu6pfjez+UP2GoD1rSlKAUpSgFKUoBSlKAVUul6ZnjP/b3A/8AeCrbVc6TLmaL5G5+1b1g1XopGfTPFsTn6LsK+1X0VnSLlW5DbVwTnuddKSRiiuCAAC4A8AWA9mqscq6t8HJ5k5J9ua+uI8WtrfaWVVbwQd6Q+qNcsfZVd4r0205EcQj/AKVwSG9Yt48yY9J0j01uU6bVajsjt7eF8TRs1dNT3e5LvGfKsfC+KwpdIhcFz+Qveb2Dl9Nc+4n0heXOp5JOexPYxfq4jrYet6+uiV05uo1BCpnOhFVFPrCgavW2Ttzr2dL4NKDU7Jbr1L6/0aN/i3VFxhHn2npTgP8AFoPko/sCt6tDo/8AxWD5KP7Arfr3zxhSlKAVyj3R/wAXQ/Ok+5mrq9co90f8XQ/Ok+5moDznSlKA7BwXpFJYcD4fcx7gXkqyJ4SRMsutD6xy8iAfCpLhXSiO7PEorVOysrfhlysEQGkZYZdyv5xO2/gPMnPFXvpTGITK5iUlljLN2YY5ywTOAdzv6aWt9LFq7OR01qUfQzLqQ81bB7ynyO1AdNuuDXF10d4ctvBJMyz3BIjUsQNcoycchmuc8X4NcWrBLiGSJmGoCRSpIzjIB8Misll0hvIUEcV3cRoM4RJZFUZOThVOBuc1PWfRPjHEmVjFcygAAS3DMFCk52eY7jfOFzQFOq3dUvxvZ/KH7DVfeBdQUhwbu7VfNIFLH9Y+AP7JrpPRjq14dYsskUJaVeUsjFnB8wPgqfSAKAt9KUoBSlKAUpSgFKUoBVa6VToksTOwVRDc5J5c4D+6rLVH6zHKiIjnonGfEd1OR8OXPnVLI9UWi0J9Euo5/d9LVUe9xnHg8x7JCPNVIMkg/RWq5xLpXLJsZnYfmxe8xfS28rj0ZSoKK0du9jOcsXYjf4eSSeZ97c+fdNbb8PSMkSyd4EAohGfDOGwRlSSCCPyDjORWpp/DNNTuo5fte/38jPdrbreXt7tjXS8k+DHhNW2IgQzH0vu7k+ljzr9h4VKTgJj4Gc7YEhwhPiAT448R4EV9TXaBWCIRuCHOzrpaQg7E4JUryPOPI51vW9lNcXJgmk7NwHLl8aUCK77hdtPeO42Gvbyrf4NQ1FtoUALyajhW0DIIIbDxv4hsZwcjl6q3+jBQ3qGNWVcnAJz48s+j0k1tQ2tnBCjyFWuEkXXFqEiuFlGQAp09m0J1BiDv4/k1ucB4xG94VSLKOyyLrGko4QxkqiOQAVCbFiMpyxgCjlngnB3vgP8AFoPko/sCt+tHgf8AFoPko/sCt6rEilKUArlHuj/i6H50n3M1dXqn9ZvQ5uKW8VusqxaZhKzlS3dEci4CgjJy48RQHkysttbPIwSNGdjyVQWY+oDc16S4F1JcOhwZu0uW2+G2lM+hEwcegk1fLHh1raRkRRQwRjnpVEX1k7e00B5p4D1RcUucEwCBTjvTnSf1Yy4PrAronAuoS3TDXVzJKeeiICNPUSdTEerTVs471rcLtsg3ImYZ7kA7QnHhrHc9rVzvjnX5K2VtLREHg8zF2I+TXAU/1jQHXOBdDbC0x+D2kSEflkapP1j5b66/eN9MbC0yJ7qJWHOMNqk/VplvqrzHxrrA4hdfjrqXTvlEOhNx+bHjI9eagYJdicYwOY5H0UB3fpB18W8eVtbaSU/nSERr6wBlj6jpqA6H9aPEL7ilrFI6Rwu5DRRIAGGljuzZbw865EQGOwIJ8Sds1aOqYf8AGLP5Q/YagPWlKUoBSlKAUpSgFKUoBVL6yYyywgAkntQABknKDkBzq6VU+nsxT8HcYyrucHkfeycH0HFQ+Aee72OeKMK6si6pV05IYtpjZlZc/mlCARuGJHjUzLwq3tndXmgkbCqok7VlR1b31ZI7cl84+AeXMNpbYaE3GLqYvpcorlQwViiYx2a6nY5IwMEsxzjB5DEd2aAd59RIzhfAlSRljscNgHHgdjTd8kG/xDisbQJAsQHZ/wDNHcLuDo1vGCVJMSxjzDa9zqOcVxeXEiYdsIFA5ImoJGigMQAZG0aMaskjGKwWcjalESgONw3jldRzlthscY5HSPGvuHhzMSCR3cK25OltOAucHlhQSM41CjcY8jDZg0xgA5ZiQO6BpAOdwSc528hU10QlP4XGAoUEZwAdwceJ3IyuR5ZNRUdjt74dJOnRgrvnOd8+AHtq69B+ByS3QkW3cKB8NyVVQVxjSd/E+AHd51WVi4RKizuPBf4vD8lH9gVu1q8LTEMQBBARBkcjhRuK2quBSlKAVW+nvS1OGW34Q8TS5cRhVIHeYMRljyHd8jzqyVy/3RHxWnziP7ElAc947148QlyIFit181HaSf2n7v8A61U4IOJcWZyHmumTDENJnTqzuquQANvCq1Vn6GvCizyzwzSJH2TZilWPSdTAatR7+fAAE8+W9Vm2o5RKWWaPHei13ZqrXMJjDkhcshyQMnZSfMe2sPB7TMneAI0SnHpWF2HsIBqf6WywTwLPbwTxiSWQsZJlkUtjJART3CM53G4IwaiOAPl8f9Obb/48v1VWLbhl8/fmS1vsaNxBuDyB5+j01jkTYKpzzO37TW5p8DuDWnEul8eRx7f9CshU+bdsHBXO+ceINXHqxj/4vZsPGQ7ens3quPGD4b+fj7as/VeT/Ctlnn2h+6egPU9KUoBSlKAUpSgFKUoBVQ6xvxcH6bj/AOiT/CrfVW6d2zyLbqilj2rbD5vNUMHm64nZ2YsxY6mO/mSSfrrctbZTFlyEGsEk4zp2AwfD4X1jntVs4d1bOSTczCPc5RN25+Z/YQPXVx4fwC1hOpYg75JDyYJGd8KByHoJNedqvE9PTs5b+7dmxVpbJ7pHOeGcEnmkLQQSOSTlmGiPSdOAMjOggkZAIGF8zVrsuhB2M86pvns4RqPhsznnyByCpyAfAYuDTEjGdvIbD2DasDNXhX+Pt7VQ/d7/AC4PQr8P/W/gathwe2t/xUC55a377nmdyee5J3zzqU4a5MoyfA+r2VqE1s8K/Gj1GtGnWX36iH4km915fA23RXXXLpXqLhwf8RD8mn2BW3Wnwb+Lw/Jx/YFbld4uDnXyKUpUkCuX+6I+K0+cR/YkrqFcv90R8Vp84j+xJQHmyrd0Cti63P8Au/4UgVNVsI5GZ2JYKyvH3oive7+4wxGNxVRq19CJVVLntLgW8JEYaUCYyh8toEaxMuSQHJ1ZXC8qx29paPJn6UNKiRL/AAabC31NhX7Qu8hAyxeXvMAMAYGBk+dRPDYgJtQ/k58j/wCPJW50rjzGkkV/LdwF2X30SK0cgUHBVyeanmPI+VaHApMvvnZJxnw/i8lRDs+/5D5Phm2JHlmrVF0ISe/W0glk7kavcyuq6Uyit3AOY7wA1fWBVSCY5H28vYBXWOEWvGLnh6x9pawRSRhFlk1C4eLGFBYZGCuwJGcVF8nFZTwTBZKF0s4LbQos1jeNcQ9oYX1AhkkC6hg4AZWGcEDw5msvVRMx4vZgn/mHy/k3r96bcPubOCCzlggSPUZVmhLN27hdJLMx5gHlgc6/eqwL/C9lp/PP3bVap5jzkiXJ6upSlZCopSlAKUpQClKUAqM4zIQ0AB+FIwPpHYynHtA9lSdQ/Hz37b5Zv7vPVLO1l6+5FSB5+s/tr9BrFq3PrP7a/Q1fNZrdnVdJlLVhZt6y26amA39Ps558BWXisa6iyLhQdJwcgN9PgfD1VeFLcHMqpJS6TX1VtcLPvn0GtANW5wk98+o1m0a/Ph5oXLFcvIuXAj/u0HyUf2BW9Ub0bObS3+Ri+wKkq+hrg5V8ilKVJArl/uiPitPnEf2JK6hXL/dEfFafOI/sSUB5sq2dBHmQXMlujSyqiD8HCJIkiF+80kTAl1Uhfg7guOQzVVjQk4FW3oXw5GZwbhIJe4UneV4ezTUe1ZGUjU4XGFPMFvKqWdrJjybXTA3M1tbvcRG3btJFWDslhixhSZEjADZ5Als+GPGobg0el8f0J/7vLU/0znglVZoTLgO8QeadpnljQD30q5LRZbO2wOarHDJcy4BJ97n3/wDBJyFVr7PiTLk+GAweQq/SdHoeKFbqO/gVmSMNBPs8JVApVd90ypI2A3qi9F+ELcySI7FFSGWUyDGE7Nc5YHcqThcDfLCr50e4DDfe+jhCRQADVczTzRocAAssakA53Pd7vmRVLp43Txjy/ktBZIPpfaQWlqlmt2Ll+2MzmP8AFxdzToXcjJJJP6I288PVVLq4xZ+XaHA/8bV+9YTcKXRFw9SXU++ShpDERgjSmtjnffIGPSaxdUnxvZ/KH7t6yVduf+lZcnrSlKVkKilKUApSlAKUpQCoPpK2Gtfl2/u1xU5Ve6XPhrP0zsP/ANW4rHd2MyU96Ki7YZh/SP7a/VasF22JHH9I/XX1A4yM8sjOOePGvntkMSa952GP9ck70f1aiQpx+dyXHIgn2HzBX11i4pcsgaMMhTOBjBOMljv6D+2ta4v2lAXAVByVcAZ8N8ft8iaj5pN9uQ2H+P08/pradijX0R+PH2jUhQ5Wdcvhz8/afWqtzhL99vVUYz1t8HfvN6qro4/nR8zYvj+VIvXRU/7nbfIx/YFSlRPRM/7nb/JqPYMVLV3seEchLlilKVJUVy/3RHxWnziP7EldQrl/uiPitPnEf2JKA892w0rnxO5PgB4b1O9FLKOcyyTJO8cQX3u2XVK7OxAG4OlQAxJ9A86rdxLkKBywM+urZ1dWVzKLgWrzrJ7yD2EkaYUs2pm141hR+QGXJI32qljxFstHk0+mHCokSOaGO6iR2ZGiuhhgyhWBRgBqUhvLIKnzqH4F+NPyc/3ElW/rE4ddRQRi6kuHImlVGmkjdXQAYdUXJiOCAQWOcA7VUeA/jf8Axz/cSVWDzDORJYZq2l3JE2uN2RsFcqSDhhgjI8CPCr83T68u0WBbGGdECqsRjmlPdAGWCOATtz0+Nc9Y6jgeoCurWHWWjRRwI/4AU0gvHEksThcA52DRk+YDVW5cNRz/AATB+8gumljcx2UbXFhbWgaYaexGl2xG3wl1Ngesg+jxrS6o/jiz/TP3b1tdP47l1e4a9S4tpLhuxVJTJpyGZQQfxZCEDTtzrV6o/jiz/TP3b1antInyetKUpWUqKUpQClKUApSlAKqnTt8NY/OT/dbgfvq11TusZsfgR/7kfcyj99Y7uxmbT+kRVeJtiZ/oNZeGR9pIifnED6PH6q0eP3CpIzscKE1McE4A5nABJ+gVCxdL7Rdxc4PojuP/AOdcfLSzssbjFtZ9R1TvrhWlKSTa9Zbby7BY6BhBkKMDOOWTgcyKyRW/aw+9gmRG7yjmUbxA8cEY+mqwOkUL6X1yN2jFVYQXJDvvkLiPDHY7DyNYZ+lNtGzI0zo3JlaK5VsHBwymPPkcGpWkv6nmDefcY3qKFFKM0miXmYgkHmNvZW3waTd6rNr0htpXCRy6mOcDRKM4BJ3ZAOQPjU9wp8av9eFTVRKq1KawZbLYWUtweTpHRD+Jw+oj2MwqYqG6IH/dIv6/3jVM119favI5GzvfmKUpVygrl/uiPitPnEf2JK6hXL/dEfFafOI/sSUB5sq4dXvCjMZ3FqLtowhWBnCRlmJGtySNQUAjHm9U+rd1e8FN28sfYRyIAju8ryqsYGoZCxENIxycD0fTWO14g/v6Fo8mz0/4O0UUUr2S2bO7o0UcgeN9KqQ6gMdB3II9VVzggxJjxMc5P/48mBVk6eWMECxi3s5oVyQZpe1VZXwPgQysSoA8TvvVY4F+NPyc/wBxJVa/R/f1YlyaSbDP0D95/wBedTl50LvorZbt7dhCwDagVJCnkzKDlQQeZFQLt7BsKu3GOmkiTRXFrdytqjQTW0gYwowRVaPS3deM4PID15q03LK6Qsesr99wCeK1iuWKmCY4Uq4PeAOzKOTDcb1L9UfxxZ/pt929bPSrpDaz8Nght4mhZJ3kaI5KLrUk6H8V1HYHceretfqj+OLP9Nvu3qa3Jr/ZESS9R6zpSlXIFKUoBSlKAUpSgFUnrR/F2p8rhT/6sP31dqonW2+Ibf5dfsmsV/o2ZtP6RFF6at71IfOGX6hXPE4nbgDIQ8s+8Qb40ZGrVnfS+/8A1PQK6Hxq4I7Ig794fUDWCW8O2mQ+nYbfVXkUahUOSa5Z7Wo0ktQouL4WCucB4jqtoolvY4HF3IdbsgMcDWwVmVW+DklgAviTuNzWPpPxSEXR98jkjESRxshWc6EDKpeR2X3zPeI3G4FWb8Nb+UPsH+FGvW/lW/19FZv/AHQznBrf4qz9S+ZUeEcQiku4OzGMGT8lV2MTeTtn6uddA4c+zf68K0Ddg5BlYjyP1fk+dfXD5u6T6TWpdP8AGuU0uFj5/wBm9TS6NPKDecvPyX0OudCWzZRf1/vHqcqtdXMurh8R9Mo9kzirLXu1ejj5I5630kvNilKVkMYrl/uiPitPnEf2JK6hXMfdBrnhsY/7iP7ElAec4oSOQztuPQeVWnodBA4mSeSCEHscGcndQzlxGV3DkYGrwBPnUCpwMn1n/CpPolw6G6aYTQ3cpVQ6i0CF1UZ1Fte2OXpJxjxqlnayY8m902tLeKBFgmt5QZpWUxFi4jIGkSM27kbgN9FVvgX40/Jz/wB3kqzdN4I4LW2gjjvkUs8qC8CfBZVz2ejZd9yp3y2fGqxwL8afk5/uJKpX2fEmXJH10+O34CtvbSywXOZkOezcsFkQgSKSWG4ODy5MD41zCv1TV5w6sbteRCeC/wDStuHNYKOHrIoFx74JDliexbSRududR/VF8cWf6bfdvUFb45D6PUf9fVVg6qUxxm0H/Ub7t6mEelYDeT1hSlKsQKUpQClKUApSlAK591xZ7G2x/Lb/ANhq6DVX6w+By3VsBBgyxuJEUkAN3WVl1Hls2fWorHam4NIyVSUZps5TxAErFsfhMPahP7q+VsXOBjBPLOBn21uWXRzinaKslvJGo1EOTrUHBGPe3ZhkZ3HoqRuejl6D3Yg5PiIW29Zkzv8ATnevDt0l8pbI92HiFcI4Ir+BZPHH1/uG1Ym4W+M5BHmASPqFTUfDeJHGqKcDO5CrqAz4YKn6M18yWPFRnTFN5AlRv6+8SP2VjWh1Hu+/2H+TiQf4C3hg+og/srHG5VSMef7TU3H0dvictboh25pc6s8+cakHfbnUVN0T4rK7abeXTqOGLRIrDPMh21D1EZ88Vlq0l0ZboizxCqccHUeqts8Oj/Tl+9Y1bqhuh/BjaWcMBOWUEuRy1uxdsHxGWI+ipmvdgsRSPCm8ybQpSlWKCua9fo/4anziP7EldKqidcnBLi7sUitojLIJkfSCg7oVwTlyB4gfTQHmS/fkPpqZ6G8egte1E6TMHMZXsZOzIMZY7t4jcbej0VLXXVdxZsYsX/WQf561/wDZTxj+ZN+sg/z1WUVJYZKeDB0y6R21zGqwRzoe1eV+2k7QEuADpP5PLlUFwL8afk5/uJKsn+ynjH8yb9ZB/nrLbdWHGUOpbJs4ZfxkHJlKn8vyJqFBKOEG8vJRqVdP9lPGP5k36yD/AD0/2U8Y/mTfrIP89XIKnay4IHs/wq69WKf8Xsj/AE2H/wBTmtb/AGU8Y/mTfrIP89W3q86B8Sg4jazT2jJGjks+uIgAxOvJXJ5nyoD0FSlKAUpSgFKUoBSlKAUpSgFKUoBSlKAUpSgFKUoBSlKAUpSgFKUoBSlKAUpSgFKUoBSlKAUpSgP/2Q==', 'activo');
INSERT INTO `productos` (`id`, `nombre`, `descripcion`, `id_categoria`, `costo`, `fecha_vencimiento`, `imagen`, `estado`) VALUES
(16, 'Green Label', 'Hielo + 2 redbull + 3 aguas', 6, 200.00, NULL, 'data:image/jpeg;base64,/9j/4AAQSkZJRgABAQAAAQABAAD/2wCEAAkGBxITEhUSExIVFhUWGBYZFxgYFxUXFhcXGBcdGhUVGBUaHikiHholGxcVITIhJSkrLi4uGCAzODMsNygtLisBCgoKDg0OGxAQGjIlICUvLy0vLTItLS8tLS0tLS0tLS8vLS0tLS0xLS0tLS0tLS0rLS0tKy0tLS0tLS0tLS0tLf/AABEIAOEA4QMBIgACEQEDEQH/xAAcAAEAAQUBAQAAAAAAAAAAAAAABwEDBAUGCAL/xABREAACAQIDBAQHCwUPAwUAAAABAgMAEQQSIQUiMUEGE1FhByMycYGRshQkM0JSYnJzdLGzCDWCocEVJTRDU2ODkpOitMLR4fAWZNIXVITD8f/EABoBAQADAQEBAAAAAAAAAAAAAAABAgMEBQb/xAAwEQACAQMCBQEHAwUAAAAAAAAAAQIDETEEIRIyQVFxEwUiM2GB0fCRsfEUFSNSwf/aAAwDAQACEQMRAD8AnGlKUApSlAKUpQClK5/ph0uw2z4usma7G/VxC2eQjsHJe1joPUCB0FK874zwubUMhKvEimxCCNWCggHLmOp48a+U8Lm1f5SE/wBEP9ai5TjR6KpXn2PwwbSHHqD/AEZ/Y1Xk8Me0fkYY/oP/AOdOJD1ET5SoJTwzY/nDhj+jKP8APV5PDPjOeHw583WD/MacSI9SJOFKhVfDRiOeEiP6bj9hq6vhpm54KP8AtmH+So4kPUiTLStH0N28cbhUxBjEZYsMobOBlYjyrDs7K3lWNE7ilYu1MekEMk8hISJGdiBc5VFzYdulcDi/C9h41znCYjL2kw/cHNRdC5JFKj7B+FbDyRGYYafq18ph1WnoLg13eExCyRpIhurqrKbWurC4NvMaXBepSlSBSlKAUpSgFKUoBSlKAUpSgFKUoBXnrw8fnRfs0X4kteha89eHf86L9mi/EloVnynA4gaj6KeyKoK+8QN4fRT2BVFWsmzDoVAq5HGSQALkkADtJ4CirWy2FGeuRhbcZDbMFJF9ct+f+1VbGdjLn6J4lYlky3JLAoNWGUXP0rDNcDhkPIXrTIKld9sDeZImzEHdumThayjrNO2+vbUZNAVNiVP0WVx61JF6qmWqwUcFpUq4sdfarV1VpcyJ58FK22bF55PbNdfXKeC9bbOh87+2a6ut4cqOqPKjQdPbfudjLkAe55eOg8g6X/VXnvbGNheFVS5bTQqQPWWqc/CzGzbNlVb6vBmtxy9el/Rwv3XqJek3RtIY0kkOVd02GpcaFlGvZcees5tcSDRrcHtGJMFJEQc5B0Csf1rcfrFei+joAwmHAIIEMQuOB3BqO6oA2bFhzhpCI2XyjdrEtcdgACjTgO01NPgzVhsvB5r36lbX+Trk/u5atDqEdPSlK0LClKUApSlAKUpQClKUApSlAKUpQCvPfh2/Oi/ZovxJa9CV578O350X7NF+JLUMpU5ThMSN4fRj9haqgr7xPEfQj/DWiCsWzBFxRV6FipurEHtBINvRXwq1eRKqC6mLl/lZP67f61VyWOZiSTxJJJPnJ41REq91dRcFtVq7GlfSx1fhiJ4D/nnqlwTn4NxbZ8Hmb2jXTVz3QKIrgYFIscp/WxNdDXXDlR0xwct4TWcbOnMZAI6sm/NRIuYA2OtqgvpZhWCCQyO5NvLcv6AMoAHcKnfwki+zsQBxIjHIcZU5moa6WYCVolCxsTw0Gnr4W76yqO00JYNVsrBO+FcjNbhlWVkBPZkyEGvQfQUP+52E6wgt1EVyOzIMvptb01DPR/ZMwwUwKEGxt/V5H0VM3QUEbOwQPEYaAHziNb1aDu2QlY3tKUrUsKUpQClKUApSlAKUpQClKUApSlAK8++Hcfvon2WL8WavQVef/DwP3zj+yxfizVDwUqcpwk/lD6Ef4a19Riq4gaj6Ef4a19xCsGYIvqtXkSqKK2GAwTyNlRGZuxQSbdpA4DvNh31m2LGPGlZUWGLaAEk6DvPYBzPcKypjhcP8PLmf+SgyyOD2PJ8Gnm3jWBielkpuuHUYdTpuEtMw7Gnbe9C5RUJN4NeC2TbPs1IdcVKsXMR2zzHstCpuB3uVrGfpKE0wsIS3CWTLJL51FsiHzAnvrnXwzjedWGYBrkHUNfK1z22PntV2Fauqa6k7LCPRXQCZnwEDuxZmUksTckknUmuirnfB8LbOw30B95roq6Y4NDD2tiUjjLySJGoK772CglgFuTpqSB6a1O0+k2CRBnx0CcN4umtuItfnWk6ddJYXaTZqjPIYmZzlDLG2nUqb6Zyd4cxlB51sdlYNWiVHVbADQKoHm4VV3b2JLuC6RYR4iybRhYC13zJYW43F9L1vtm4lJIkkjcOjKCrrwYfKHca57b+zUbDvGoADKQbKvAjkbXFfPQLafilwjjLJCoUWFgygaED/AJw89pSsQdZSlKsBSlKAUpSgFKUoBSlKAUpSgFKUoBUBeHgfvlH9mj/FlqfagXw8/nCL7Mn4slVlgpU5ThZ11X6Ef4a1nbM2bJLcou6vlMSFRfpSMQo8xN+6sbGbUihyhYesl6uK5kPilPVi4EY1fX5Rt3VrpMTisYwQs0lvJjFlRRcAZIxZRqw4D9QrDhk/kQqSXM/ovz7nQy7RwcHM4mTsjJSEHvmIzN+go89a/F9IMTP4lfFxk6QwAorH51t5zbiWJ4Vjw7KjQK88q5SfIQnOQVzBgbcN6LQcQzagoazMBJLJZcHhyCoLZh5bhJEKSZcxBdSiXC5tWfiCavGnFFsY2LeC2SnVrLJMqqWylR5YsyhtDbUBr27Cp4EkZmzcQqsI8PGJJSy5WIy65SrqATqkmpscpGa2tgax8Js8HEtDMRmdWyuDlXrCuaNjcDdJ05Wzd1qz0xqRwJAwDSIS6PGwLRSZgylWtYjU3GuqgjvsyqLseypHDrI5zRrGUjBBXJIDkZcubS+VbAfHXUa2YzCxAhkYKGVT1YzMyNls6m/Y4PE3savTHFTvcjqlCSHQlVVCzSMCSb2Li1idDasL3OUdkNrqSptqLg2Nj56q2GegOgotgMN9Wtc74VOmzYOMYfDn31MDY/yScDIfncgPOeVj0HROZY9nQuxsqQhiewAXJ9QqA9q458XtFpW/jWsB8kfFX0AWqtWrwKy7HbpaHqbvCNt0RxGIjO5IMzG7O6JIxJ4kswvepR2TNiiLtOv9ig/bXObK2MsVmI4Vumxp4DQV87L2pVjUe78HrT0lNxtFb9zczyy2sJwD9Wh++uF6W4bG2Dx4g5kOZSscKsCPnKl7d1dHFigONXMcyMn7RxFWWu1VWStJIyjpoQzG5k+D3piMdEUksuJi0lXgG5dYo7DzHI+gnr6hfaGy5sFKm0oWz5G37DKzIdGRwNCCODcjbjxEx4WdZEWRTdXUMp7QwuD6jX0NCo5R97J5uopKErxwy7SlK3OcUpSgFKUoBSlKAUpSgFKUoBUC+HxsuOibswwPqkksPXYemp6qAPyiv4XD9Qv4rVD3IZGWPJul/wCSi9gVnbF2fKZI7BV63xas/DxytGCVBzZWuQCRlJ52vWDjRqn1UXsCtzh9pPMpiTDhpWhjhZgwsUit1cmUjdcBVGbNY66UZBs02HGhlXEEtIY0ljlkugZW3ZVJZ8udGKEnM2ivbW1W8ZttW6psueaNLPYeKbKCjvcbxVowrWAUKSxrDn2fM7tJi5QgN2LMRdpHXNuxDUm7AtYcm1vrX3hNoiJnTDJnzhFzMtyci2JCfOJJN6qQZHuGae8mJlykIpV5T5SkbgLnU8ed20PO1/qLExQhRCS8mZWZmAy6LrGo42zE66aWrAkJc555SzHUgWZuGl/ir5uIvw42ycGXYhIkOYnQKC0hNrcRrz5ACoY8GdiMRLIQ00pAvmC8xfW4jHDU8TaqwKLi19bWvqT6q3GyuiLlgsxKt/IxASz+kA5U/SPoqQ9hdEurtouHB00IkxDacDKdF01sg0rLivy7k8Pcz3jK7GCMCpMCoQQQRmIUgg8ONQVsp/f2HJ/loh63A/bXoPpREI9nyKt7KE4kk/CLqSeJrzzs0e+4D/PQ/iLWNa/qK/Y9fRL/ABO3f/hNO228bkHBQL+c/wC1W4Yq+9oJfEy+ceyKvRpXzU1etN/NnoxdqcfB9x4MFbnn+qsKZchZb3FbEyWHA+utdiTerTcUlbJWlxOW+DXYfadsZ1L6xOFR15EMv+9SH0diyYeOMEkRgxgt5RWNiik95Cg1DuIf36v9F7IqYtgSAxaG++4/vGvpdG/cj4PI1u035NlSlK7TiFKUoBSlKAUpSgFKUoBSlKAVAf5RY99QfUfdKanyoF/KIHvmD7O3tmoZWWCL8Z/F/VRezV/ZM8qMep8sqRfmFsc3E5bWPMH0Vj4ofB/VR+zWVsnZE2IJEUZYDym0CKOZZzoB5zUSaWSLNvYrKq3JklaSQ/JObXtMjcR5r+fnWZgY55z1MEZN+KRA6j5xuTbvY8q6joz0E60ghWxR59WTHhVPMNiWF380Y9NSThuicUEDviGDRxqWbD4derhsozHMLhpDbXfb0Vk5t8q+pay6/n1/kjjYXQku1nLSuOMWHs2XulxB3E7wLmpI2R0TSFbSMsKn+Jw+YyN9ZNrI/eFsK2EG1ygjjgwzspjjcLEkSqofgpBkGu63D5Q7K2W0Cwa50DW7ALW8g5bu546LYWOtRGKlnct4LGGdIgYsPEEt8VArSdxc+SpOurm9VwrsXVibi4FwQwBJAN53tfgNyNbad9fCIdFII10TKBYXBDrh1JtfXelOhsbcqv4mRIfGTuqAElcxzuRfTKCLKO5B2a1rskQU6efm3FHsiY+rX9ledthS5pob8Vmhv/aLrXoPphiVl2RipFvlbDSkX0NshtpXnbo3/CE+si/EWuesk9/B36OfCn2ZPeLTx8vnHsirqrpWl290hjiml04EXZiI472Gmd+J7lBrksf05LnJGXkJ4LEGjT+uR1jeayjvrw4aSpOcnba7/c3nrIKKS32O6xuOjj0ZxmPBRdnPmUa1zG2OlMcdwSqHsbek/sUuR+mVFcZi9oTNpJKMOjLfLGCM3DRmBLm4YGzE6cuF9fhcMjELFEzliwV3GVbqrMwAF7kKyGws1wOObLXfT9mQzPc5J62o8O35+djef9TKXvHHdiQM8lr2GgtGug9JYVNfQOZnwuZjcmWb1CRgAAOAsBpUFrs05g8zBWYyA2VUVZUJyqx4MGAFjppIh4Cpw8HY95LrfxuI/GevSpQjDZHJdt3Z01KUrYClKUApSlAKUpQClKUApSlAKgj8oYe+sP3wP7f+9TvUG+H8A4zBAkgFCCRxAMqgkegmoZEsGo6KdA3xCxSDDmTxcd3mJjw62UXAVbvLY3Gll041I+B6K4WMDr291Mltyyx4WI90QIjXQ8XJJHbXV4eFYowkYCrGoVAASAFWygKNToBoK1jgtukMfQrMNbgiCxRPi2L6is1BXu9yzd9ugO0tFIsIjopUiOLW6hFk8tzcaCNRxGpr6xGGLQYiFdGkhkCqQsakspXMEuXte12a/GvhFJa8aFpLWLgjTiMpxLCwB3biJSRVjG9I8Ngg3XSo0psTHEt20FhmJJJb5zkcrAVaVrbkO3Uw8Rs1mhMRWBmMUaRvoGhZBZiWtmNmVmFvNpxO42ntGDDKhnns6oFIFute1jy3gL37BrUebb8IuJmusPiE7jeQjvfl6B6a5cyEnMSSTqSbkk95Nc/HbBSVRdDuto9PGtkwsYhT5RsXPo4D9dc0+JeRs7szMeJY3PrrXoayIjWcm3kzbbJR2qP3hm+xy/hmoD6PYsRSZgLymRFUngqlt5u9uQ9fKx9A4pM2xJF7cJIPXGa83bPPjV+nH7VbNJ2T7HXG/pM3O3nz7Un6wNLvcLsWIEdxrxAFrnkBflWbhsNI2RN2BXLrlUEuXiucr6XDZlsCBcF103hf62xtBjjZI408ZGwYMXIS6sJM7R21bLmjJvqjWtpWtnYtnV5zIzMxyRDMrNbL1j2spa6ob6k5dbk3rToY7lzEdWvVmMscQHVmDWcFgTfUaWzqDlI4SeU17LeWVlAt72haRpFzb7BlsykGwIy5MoNvjEa5qxnxxBCoFiN1ssQ62UkXXiNMwBPCxue3hk4LYc8r6pkc/KDT4k8CPEqND9IKe+obSyLFsJETmUyuc62kYWUgkWGupIAPZxHZU++Dn+AJ3yYj/ESVwWwvB2yssk9lNxYznrJD9DDoco8zFiKlfZOFWOJURiyjNqeZLEnhpa5Og4VMG28EozKUpWpIpSlAKUpQClKUApSlAKUpQCoH/KNNsRhT/Mye2KnioI/KNHvjB98co/vrQh4JgjHWR9zKDxI4gHyhqK5LbfTHA4W6NJ7okF7xQgCMNfXMRu3vxzFjpwqKNrdMsXiUWNpSkQVVEabqkBbbxGrHz6dwrToaxcn0M3U7HZ7d8IGMxN1VuojPxY7gkfOk4nnwsO6ubRqxlar6EVk7lG2y/GayErFRqyVaqkF9WrIiasRHq/EaqCZUF9kH7M3sGvNi/CqfnL7Qr0thhfZQH/bH2Kg3oTsdcTtGCEkAFM9yL+RvaDgTobX058rVaTtUXj7nqUlfTyMDbuz5Xx07CK6ErvO3Vx8BxckA+YG5re7C6CYjEAGzMlvij3PhwOd5XGZxoL5Uv31LsuxcOk5kTD9dPpd5Lvl7LZyEXTsIOvOr2JcG3WzEnmkdmHmuRltrxtm76vOapxvUkkjljCUnZI5XZnQnDYdd981+MeHBjRraFXn1kk82a/dXSYLCNGgEUcWFj10tYnjYn47aEcchuK+lxuW4iUJfidWc+d21NY0rk6kknvrzqntWlH4Su+/5udlPQye8tv3MHHdJ4YZ44EjaWRioLscqC7EXyjVje/H113eEa6AnsqF9oa7ShHzl/Eapowvkj/nDSvUoTc4KT6oyrwUHZF6lKVuc4pSlAKUpQClKUApSlAKUpQCoL/KKHvjB/Vze0lTpUGflF/D4P6ub2koRLBGULaDzD7qyYzWDG3DzD7qyUNYNGBmCr6NWGTWThInkYJGrM7GyqoJYnsAH/NKqLG5g2SWwzYnOAFYKEytd/lkNwuo3iOy58+IHrtMftBMPDEt4FxMKlZIinXBAw1Q5d3PnawOa4V2U3sSeFVqqWkkjLjNZMJrARqyYWqjRUnXZgvsxPs/+SvP2xtrtg8bhsQihmWKwBJsc8ZXW3IZr2525V6C2N+bU+o/ymvNm19JID/Np7NJ/Fj4+562lV6Ur/InvpBjpOtKFzlsNOA4dlY0L1b6Qv74/RX7q+cIb18jq3KWpld33Z7NKCVGNl0NhECbAcTQmruDXQltAQQCe3uHP/wDatTve5sBpy4cK3jTSin1MFK82jipBfakQ/nE9on9tTJgTdB529o1EGEW+1EPzr/qNS5so3iQ9ov8ArNfW6fkj4PJ1XO/Jl0pSug5RSlKAUpSgFKUoBSlKAUpSgFQX+UZ8Pg/q5vaSp0qCvyjPh8H9XN7SUIeCLYzw8w+6r6GsaP8AYKykNZSMC9etrsPrs7GFghCMXcmwSNSGZidSOAGgJNyOZrUis/CY4pHLHlUrMqqxN8wysHUgg8mUG3OqMlZL8MXWK6x8I0aVtLFlQ6k+ZSzc+Nu+rCPVdnYt4ZFlQjMp0uLg3FirDmpBII51WVixLG1z2KqjusqgADuAtUMMuI1ZkLVgKayMPKLgXFUZBP8AsP8ANkf2f/JXmzpI1nh+qX2a9K7B/NsX1A9mvNXSlbNH3Jb1Cq1PjR8Hq6V2pS+hM235fH/oJ91Vwkmla/pZi0hfrZGsoSIE2J4iw0AJ41q8N0pgtcdaw7RFJb1kV8zW01WpVlKEW92e2q1KFOMZSSdjtxyv2D0aaVXELYEdx9PeK5TC9M4CMwEjD+jB004M4NXm6YxsDaCY8teq0NuHwneK3hpK3+jON6iknzIt7K12gp7LH++P9alPYX8Hi+gp9YqI+i2ND44DKQSoNja4sy6Hv0v6al7Yoth4R/Np7Ir6agmoJM8rUTUptozaUpW5gKUpQClKUApSlAKUpQClKUAqFfD5hw8+FXgxilyHlmDKcp84BAqaqhH8oOS0+DBuVMc2YDjbOliO8HUernQEQhv2fdW+6G4NJ8dhoJRmjkkCst2W4sTbMpBHAcDXP319X3V0ng7P754L64ey1ZywUgk5ImjEdAtmRtZcEG0B1lxp5n5OccqrH0UwIuBs6LiBquKbiPnJXZYiYIjObkKCbDibC9h31ysPSpy5HizYXyANoLKbhvjEZ1BtzuNLG0SnGOTRRuWh0fwI19wYW3DWFvR5YF9B66+zsnCLf3ngh/8AGg0ubAHNIP11V8e0ZZ2VTbVx1K2vyGbixudOF+2r2F2jIGV7hkZoxbKgBSVlVXUqLg76G2txp3iiqwZPAXYtlJa6YPD8/Jw+HsfkkEzcP9OVZmGwBBF4IwL8oYALeiQnT/l6ycTtPIxUIWtbgRw58dL21sTrevvB41ncqYyq5b3LKTe+o3SR2c+2tStjMxijqXA0GRvZNeW+lS6n5rOvquP2V6nxakxOBxKNb+qa8x9Mtmyq07lGCdbIdRwzMxF7cONclfatFnbpn7skdZ4TZAYW+jh/vFfOAhjV4skcarLFgFd41gJgLQs0sxjdCMpZiWNwSUtxrH6TZZpjA7FQY4DcWvooI4+asbC7EiUAddJpYaCEaDhrkv8A61yUtRDTpxnltvB0ajS1K0lKGLJZ8mZ0b6LLLBnMrHM8mVo0iyDIxAZrgk5iOGo5aca6NuhcAZL9ZYZrgOoDEC+ZiNbXIG7bj2VzGG2Xh1Ro1mxATXMolIU2GtwABwHpr6nwUMmUmSZyospeaQldOVzp6KS1sW8v9DJaCpbp+pndGoEh2xJErl1RSFJOY8EJQnhdSWX9Gpn2OfEQ/Vx+yKhXols1IsUCq2sptqT234n5v6qmrZA8RD9XH7Ir06ElKKaOKcHB2ZmUpStigpSlAKUpQGo2v0jgw1+tzboRmIW4VXcJnJ7BfMewAmtZH09wptdJlBMa6oNDIqlQQDcfCIv0iBxIqB4/CHtpolkG0Ac8nVhOriz5rA3+Cy21HPnVzE9OtuI8ijHBsiI5ZY4bMrMiKReIHypFGoHOhLt0Jzbp7hh8SXgh0EbDfkSNd5XIOsiHQm2oOoIq4OnGGzBcstyco3VIJuw4hrfEv3hgRfW0B4jp7ttBNmxmkEgjfxcHlEsBbxeoujU2h4QdtQiNjjgRIocZY4dLgNZrxjes4OlxvcaEE9v07wovpIbJmFlUh94rlRs1i2YAWv8AGHfb7Xprhi5RQ7HMq6GPUMxVWF3BILAgDyja4BANQOOnO2/e/v8AXx5AXxcW4brbP4rTRwdL86txdPtsmOWVcepWI20jiBe2mZLxcACONjY8KA9AYfpfA2a6uhVEcq2QmztlA3WIzDNGxHZIveBF35RDWnwR/m5vaSuTw/TrbjZ7Y4Dq0WTWOG7Bo84VbReVlHO3C3ZWh25tfaGPOGfEz9ZnZ44SQi2OZQ18qjS5Xt4UBqxx/wCdlbzoZjo4MfhppWyxxyhnaxNhY62Gtc3jFeNyhcNopDLfKysoZWFwDqpB1APaKyMVg5o2lRiLwgF/SVAtp2sKq1cqk07no/EeFDZBBVsQzAgggQzm4OhF8laM9PNk8DiMQyclEDg6cLsQL281Ql+5s3ifGJ47hx3N1W3935Dq2l9D26VR8DOGkXOp6u9yDoR1byArcXsVjbjbiKrKmpZRa8lgmxfCNs0G5fFSag2ESoSV8kklxe2npF6sw+EvZyPnEGNexuARhwt9bMQHubX0B0GhtcAiHf3PmyQMHBaZ8oHycxHV5tOdydL6dlY2FjmcIVYb8gjF7eUbWvpw1GtVjSjHCIcpvqTufDDhTwwcx85hH3E1ZfwwIPIwHrmC/dEahNoJw0gWRWEcYlLDyShy5WF1B/jF0IFMSs8cUcpkUiS9gPKXszaW1GosT32q/CyPePW+xNoHE4SOfJlMsYbKDmtccM1hfz2FRb0m6K54ZpBIIyh0FsysGNipI0BJK+rUXtaPtl9NdsRx4aGHHACSyRR5IyVXOY1LEx2tmBHEnStdtTpptNwIZMUxU9W9lEa3zKHS5VRfRhodPVVKlJza+RvSq8B3/S/YhHVTuXVRHEmZVvYKpz5zcBbNbzljbgTWHg9iq/kSzP8ARic+yDXP/wDWG2FaSNccGENwxCR23VZjbNGCbZGHDjbz1d/6021bD+/h49gqjJFuklbZ/F6XDqdL6d+lYT0fE73N4atxjax1ydFZLXC4n+zYfeorK2d0YdXuySkZWHjN0LdbZhcWJF72J5erhoene2WjllXHqViNieri39bEoDFwGh3rGx9FW9o+EDbMSoWxwYOOCxw7pyqxRrxjXK6HS4148ap/b492T/Wy7EkbLw0iMgdGRssxswIByxneUXtY9o7O6pS2T8BF9WnsivME3Szakjwl8cuZo2IJRPFx2OYvaP5IY7uY+mrkXhE20JRhhjrEOIh4uHKCGyDXq72rtp01CKijknLidz1NSvL0vhD24plHu6/VKrkhISCjMiqy+L4HrEOttD6Ky5enW28mHIxz5pio1jw+W7/BkEJe1tDfgRzq5U9LUry6fCJtzqRiPdpyEkfBw3uCAdOr+cKbU8Iu24GCtj8xIJuscVhZmRhrGNQyMOzTQkUB6ipXlD/1X2z/AO9b+zg/8KrQGn2X8Fh/tY+6Otzg48+JdOTYaO/6MsT/AHoK57A4xFjiBOqYjORY+TZNezkdK3OH2pAmLdzICghCBlDkFt3ybqDyOpA4UB8Y4XTaTHnOD6RMb+3WL0nW0WF1BvEh0vpeGIZTfmLX7NRrVzEbThMeMQEEzSuyEq97dYjLbkLgNx7OXPC23jEkjgVGuUUBtCLERRLzHareqgNwEH727w1kW/lbukI3tPTpfTv0rD2ZGBg8TZ1OUkC2bfF1GZbgaDjrY68ONqjaEPvHxg8W4Mm6/iwOrG9u6+Sx3c2nqrHwWJjTDTxmRSxJCACTfBsMykrYDS+9Y25UBscBxl+pg/wjVjIcsOz3IJCyuTbUnxo4L22U6eamB2hCOtJkAvDEFuH3mTDlCospscxtc2HfVIdpQiLBpcAwyqzmz3sZGZr8jlBHkjnzoDVbaUiUqbHKsagqbqyrGqq6nsZQG/SrdbfFpsd9CL9bxVqsXJH7pTfDIvUKXAaxCIiuwBANt08qztpbQimedwyp1kKWFpLZ0dCUFwTchOJNu+gMiOU9bhUymwAbNyJbDRAr5xkB/SFZCoC2LJYCyggHNdveU4sLAi+t9bDSsP3fEDhD1g0Jz6P4u8MUW9u/KjY7t9LdtqpJtGIPiN+4bRSA1mthZo7jS9szoNbcfPQGZDwwX12H9la1uw/Jw/2xPuWsmPaMIXBnrBuyxM4s90EdgS27re1xlvp36VhbOxMcfVKXByYlXJAaxRbDOLi9tDpa/dQF/ZZL+6SVK+9FWx7ERLHzHqwR5xVra0t8LBYacDxuGQWta3klWVgee8ORrJg2hDG0yllfNFHEGAktu4ZkZ00B8sKBmHxr27MXamMjbCworAtpmWzXTIpXeuLa3uLE99qAvYQAPs9wwzC27vZhbEyENe2WxOnG+nCsfpHHlxZUfFEI9USCqQYiMHBuZB4vR1s+ZbTO+bybEZWHAk91WttYxZJ+tXgVhv3MIkDj0MGFAbNd2baNmDeLm1XNbemQHygDoGYcOR5a1cEt5NnpawDQtmN7b3VgjQcsoPprGXFwpLiz1gYSiRUYCSxDhnvYqCLOsa6jmeQvV07QhtgfGDxbqZNH8WF6sEtu6+Sx3b6CgLGzpMuExKLZrEa7wVkJCllJHEHIcpsbMTyNfPSL4OP6R/w+GquBxUaYXERGRcxNksH8YDYXW68NL71tCKtbexMbJEEcMdWIAYZbxRJla4G9eJuFxa2utAZDBQ+GLOAGw5VrBiYwyuudhbUAHNuk6A89KxYSx2guYZW90jMAb2PW6i/Ox51dWaMvAetUeIeNriTxbFHUZ93hdwbrm0qwMUnu7rc3i/dGfNZvI6y+a1r8NbWv3UBtUjuMWf8AtcOPT1cb/wD1/qrN+Js7ukgHpve3qYeutYm04V69bq2eONFa0nFMLJGWXhxfIN4cGvYW0+49rQhMIubWKeN30bRQkQJ4a2KNwoD5t+9fmlP94r/4isXpb8KP6b/FTVVMfH7haC/jC6sBY8ATfW1uBFU6RyxSSXSVWAV2BAexLzu4TUCxCyAnlcEXoDR0r6tSgKCvo0pQCqGlKArQ0pQFKqaUoCh41WlKApVarSgPmq1WlAUqhpSgC0pSgK0pSgFUNKUBWqc6UoCoqgpSgK1Q0pQFKUpQH//Z', 'activo');

-- --------------------------------------------------------

--
-- Estructura de tabla para la tabla `promociones`
--

CREATE TABLE `promociones` (
  `id` int(11) NOT NULL,
  `descripcion` varchar(255) NOT NULL,
  `descuento` decimal(5,2) NOT NULL,
  `fecha_inicio` date NOT NULL,
  `fecha_fin` date NOT NULL
) ENGINE=InnoDB DEFAULT CHARSET=utf8mb4 COLLATE=utf8mb4_general_ci;

-- --------------------------------------------------------

--
-- Estructura de tabla para la tabla `promocionesclientes`
--

CREATE TABLE `promocionesclientes` (
  `id` int(11) NOT NULL,
  `id_cliente` int(11) DEFAULT NULL,
  `id_promocion` int(11) DEFAULT NULL,
  `fecha_aplicacion` date NOT NULL
) ENGINE=InnoDB DEFAULT CHARSET=utf8mb4 COLLATE=utf8mb4_general_ci;

-- --------------------------------------------------------

--
-- Estructura de tabla para la tabla `promociones_clientes`
--

CREATE TABLE `promociones_clientes` (
  `id` int(11) NOT NULL,
  `id_cliente` int(11) DEFAULT NULL,
  `id_promocion` int(11) DEFAULT NULL,
  `fecha_aplicacion` datetime DEFAULT NULL
) ENGINE=InnoDB DEFAULT CHARSET=utf8mb4 COLLATE=utf8mb4_general_ci;

-- --------------------------------------------------------

--
-- Estructura de tabla para la tabla `reservas`
--

CREATE TABLE `reservas` (
  `id` int(11) NOT NULL,
  `id_cliente` int(11) DEFAULT NULL,
  `fecha_reserva` datetime NOT NULL,
  `num_personas` int(11) NOT NULL,
  `estado` enum('Pendiente','Confirmada','Cancelada','Expirada') NOT NULL,
  `id_usuario` int(11) DEFAULT NULL,
  `fecha_creacion` timestamp NOT NULL DEFAULT current_timestamp()
) ENGINE=InnoDB DEFAULT CHARSET=utf8mb4 COLLATE=utf8mb4_general_ci;

-- --------------------------------------------------------

--
-- Estructura de tabla para la tabla `usuarios`
--

CREATE TABLE `usuarios` (
  `id` int(11) NOT NULL,
  `nombre_usuario` varchar(100) NOT NULL,
  `contrasena` varchar(255) NOT NULL,
  `rol` enum('Administrador','Cajero','Mozo') NOT NULL,
  `id_empleado` int(11) DEFAULT NULL
) ENGINE=InnoDB DEFAULT CHARSET=utf8mb4 COLLATE=utf8mb4_general_ci;

--
-- Volcado de datos para la tabla `usuarios`
--

INSERT INTO `usuarios` (`id`, `nombre_usuario`, `contrasena`, `rol`, `id_empleado`) VALUES
(1, 'Pietro Urbina', '$2a$10$wII9AdLxj3E0BnBIraDWXeSPPD3QB9OwuObL1j4.NatHY0.UVSXG.', 'Administrador', 1),
(2, 'Carlos Vasquez', '$2a$10$2ytLPUpwWMhb4U70lAykQeDJplLmiw8/EyUWHXIMqQGfVNAE4qmBe', 'Cajero', 2);

-- --------------------------------------------------------

--
-- Estructura de tabla para la tabla `ventas`
--

CREATE TABLE `ventas` (
  `id` int(11) NOT NULL,
  `id_usuario` int(11) DEFAULT NULL,
  `id_cliente` int(11) DEFAULT NULL,
  `total` decimal(10,2) DEFAULT NULL,
  `metodo_pago` enum('Efectivo','Tarjeta','Yape','Plin') NOT NULL,
  `imagen_evidencia` longblob DEFAULT NULL,
  `numero_operacion` varchar(255) DEFAULT NULL,
  `tipo_comprobante` enum('Boleta','Factura') NOT NULL,
  `fecha_emision` datetime NOT NULL,
  `estado` enum('Emitido','Cancelado') NOT NULL
) ENGINE=InnoDB DEFAULT CHARSET=utf8mb4 COLLATE=utf8mb4_general_ci;

--
-- Volcado de datos para la tabla `ventas`
--

INSERT INTO `ventas` (`id`, `id_usuario`, `id_cliente`, `total`, `metodo_pago`, `imagen_evidencia`, `numero_operacion`, `tipo_comprobante`, `fecha_emision`, `estado`) VALUES
(1, 1, 1, 24.00, 'Efectivo', NULL, NULL, 'Boleta', '2024-11-12 06:53:54', 'Emitido');

--
-- Índices para tablas volcadas
--

--
-- Indices de la tabla `boxs`
--
ALTER TABLE `boxs`
  ADD PRIMARY KEY (`id`);

--
-- Indices de la tabla `categorias`
--
ALTER TABLE `categorias`
  ADD PRIMARY KEY (`id`);

--
-- Indices de la tabla `clientes`
--
ALTER TABLE `clientes`
  ADD PRIMARY KEY (`id`);

--
-- Indices de la tabla `detalleboxs`
--
ALTER TABLE `detalleboxs`
  ADD PRIMARY KEY (`id`);

--
-- Indices de la tabla `detallereservas`
--
ALTER TABLE `detallereservas`
  ADD PRIMARY KEY (`id`);

--
-- Indices de la tabla `detallesboxes`
--
ALTER TABLE `detallesboxes`
  ADD PRIMARY KEY (`id`),
  ADD KEY `id_box` (`id_box`),
  ADD KEY `id_producto` (`id_producto`);

--
-- Indices de la tabla `detallesreservas`
--
ALTER TABLE `detallesreservas`
  ADD PRIMARY KEY (`id`),
  ADD KEY `id_reserva` (`id_reserva`),
  ADD KEY `id_box` (`id_box`);

--
-- Indices de la tabla `detalleventas`
--
ALTER TABLE `detalleventas`
  ADD PRIMARY KEY (`id`),
  ADD KEY `id_venta` (`id_venta`),
  ADD KEY `id_producto` (`id_producto`);

--
-- Indices de la tabla `empleados`
--
ALTER TABLE `empleados`
  ADD PRIMARY KEY (`id`);

--
-- Indices de la tabla `inventarios`
--
ALTER TABLE `inventarios`
  ADD PRIMARY KEY (`id`),
  ADD KEY `id_producto` (`id_producto`);

--
-- Indices de la tabla `productos`
--
ALTER TABLE `productos`
  ADD PRIMARY KEY (`id`),
  ADD KEY `id_categoria` (`id_categoria`);

--
-- Indices de la tabla `promociones`
--
ALTER TABLE `promociones`
  ADD PRIMARY KEY (`id`);

--
-- Indices de la tabla `promocionesclientes`
--
ALTER TABLE `promocionesclientes`
  ADD PRIMARY KEY (`id`),
  ADD KEY `id_cliente` (`id_cliente`),
  ADD KEY `id_promocion` (`id_promocion`);

--
-- Indices de la tabla `promociones_clientes`
--
ALTER TABLE `promociones_clientes`
  ADD PRIMARY KEY (`id`);

--
-- Indices de la tabla `reservas`
--
ALTER TABLE `reservas`
  ADD PRIMARY KEY (`id`),
  ADD KEY `id_cliente` (`id_cliente`),
  ADD KEY `id_usuario` (`id_usuario`);

--
-- Indices de la tabla `usuarios`
--
ALTER TABLE `usuarios`
  ADD PRIMARY KEY (`id`),
  ADD KEY `id_empleado` (`id_empleado`);

--
-- Indices de la tabla `ventas`
--
ALTER TABLE `ventas`
  ADD PRIMARY KEY (`id`),
  ADD KEY `id_usuario` (`id_usuario`),
  ADD KEY `id_cliente` (`id_cliente`);

--
-- AUTO_INCREMENT de las tablas volcadas
--

--
-- AUTO_INCREMENT de la tabla `boxs`
--
ALTER TABLE `boxs`
  MODIFY `id` int(11) NOT NULL AUTO_INCREMENT;

--
-- AUTO_INCREMENT de la tabla `categorias`
--
ALTER TABLE `categorias`
  MODIFY `id` int(11) NOT NULL AUTO_INCREMENT, AUTO_INCREMENT=10;

--
-- AUTO_INCREMENT de la tabla `clientes`
--
ALTER TABLE `clientes`
  MODIFY `id` int(11) NOT NULL AUTO_INCREMENT, AUTO_INCREMENT=4;

--
-- AUTO_INCREMENT de la tabla `detalleboxs`
--
ALTER TABLE `detalleboxs`
  MODIFY `id` int(11) NOT NULL AUTO_INCREMENT;

--
-- AUTO_INCREMENT de la tabla `detallereservas`
--
ALTER TABLE `detallereservas`
  MODIFY `id` int(11) NOT NULL AUTO_INCREMENT;

--
-- AUTO_INCREMENT de la tabla `detallesboxes`
--
ALTER TABLE `detallesboxes`
  MODIFY `id` int(11) NOT NULL AUTO_INCREMENT;

--
-- AUTO_INCREMENT de la tabla `detallesreservas`
--
ALTER TABLE `detallesreservas`
  MODIFY `id` int(11) NOT NULL AUTO_INCREMENT, AUTO_INCREMENT=6;

--
-- AUTO_INCREMENT de la tabla `detalleventas`
--
ALTER TABLE `detalleventas`
  MODIFY `id` int(11) NOT NULL AUTO_INCREMENT, AUTO_INCREMENT=2;

--
-- AUTO_INCREMENT de la tabla `empleados`
--
ALTER TABLE `empleados`
  MODIFY `id` int(11) NOT NULL AUTO_INCREMENT, AUTO_INCREMENT=3;

--
-- AUTO_INCREMENT de la tabla `inventarios`
--
ALTER TABLE `inventarios`
  MODIFY `id` int(11) NOT NULL AUTO_INCREMENT, AUTO_INCREMENT=14;

--
-- AUTO_INCREMENT de la tabla `productos`
--
ALTER TABLE `productos`
  MODIFY `id` int(11) NOT NULL AUTO_INCREMENT, AUTO_INCREMENT=17;

--
-- AUTO_INCREMENT de la tabla `promociones`
--
ALTER TABLE `promociones`
  MODIFY `id` int(11) NOT NULL AUTO_INCREMENT, AUTO_INCREMENT=6;

--
-- AUTO_INCREMENT de la tabla `promocionesclientes`
--
ALTER TABLE `promocionesclientes`
  MODIFY `id` int(11) NOT NULL AUTO_INCREMENT, AUTO_INCREMENT=6;

--
-- AUTO_INCREMENT de la tabla `promociones_clientes`
--
ALTER TABLE `promociones_clientes`
  MODIFY `id` int(11) NOT NULL AUTO_INCREMENT;

--
-- AUTO_INCREMENT de la tabla `reservas`
--
ALTER TABLE `reservas`
  MODIFY `id` int(11) NOT NULL AUTO_INCREMENT, AUTO_INCREMENT=6;

--
-- AUTO_INCREMENT de la tabla `usuarios`
--
ALTER TABLE `usuarios`
  MODIFY `id` int(11) NOT NULL AUTO_INCREMENT, AUTO_INCREMENT=3;

--
-- AUTO_INCREMENT de la tabla `ventas`
--
ALTER TABLE `ventas`
  MODIFY `id` int(11) NOT NULL AUTO_INCREMENT, AUTO_INCREMENT=2;

--
-- Restricciones para tablas volcadas
--

--
-- Filtros para la tabla `detallesboxes`
--
ALTER TABLE `detallesboxes`
  ADD CONSTRAINT `detallesboxes_ibfk_1` FOREIGN KEY (`id_box`) REFERENCES `boxs` (`id`),
  ADD CONSTRAINT `detallesboxes_ibfk_2` FOREIGN KEY (`id_producto`) REFERENCES `productos` (`id`);

--
-- Filtros para la tabla `detallesreservas`
--
ALTER TABLE `detallesreservas`
  ADD CONSTRAINT `detallesreservas_ibfk_1` FOREIGN KEY (`id_reserva`) REFERENCES `reservas` (`id`),
  ADD CONSTRAINT `detallesreservas_ibfk_2` FOREIGN KEY (`id_box`) REFERENCES `boxs` (`id`);

--
-- Filtros para la tabla `detalleventas`
--
ALTER TABLE `detalleventas`
  ADD CONSTRAINT `detalleventas_ibfk_1` FOREIGN KEY (`id_venta`) REFERENCES `ventas` (`id`),
  ADD CONSTRAINT `detalleventas_ibfk_2` FOREIGN KEY (`id_producto`) REFERENCES `productos` (`id`);

--
-- Filtros para la tabla `inventarios`
--
ALTER TABLE `inventarios`
  ADD CONSTRAINT `inventarios_ibfk_1` FOREIGN KEY (`id_producto`) REFERENCES `productos` (`id`);

--
-- Filtros para la tabla `productos`
--
ALTER TABLE `productos`
  ADD CONSTRAINT `productos_ibfk_1` FOREIGN KEY (`id_categoria`) REFERENCES `categorias` (`id`);

--
-- Filtros para la tabla `promocionesclientes`
--
ALTER TABLE `promocionesclientes`
  ADD CONSTRAINT `promocionesclientes_ibfk_1` FOREIGN KEY (`id_cliente`) REFERENCES `clientes` (`id`),
  ADD CONSTRAINT `promocionesclientes_ibfk_2` FOREIGN KEY (`id_promocion`) REFERENCES `promociones` (`id`);

--
-- Filtros para la tabla `reservas`
--
ALTER TABLE `reservas`
  ADD CONSTRAINT `reservas_ibfk_1` FOREIGN KEY (`id_cliente`) REFERENCES `clientes` (`id`),
  ADD CONSTRAINT `reservas_ibfk_2` FOREIGN KEY (`id_usuario`) REFERENCES `usuarios` (`id`);

--
-- Filtros para la tabla `usuarios`
--
ALTER TABLE `usuarios`
  ADD CONSTRAINT `usuarios_ibfk_1` FOREIGN KEY (`id_empleado`) REFERENCES `empleados` (`id`);

--
-- Filtros para la tabla `ventas`
--
ALTER TABLE `ventas`
  ADD CONSTRAINT `ventas_ibfk_1` FOREIGN KEY (`id_usuario`) REFERENCES `usuarios` (`id`),
  ADD CONSTRAINT `ventas_ibfk_2` FOREIGN KEY (`id_cliente`) REFERENCES `clientes` (`id`);
COMMIT;

/*!40101 SET CHARACTER_SET_CLIENT=@OLD_CHARACTER_SET_CLIENT */;
/*!40101 SET CHARACTER_SET_RESULTS=@OLD_CHARACTER_SET_RESULTS */;
/*!40101 SET COLLATION_CONNECTION=@OLD_COLLATION_CONNECTION */;
