-- phpMyAdmin SQL Dump
-- version 5.2.1
-- https://www.phpmyadmin.net/
--
-- Servidor: 127.0.0.1
-- Tiempo de generación: 03-12-2024 a las 12:43:18
-- Versión del servidor: 10.4.32-MariaDB
-- Versión de PHP: 8.2.12

SET SQL_MODE = "NO_AUTO_VALUE_ON_ZERO";
START TRANSACTION;
SET time_zone = "+00:00";


/*!40101 SET @OLD_CHARACTER_SET_CLIENT=@@CHARACTER_SET_CLIENT */;
/*!40101 SET @OLD_CHARACTER_SET_RESULTS=@@CHARACTER_SET_RESULTS */;
/*!40101 SET @OLD_COLLATION_CONNECTION=@@COLLATION_CONNECTION */;
/*!40101 SET NAMES utf8mb4 */;

--
-- Base de datos: `eclipsenigth`
--

-- --------------------------------------------------------

--
-- Estructura de tabla para la tabla `boxs`
--

CREATE TABLE `boxs` (
  `id` int(11) NOT NULL,
  `nombre_box` varchar(50) NOT NULL,
  `capacidad` int(11) NOT NULL,
  `requisitos` varchar(250) DEFAULT NULL
) ENGINE=InnoDB DEFAULT CHARSET=utf8mb4 COLLATE=utf8mb4_general_ci;

-- --------------------------------------------------------

--
-- Estructura de tabla para la tabla `categorias`
--

CREATE TABLE `categorias` (
  `id` int(11) NOT NULL,
  `nombre_categoria` varchar(100) NOT NULL,
  `descripcion` varchar(200) DEFAULT NULL
) ENGINE=InnoDB DEFAULT CHARSET=utf8mb4 COLLATE=utf8mb4_general_ci;

--
-- Volcado de datos para la tabla `categorias`
--

INSERT INTO `categorias` (`id`, `nombre_categoria`, `descripcion`) VALUES
(1, 'Bebidas', 'gaseosas, agua, refrescos, etc'),
(2, 'Cervezas', 'Cervezas y marcas'),
(3, 'Tragos', 'Tragos preparados'),
(4, 'Bebidas Alcoholicas', 'Ron, Whisky, Pisco, Vodka, etc'),
(5, 'Golosinas', 'Snacks, chicle, caramelos, etc'),
(6, 'Adicionales', 'Hielo, Limón, cigarros'),
(7, 'Combos', 'Combos que incluyen bebidas alcoholicas y otros');

-- --------------------------------------------------------

--
-- Estructura de tabla para la tabla `clientes`
--

CREATE TABLE `clientes` (
  `id` int(11) NOT NULL,
  `id_empresa` int(11) DEFAULT NULL,
  `tipo_cliente` enum('Cliente','Empresa') NOT NULL,
  `dni` varchar(8) DEFAULT NULL,
  `nombre_completo` varchar(250) DEFAULT NULL,
  `direccion` text DEFAULT NULL,
  `email` varchar(200) DEFAULT NULL,
  `telefono` varchar(9) DEFAULT NULL
) ENGINE=InnoDB DEFAULT CHARSET=utf8mb4 COLLATE=utf8mb4_general_ci;

--
-- Volcado de datos para la tabla `clientes`
--

INSERT INTO `clientes` (`id`, `id_empresa`, `tipo_cliente`, `dni`, `nombre_completo`, `direccion`, `email`, `telefono`) VALUES
(1, NULL, 'Cliente', '45162004', 'SIDALIA MALU PALA GRANDEZ', '', '', '');

-- --------------------------------------------------------

--
-- Estructura de tabla para la tabla `detalleboxs`
--

CREATE TABLE `detalleboxs` (
  `id` int(11) NOT NULL,
  `id_box` int(11) DEFAULT NULL,
  `id_producto` int(11) DEFAULT NULL,
  `cantidad_minima` int(11) NOT NULL,
  `observaciones` varchar(255) DEFAULT NULL
) ENGINE=InnoDB DEFAULT CHARSET=utf8mb4 COLLATE=utf8mb4_general_ci;

-- --------------------------------------------------------

--
-- Estructura de tabla para la tabla `detallereservas`
--

CREATE TABLE `detallereservas` (
  `id` int(11) NOT NULL,
  `id_reserva` int(11) DEFAULT NULL,
  `id_box` int(11) DEFAULT NULL,
  `disponibilidad` enum('Sí','No') NOT NULL
) ENGINE=InnoDB DEFAULT CHARSET=utf8mb4 COLLATE=utf8mb4_general_ci;

-- --------------------------------------------------------

--
-- Estructura de tabla para la tabla `detalleventas`
--

CREATE TABLE `detalleventas` (
  `id` int(11) NOT NULL,
  `id_venta` int(11) DEFAULT NULL,
  `id_producto` int(11) DEFAULT NULL,
  `cantidad` int(11) NOT NULL,
  `subtotal` decimal(10,2) NOT NULL,
  `pagado` decimal(10,2) DEFAULT NULL,
  `cambio` decimal(10,2) DEFAULT NULL
) ENGINE=InnoDB DEFAULT CHARSET=utf8mb4 COLLATE=utf8mb4_general_ci;

-- --------------------------------------------------------

--
-- Estructura de tabla para la tabla `empleados`
--

CREATE TABLE `empleados` (
  `id` int(11) NOT NULL,
  `dni` varchar(8) NOT NULL,
  `nombre_completo` varchar(255) NOT NULL,
  `direccion` text NOT NULL,
  `telefono` varchar(9) NOT NULL,
  `email` varchar(100) NOT NULL,
  `fecha_contratacion` datetime NOT NULL
) ENGINE=InnoDB DEFAULT CHARSET=utf8mb4 COLLATE=utf8mb4_general_ci;

--
-- Volcado de datos para la tabla `empleados`
--

INSERT INTO `empleados` (`id`, `dni`, `nombre_completo`, `direccion`, `telefono`, `email`, `fecha_contratacion`) VALUES
(1, '60885621', 'PIETRO MARSEL URBINA PALA', 'Av.Manantay Mz:C Lt:09', '960495403', 'urbinapala2005@gmail.com', '2024-11-22 00:00:00');

-- --------------------------------------------------------

--
-- Estructura de tabla para la tabla `empresas`
--

CREATE TABLE `empresas` (
  `id` int(11) NOT NULL,
  `ruc` varchar(11) NOT NULL,
  `razon_social` varchar(200) NOT NULL,
  `direccion` text DEFAULT NULL,
  `estado` varchar(50) DEFAULT NULL,
  `tipo_contribuyente` varchar(200) DEFAULT NULL
) ENGINE=InnoDB DEFAULT CHARSET=utf8mb4 COLLATE=utf8mb4_general_ci;

-- --------------------------------------------------------

--
-- Estructura de tabla para la tabla `inventarios`
--

CREATE TABLE `inventarios` (
  `id` int(11) NOT NULL,
  `id_producto` int(11) DEFAULT NULL,
  `stock` int(11) NOT NULL,
  `precio` decimal(10,2) NOT NULL,
  `unidad_medida` varchar(50) NOT NULL,
  `fecha_actualizacion` datetime NOT NULL DEFAULT current_timestamp()
) ENGINE=InnoDB DEFAULT CHARSET=utf8mb4 COLLATE=utf8mb4_general_ci;

--
-- Volcado de datos para la tabla `inventarios`
--

INSERT INTO `inventarios` (`id`, `id_producto`, `stock`, `precio`, `unidad_medida`, `fecha_actualizacion`) VALUES
(2, 1, 200, 7.00, 'BOTELLA', '2024-11-29 16:54:54'),
(3, 3, 100, 0.00, 'BOTELLA', '2024-11-30 00:41:57'),
(4, 9, 120, 0.00, 'BOTELLA', '2024-11-30 00:52:08'),
(5, 12, 30, 0.00, 'UNIDAD', '2024-11-30 02:34:14'),
(6, 10, 40, 0.00, 'UNIDAD', '2024-11-30 04:34:48');

-- --------------------------------------------------------

--
-- Estructura de tabla para la tabla `kardexs`
--

CREATE TABLE `kardexs` (
  `id` int(11) NOT NULL,
  `id_inventario` int(11) DEFAULT NULL,
  `tipo_movimiento` enum('Entrada','Salida') NOT NULL,
  `cantidad` int(11) NOT NULL,
  `precio` decimal(10,2) NOT NULL,
  `fecha_movimiento` datetime NOT NULL DEFAULT current_timestamp(),
  `descripcion` text DEFAULT NULL
) ENGINE=InnoDB DEFAULT CHARSET=utf8mb4 COLLATE=utf8mb4_general_ci;

--
-- Volcado de datos para la tabla `kardexs`
--

INSERT INTO `kardexs` (`id`, `id_inventario`, `tipo_movimiento`, `cantidad`, `precio`, `fecha_movimiento`, `descripcion`) VALUES
(2, 2, 'Entrada', 200, 0.00, '2024-11-29 16:54:54', 'Registro inicial en inventario'),
(3, 3, 'Entrada', 100, 0.00, '2024-11-30 00:41:57', 'Registro inicial en inventario'),
(4, 4, 'Entrada', 120, 0.00, '2024-11-30 00:52:08', 'Registro inicial en inventario'),
(5, 5, 'Entrada', 30, 0.00, '2024-11-30 02:34:14', 'Registro inicial en inventario'),
(6, 6, 'Entrada', 40, 0.00, '2024-11-30 04:34:48', 'Registro inicial en inventario');

-- --------------------------------------------------------

--
-- Estructura de tabla para la tabla `productos`
--

CREATE TABLE `productos` (
  `id` int(11) NOT NULL,
  `nombre_producto` varchar(100) NOT NULL,
  `descripcion` varchar(200) DEFAULT NULL,
  `id_categoria` int(11) DEFAULT NULL,
  `precio_compra` decimal(10,2) NOT NULL,
  `precio_venta` decimal(10,2) NOT NULL,
  `fecha_vencimiento` date DEFAULT NULL,
  `imagen` text DEFAULT NULL,
  `estado` varchar(10) DEFAULT 'Inactivo'
) ENGINE=InnoDB DEFAULT CHARSET=utf8mb4 COLLATE=utf8mb4_general_ci;

--
-- Volcado de datos para la tabla `productos`
--

INSERT INTO `productos` (`id`, `nombre_producto`, `descripcion`, `id_categoria`, `precio_compra`, `precio_venta`, `fecha_vencimiento`, `imagen`, `estado`) VALUES
(1, 'Heineken', 'Heineken 650ml', 2, 4.00, 7.00, NULL, 'data:image/jpeg;base64,/9j/4AAQSkZJRgABAQAAAQABAAD/2wCEAAkGBxIQEhMRExIWEhUXGBEYFRgYFhUWFxoVFxUWFhgWFxgbHSggGB0lGxcaITEhJSkrLi4uGB8zODMsNygtLjABCgoKDg0OGxAQGy0lHyYyMTAvLS0rLS0tLy0tMCswLS0tLS0tLS0tLS0tLS0tLS0tKy8tLS0vLS0tLS0tLS0tLf/AABEIARMAtwMBEQACEQEDEQH/xAAcAAEAAgMBAQEAAAAAAAAAAAAABQcDBAYCAQj/xABHEAABBAECAgYFBwgIBwEAAAABAAIDEQQSIQUxBgcTQVFhFCJxgaEjMkJSkbGyJDRig5LB0fAzU3JzorPC4RdUY4KTo8MV/8QAGgEBAAMBAQEAAAAAAAAAAAAAAAEDBAUCBv/EADURAAIBAgQCCAUFAAIDAAAAAAABAgMRBBIhMUFRIjJhcYGRofATM7HB4QUUQtHxI1I0YqL/2gAMAwEAAhEDEQA/ALxQBAEAQBAEAQBAEAQHy0AtALQH1AEAQBAEAQBAEAQBAEAQBAEAQBAEAQHwoDG+SkBGZXG4YzpdLG0+DpGNP2OcCvDnFbsrlVhHrSS8TTm6V4jCWuyIwQSCC9uxBog781HxI8zx+4pXtmRlx+k+I803JhJ8O1Zf2XalTi+J6VWD2kvMmIpg4WDYXstMwKA+oAgCAIAgCAIAgCAIAgCAIAgCAIDw8oDjesrJkbgzdkHlx0A9mHOdo1Au2G9UKJ8CVXUvbQz4hScGo7lI8Jn9Lc6GNzmklmxIaToY8eq0NcTqcQTfKlkqNU1e1+4wOhGKtbfvfmSGRwaeUyR9vjtkkkMpvLIcBbiA0OiBv1zufJVLEx3yy8V+S5UoXvdeK49upBccjkh7R55OczSWSdo0Oo2LoXdG9tqV1KpGaVvVWZXCnFyUVw48/qW91J5kzsN7ZGvDBK4wucCLY4AkN8QHXuO9xWqCsrG6jFxjZlnRlWF5kQBAEAQBAEAQBAEAQBAEAQBAEAQGOVAcd0+ilfhzthk7J+mw79FpDnDytoIvzXiWxXNXRSfQ/NjjkkMXqFwA0yNjJFczqc11b92/PmsVW6V2rmOrJR1ep0XEcKeS5BPoB+i3I0gewCNc/wCNSzdT/wCfyQpO19PP8ERxTo/PNiySmZxYwxgMoP1vc4Mboeac4+tyqvMLXRlGMr28dvQ9QkutYsfqhgljwhrcC10khiaPoMvSWmifph7uZ+cujT6qNNNWViyYOSsLUZkJCAIAgCAIAgCAIAgCAIAgCAIAgMcvJAch06NYeVvVxStvwL2loPxVc3aLZXLYqLD4I+JuO1pcHyxiaTctt0lEnauQoV5eZXOdRNyb4aLuRysTUqZ1GJ4l4E9hdKHOHLUQ4gn20bPd7LHiF7UoyW2hR8SvGLm1orXfff62PuJ0iyoh2BcHskBjtwGsXy9bmd65/btS8yox1knbn74eBoo4lzi77lh9Tsurh8Q8Hzj7ZXPHweF0Y7HThsWTByXssRmQkIAgCAIAgCAIAgCAIAgCAIAgCAxzckBwPWpKW8PyaNFzWtHtLh/BVVXaPl9SqexHTY15UewpkDBXdsBt8FxZT08V9DI4Xrp8kQ/EMeYztDf6PZpJjaQBJ2Zdbdu0qmEuGwreu/VC7tZaP34n1eHp4GWDcJwSlNZsmZ3k43tZ7q/BdvE5PiZBmYQ0Np8dC9tnDcnx8SAB5K694s+ChVUqjcYqK5Lb1O86mHVBkRn6GRIK8AGsb97CfetVN3R2qPV995asHJWl6MyEhAEAQBAEAQBAEAQBAEAQBAEAQGGc7IQV71muaYI2PeGNdPCST3hhMhHv0V71nru0ffJlNWVkRUHH8YyPnMt6mgUASBXhQN81zXSW1zOpRU3PsNx3DI5ojliaXSA8hwbs0R39OxprStEKCy5k3/h5lQU1nzP/AA47O4FBIds1m/1hvfPucbXpSS4mSOFUX1jqurbG7GfNAkY9j3RSM0m6J7TUD8FootWsdHD6KxaGMVoNSNhCQgCAIAgCAIAgCAIAgCAIAgCAIDXyChDKu60JQX4zDvtlSfsMY0f5iyYp9Fd6MWMdoe+05nojuDf8VycfotDJhusd42Jno7naBYbLTvk6sh4on5194aBXqg2LclBXwzdtbPXTt0537NtFrudCSWUjuj7GOdRAI3sbeHIrPS+csxXRSseOjpEfFJIwA0PgedthbJY/3PK636a+g12k09KsvD7lm4pXSNaNpSSEAQBAEAQBAEAQBAEAQBAEAQBAauUVBDKn6xHh2SR9TGef/LLX/wAlhxj1gu0wYzVW7yJ6Ix+r/PguV+oMowi1bO8kmkdjPOtxpsgIp1H1HAAU3SAKbZ/teSvo1Jzwzcm9n99Nraaa359hvlfKQ3Az645fbW1dyww+aiuiYC4RcYx/+o2dn/rMn+hdbAaTmu0LSu+4s/EK6hrRuhSSEAQBAEAQBAEAQBAEAQBAEAQAoDSyyoIZT3TeTVPmu+qzFi99Olr7JLXOxWtaCOfi/wCvr+Dx0Rb8mFy8d1ivCI7aQAYxGoObplolkt2WlxANhuxPgeVrRT/8dpNWtL+Mu/e9tO58zdLqkFwV3ygFLCl/yRZTR3NbpIey4hgyeE8bb/vB2e/7S6mEdq813Ey0rR7i0cI7LrmpG+FJ6PqAIAgCAIAgCAIAgCAIAgCAID4UBoZhUHllQdImtfFny8ycr4QhuOfsI+C5k3fENckvv/ZgxWsW3zXv1HRdtMA9viubjX0rlWER3eXj6MZ1Mfux51FkfqgMLvnXek63DkTu4bWtqo5MO0k9nq0tNL732d3wvq9jfPqnMcHPygXMekolFHc0OsCTQ2LIP0ZY5PdG5p25bc/sXSw91Wvz+1hVdpwfaWthFdlGxEm1Sej6gCAIAgCAIAgCAIAgCAIAgCA+OQEbmlQzyyluJZY9Ex3DlPJlSHzbLK91/ELkrWvJ++X2ObiW8qXayQ6PCmAHmFzsZqyMLojfzXHn/G99t/Klmp9e/E0VNjBw5x1gDY3/ACVdUjtYqpPpWPnWSzVj6OYawDkAAeft7/gt8ZJV4xXBHvEaJPtRYHRbL7bHglH04oX/ALTGn967aNqOjYpPR6QBAEAQBAEAQBAEAQBAEAQBAeXlAc50pzOxx55fqRSv/ZYXfuUHllPdJyxsGBGyRj2sgjB0va4XQsWCR4hcqmn8STfJfd/c5WLv0e4mujM0b2gSO0GtnVY/7gN/eFlrU4OTUnYYaSa1JfiOAxrC4ZEbxQIaHU7atqNb7/BeFh4LpKafiaJpW3IfEySH8g0bWCQSRY5kbDa+VrxOKUbrUqg7S1M/TTNYcd1uZemvnAkmr38N723+NKyleVWDXiW4hqULI6bqsy+04dinwa5n/je6P7mrvx2NcdjvIjsvZYZEAQBAEAQBAEAQBAEAQBAEAQGGZ2yEFYdZ3F3yNdw7HGqWRtzO+jHCTyJ+s+qrws94WevXhSV5MpqVMveVjF0aZG4azZ8Rtyrv5rJ+4zLQ5tTETbtsdZwfDhjoVVX4XvX31yWCvOb2Jp5W+kdBmnF0DRrLtr1Bte6lnajZZM1+N7W9DVN07aHNcQx2Sc2g737Cas/AfZ5LVSk4mKT5HM8S4HGSSGAdxrYk1zJ79wD7fBbadV2CxNSO7udb1T9IhivHD5TTXucYHdwc7cxH2myD4kjvC2053OhQrqoi7Md6tNSNgKST6gCAIAgCAIAgCAIAgCAID44oCG4/xJuNDLO/5sbHvPidIJoeZ5e9Qzy2VnwwhmIciQ6sjJc6WY72NW7Gi+QA2A93cuBi5qrLLxv5JGTMlBzfH2jkZsgved9v91rjFRicmTbZL4cR/n71mqSRdCLN9sZWZzRckeXRqVIjKZDw4Paq/wBw4yPao5kcj0n4UWU5tgg2CCQQRuCD42urha+cpi3RmXX1f8eOdhQzu+eQWyd3yjCWuNdwJFjycF007nYi7nWsK9Hs9IAgCAIAgCAIAgCAIAgCAxylAV51vZBHD5Gg1rfA0+ztWuI9+mvevE9ims7QZyPF5g2Bo8GtA2vegR7AvnMPFuq32mCvK1NHP8JZrdXmujWeVGCKvKx2mPjequPUmzpwhofJGV5Lym76ktGs80rkUskuHBrtj3gj7VS9JamqjZkT0txgWOrkB/ClpwcrVLGfGJJXN7qPlIhyo+5s4cP++No/0r6KD0NeHleCZbcJ2VhoMyEhAEAQBAEAQBAEAQBAEBin5ICtOuE/kP62D8SrnsZ6/UZznSnGcyFjdgNDDu/UarntVLhUIqFXXjrwMOJi1Ff2a3CeBS48Yychzcdrto2u/pX99sj3dXx8qK6NSjnj0nZHilh2ulLTv38ie4fxOEEa4pHjzd2fwB1fBYpU8JFWs5Pvt9DSqsFpZ+/UgsqeZ0ji1pDbJDflTQqwL0b7bq+P7e3yvX8lTrr/AK+r/o8R5wupGP8AMteCedcnEH4L3lwz/i0M9KW6a8f7Oo4HhicEwS9o5u5jcNEoHiGOAJH8i1ir4HNrRal2bP8AJopRX8ZX+pEdLNQY6+ffzHl9/cqMGl8SxRjE7Gz1Nbemc/6SHnX1CvoaWxowny0W5jq41o2EJCAIAgCAIAgCAIAgCAIDDPyQhlbdb35l+ux/xqqp1WUV/lvuI3pflDGdG8M1vDYzGHElocGgaiD3Dub3ke0rnUaShPO+SS77avwKa8owtJ6vgQPDHmabVK92TPJpFWRTnEU0n31pAoF1bad/dbXfVsxrpTvJ3kzp/Q56MgcyHQ6GMtYwmmzOZICe4Aawdz3UqIwlq9raeepe4ztdO2y8zR49w7Khnx4O3c90ziGnkAe07Fp/YIJ8Nx3K903FpPf2vfkVVYVIzjHNv/h9x+ET0TDLHNEGl4L49OqpJ2lp2J5tkNkgU47hTkb6uvt/k9RpS/i013dr/J64c0BwsdhJUbmb00AsaWnxYTd33alz6qWbez/CPdPyZq9L8507CXj1gwW6qLgO8j6wBHtHsK0ULVXnfXW/auD70MTecO42up475n9uH/LK6dLql2D+Ui28ZXmxGwhIQBAEAQBAEAQBAEAQBAYZ+SEMrjraH5IALsz49Vz+eqa3Udyiv1GaPTXGcWCYbyHSyNtEkGqHKySBdVyc5pXOvJTUnySS7ePvuKMTHTNx9++80uGYUGJjhxmD2TBjgWWXiRhJY+NvqF7dy0sN9m8NJvetNTKo7+178GVWhCG+/np5eXBnQNhzM0uc2KGEPDCXSD1iG6tLwKJFaiA/SNiBZoFURjVrO9kr+/7s7LTiW2qVNkl3njL6G5MjmPfnsL2F746j+a4vD3FtEfScDyoWOS0rDy4v3/pEsFVl0nPbs4vU18zh/EIg5rzFlxy0HBlMcWN3Aa0Bv6WzQfnE0bK8zjVinx9+9iJU60dJWaZtYuRHlMczfXruVgaNWuySI73c/YNB5NYHXVb5ZyVWNuer018O3hyUb3sWRcZ3Xv39EQXHsWmlrwNcVB9GxoNtq/I232PHgqaGanPXg7Pu/G3kuBXOyevDfuNjqqgEcmcwG6liHv0FdahfLqW4VWhYtbGWg1o2EJCAIAgCAIAgCAIAgCAIDDPyQhlcdbB/JG1v8vj/AI1VVV4tFFfqMx8egEj8dulzm6C+myMjdZboDoy8gam6A8CwbaSudBp1oq3C/n/hVUjeUSM4PjdtmvLzqEHZgF7Gt1Tv5ySMFgloa8k/S7Flk81qspT9+/8ACpRz1deH1fv0RZeQ10TNTIjMeZGoB3Lc7j1ne3f4BaXeK0VzrUKcJSyyll7bX8ytOL9O3DOhn7JzI4mSMfESNRLvn3ttuGbfoLE8RealbbgfV0f0aP7SVLMnKTTT4abd/HzO74Tlvy49b8Z2O0/NDyC4jzYBsPbv8CtsJOS1Vj5jFUIUpZFNS522IXiMfYTsnAJOtrJK+k1wLmOfy1EGN7TZ9bs2k8yuZjP+OaqLhv2p7fR76OxzJRyzuRfTaManNuR+uOcFzhpaTGwyNEZoAgFjdht7V4ULVm1d3T1a07LeXdyKcSlt2P01NfqmNvzj9aWJ37TNVfFdSnsaKGsb8/uWvjK00I2EJCAIAgCAIAgCAIAgCAIDDPyQhlb9bbqwwfCbHP8AjVc9ims7QbIzpxxKXH7F0UrYj2bG+s6IW024jS/mOXceXmubRjL4ia2ypcPuZ6zndZPt9x1aOLzI8lpJmDnEFoFGCUAgCgB8psAKF8gtdOKT7n9n/Ywyak78/sWn6QPrMI3+kLv7lqzLmbrrmcFP1fxTskfkZH5RI5zy9rgWMc4k6Q01qbZrejsKrksn7eLTberO+v16VOUY0or4a0s92l28H7dzq8WZ4jjD3RF4YBIdWxeBRI8ibPvWqL01epw6sqbm8m3DuInpGNTXEUQeyAOocxI6tvY8rnfqKvTfh9fyZqmrucXxviAfIH62Tut2zXtLiHAtOloNjnyAWbDxq53OWvjf35GOrLNJOOvcZ+p/nmg7ESRA+5hH7l1qXVNGG+Wi28ZXGpGwhIQBAEAQBAEAQBAEAQBAYZ+SEMrbrcP5GP77H/GqqnVZRX+W+40//wAMZGPDJIchwbHlGVzJ3MaHRUYxVGtQ1D3LNhY6X148eTK6UNnrs+JyfCej+e0xukncW6sXto25L+1hZO4aDI3kzUOXOr3pWyjI8yhPTU6xnB8r0vJEWQ9sMD2hzZcl2prXRtc0uN1W53vuPOlmrQm4yUXa3N2Kvh1PitqWi4NnPZ3R/iTJp4u37LsmCSWUzvbE1jrIcXDfeiKq/VKujGSdmeYUqyqWb9T7w3o5kac5mVLPI9mN6RjSRZEj45AWv0lv1wSB4Hy3BVqjozUoOzubfDuBZ8Ur4nZjajEZld6TKI4y86WMeSAQ93c2vbSz1Yys9fUyyp1VO2bbfVnnjHA8xvaZEz3OjjbPqZ6Q4SAs9XUG3uAS13PlR3sAzSjOMel9T3CnUjeUn6m/1PsLTmBxtwki1HxdoNn7bWinsaMP1fMtvGVxpRsISEAQBAEAQBAEAQBAEAQGGfkhDK263fzMf32P+NVVOqyiv8t9xDnjrIoIBLj5hIjy2u7OEOZ+UllUS4cg3vHes+H00s+PqymjK9rp6X4czXPSZuQY5XwZzHE45ljjhY2IviLSZC8U+fZtNa80PcFdJ9jLKkuxnQQ8XjlfnFuPmA5fZVqxwGs7OPSLOs3ZtZa7vCfRfS7ClVLyl0ZdLs5eJhzOmDJJZj6HluinijY/8nZIWPZqDS1jrbIPXN6vqjbmtOe7ej1LFVzN9F69hD4fSlmNJO9zOJGR8QiZLJAwkOt5D2xW1kTW7UwCjRtes3YyzPbgyX4f0nZIZHDDyozkMgdOW47XhmTGBT4w6w4GuZAI0A1ZNVTlvo9ez+ymVXV9F69l9UanGONMMTofRs1z3ty225mqzNo0uc67JuNpIrbUQLoX5hJ5LWfHc8/EvBpRlx3PvVLevN1CndrFY8CWEkfarqWsbl2G6hbGMrzSjYQkIAgCAIAgCAIAgCAIAgMM/JCGVt1vC8MDxmxx/jVc9imsrwa7Dn+m+I17Yf6C+zYSZAxt7kAayLNV4rl4Scm1r/Fb+Jmq3Uo5Wl3mfqxaPWbpYflS001rhTYXEBpIO1tu+9b4avXn9iaGr15/Ys+DHZrI0xlu/wBGPby2F7clf8OHJeRtyrkYZ8cWSGR0PKPwI8NvFTkjyGVcjSmhaA3aMWTZqLYfZv4pkjyIyx5Ed0ibpa4Na1oAjcKa0b9qB4biguf+oJKm9OX1KaqS2OSycFrZodDIGajsWBrnimlx525uwq7WWlKcovpJd1v9MkllkoxsiS6tgfSOI33zRH7Y7W/B/JjfkbKO3n9S0MZbC9GwhIQBAEAQBAEAQBAEAQBAYZ+SEMrfrbdWGCe6fGP+NeJbFVR2i2QXTnBMvosQcyP5NrS6RwYwEF17nnzGwBO65WHi86X/AKr6syV4ZpQR46Cxei5MuM52otMUrDRGoBj2SUDuSGTONc7iI5hbl0Za++fo/QU0qdTK+/8Av0foW1A0FweCN/nV41z9/wC9ajoEblsOp7iDQIs1W3hdb7XupBix4NVufs2+/vN7Dl4/wQENx6YPeI9VOkewDlQZGXlzz4N1yVf/AEiVyse7pRXFryV9fX0M1R3lb3p+foQXGMM42TECQ4Fkrmkc67GSnEC++hsTyKzQoSop3fB/T3xM9WNqkfH6M3Ors/lPEfKaEfZHyXTwitRiuxfQ109izcZai5GwhIQBAEAQBAEAQBAEAQBAYZ+SEMrPrj/Mf12P+NVz2ZTV6j7iB6czNLYnObra1zJCwbaoy1peCR5NAvzPguXh5Zpu/Y/Boy1utFmXCxG5LIsiOTs5SXdgS5odpj0l+trLbE1rTbWN2YG76jIt1SOZXT14e/fqeqsFK0k9eHvs97k7wvpp2YInic4NprnwlpbdneuQBr6LtJ3oKqnirdb09/fwIhi8vWXkSDun+COcsndsYzfwH71pVeDLP31Hn6EPxDp42X1MaGWR1OIL6aKDSS6mnUQA0kgFvf7FXLEX6qPEsYpaQR66MY73EZUz2l0oZodY7MRFrg+PQaaKFAsHJpcW2Qazyj/KXHutbj+VyvbU80U288uP05e+GxDcbyO0mYWN7PtXRRtbZr1ntLiCf0hVbfPPgslC1VSsrX++/qV1X01bjZev49SY6vQBlcTrl27CPewu/eunhZZqSkuJvgrFm4y1FqNhCQgCAIAgCAIAgCAIAgCAwz8kIZWfXH+Yn+9g/Eq5bFNbqM5jpbkTMbE5oB0sbYIBtoA7uZG+4P7guXgmpq63j9Px9LGeabcWt0vNEX0fyXMLvRHW17HhzHEh0YLo7cx1iiTo3B300QQFrm/+pROTT6H+bHYdF+OQ4bNEgc15frcS3bag0Vz2AdzHN3kqaNRQ0seqNWNNWZqy52GYooxM1pbBkwuc5j61yxxuD9gXEdrr3q9+Vbn3FRypdltuz+7njPSyqN+DXnb73IfP425+RizseZXxxwh16t3sc4OABHJwomh9I96lyd0zzKrecZJ3asS+Lkuc1sek4+OLcyPUXEgvB7/nHU4kWBs49yyYqTy5do8vfmWQk9Fay5GLiUtSRSVobu2LfmTbS4HvoE+t3uqqpRRTVGVTbRpL7nqbSal4L7kv1dX6TxK/69n4Ct+C+TE2wZZ2MthajYQkIAgCAIAgCAIAgCAIAgMM/JCGVn1xD8h/XQfjVc9imt1H3HHdNMh0QhLfVIDSDzIIA91eXtXF/Tn0pNMxVJNTjbkeuGzYGY0uN4WVR3a0ugkdXPSN4yfaBv3rpzyy30+hFT4VR6vLL0JbCwM2bSxmmUag757XC272Q/TzoXub250qZUJ2vHpeJPwaj2dyDzM95cWGBmrU0moo9nNLTQIfyNbjvs+K9qhUXD35Hh0ar/ivL8nts+W69IbEDzPycY2Gnu1EUL5VzK9qjPuPao1eLsTXR+CCMl88hyn7UxhIjv8ATebLx7NvJZMRKhTV5dJ+niyYRpxe92afSnOfLPE91fPYAAKaADQa0dwCop1JVYylLl5FOIk3NE/1cV6TxKuXbs+LCV0cF8mJ04Fn4y2FqNhCQgCAIAgCAIAgCAIAgCAwz8kIZWnXB+Zfrsf8arnsUV+o+44Tp28ERVvbb+AXG/T00pX5mGpJOcbciF4GfWH89621djNWfSO0gcRuNj3Ef7LlvR3RdE18sWSa38e/3q6FSfN+ZEpS5kfLvz39qtu3qyiTvuSXBAsuKehdh9zW6TPqSM+Dmn4r3g1eDQxHXR1XVw8HJ4kR/XRf5e66mCX/AAROrT1Vyz8ZbC1GwhIQBAEAQBAEAQBAEAQBAYZ+SEMrPri/Mf10H41XLYprdR9xWfSebUItq9Rv3D9652GjbN3nLg7yXca/BBuFbV2Katsx2cHILly3L4mGcXfkvcXYiRHSlXopZJcFO6zYrql9Dc1ulTLdH/ab9694F9BkYnrHS9VwIn4jf9ez8Jr4LrYT5Me46dHqlqYy1F6NhCQgCAIAgCAIAgCAIAgCAxT8kBW3XDGTw+Qj6MmO7/2tb/qXiWxVUV4sqnpNkxOEOh4edDbog1tyPn5LnYZSWbMuJzY07O/YjX4RktBAsXtW173/ADsraibRTUp63aOnbxENjDjd8/mmgAsTo3lYKWmhrHj8YJ1XXjp/nz3HgvX7d20PVpcjWdxiAuHr0DyJBHfSsVKSR4dOfI3MHjMTS6pW7XWx3+KpqUJSWx7inHgSge3JdEWFsjtQpoPM9wJJ9X2m1TCnKF4bFllUkrk31Sv7Q58+w7TJOwNgUxpoHv2eN12sPHLTijoUneNy1MZaC5GwhIQBAEAQBAEAQBAEAQBAY5QgOZ6VcLGVjzQHbtGPaD4OI9V3uNH3Lyzw0fmLiuHNjPLMiJ0Tht6wIB07W0nZ187GyqyW2KnB8DNwLKhbIDISB6vIauTgdh5gVXmVVVjLLoUzpzeliyMvj/CnxUMh5fpaGjsS3l6p5A7k7/asn7Wa1i9fQh0VJFccZy4+0cGElt+bTy9nn962U4StqKdKS3IsT15+9W5S/KeXTX4/emUZTPw+WUvDYdZkd6rQy9RvuFbqHTT0aHwz9IdW/AXYOHDC+tfrOkr67zdedCm3+irUWo7mAL0ejMhIQBAEAQBAEAQBAEAQBAeXBAaeTDaghkRl8P1WCLHgdwoseLEJldE8aQ2/FhefF0UZP2kKBZmlJ0Ewjzw4fcwD7k1Gpi/4fYP/ACkf2H+KajUDq+wf+Uj+w/xTUamxD0Hwm8sOD3xMP3hNRqTvD+Dsi2ZG1g8GtDR8ApsLE5jQUpPSRvsCk9HpAEAQBAEAQBAEAQBAEAQBAeS1AeHQhAeDjhCLHz0YKBY+eihBYeihBY+jGCCx7bCFIMgahJ6QBAEAQBAEAQBAEAQBAEAQBAEAQBAEAQBAEAQBAEAQBAEAQBAEB//Z', 'activo'),
(2, 'Agua Cielo', 'Agua Cielo 625ml', 1, 2.00, 5.00, '2025-06-20', 'data:image/jpeg;base64,/9j/4AAQSkZJRgABAQAAAQABAAD/2wCEAAkGBxMSERUSExAQEBATFhcWEhISEBMNFxAPFRgWFhcTFRMZHigiGBolGxMTITEjJSstLjouFx8zODMsNyotLisBCgoKDg0OGxAQGi0lHSUtLS0tLS0tNS0vLS0tLy01LS0tLS0tNS0tLS0tLS0tLS0tLS0tLS0tLS0tLS0tLS0tLf/AABEIAOEA4QMBEQACEQEDEQH/xAAbAAEAAgMBAQAAAAAAAAAAAAAAAwUCBAYHAf/EAEEQAAIBAgQCBQgHBAsAAAAAAAABAgMRBBIhMQVBE1FhcZEGIjJygaGxwQcUM0JS0fAkYoKyFSMlQ1OSorPC0uH/xAAaAQEAAwEBAQAAAAAAAAAAAAAAAQIDBAUG/8QAMhEBAAIBAgQFAgUCBwAAAAAAAAECEQMxBBIhQRMiMlFhBZEUobHR8HHBFSMkM1KBov/aAAwDAQACEQMRAD8A9xAAAAAAAAAAAAAAAAAAAAAAAAAAAAAAAAAAAAAAAAAAAAAAAAAAAAAAAAAAAAAAAAAAAAAAAAAAAAAAAAAEWLxMaUJVJyywiryersu5blqVm9orXeUTOIzLmsR5dYeO0K011qMY38WdtfpurPeGU69YVq+lTCJ2lSxUO3JTkvdO5pP0rW7TH5/sp+Kp8uq4Fx3D4yn0mHqKpFPLLRxcJb2lFpNbnDraF9G3LeMNqXreM1WRkuAAAAAAAAAAAAAAAAAAAAAAAAAAAAo/LWdsDWfZFe1zidXBRnXr/OzPW9EvLsfBxgnJxVu96eB9BSc26OK3SHFYiqpWtKOnf1dqR2Tp29nNzQ9Q+gt/1eLX79N9e8ZfkeF9YrMWrn5d3Bz5ZepHjOwAAAAAAAAAAAAAAAAAAAAAAAAAAABXce4fGvQlTnfJpKSTcLqLzWzLVbLY10dSdO/NG6t680YlxWEeF6KLjJKVlm6Om9+2UV8Ts5r5836ufMY6ShlSptXlUk46+lDpE1/ETN/+OfvhMfMr76O+FUqdKVek42rt5lH0c1OU4ppfd0eq+BhxWte8xW87L6Nax1q645GwAAAAAAAAAAAAAAAAAAAAAAAAAAACrxlXpX0eWUoa57PIpJbpu+2qNKxy9VJ69EdOhJ2UaayK9k6u0tLP0e8mZ95RET7Mp4ed75I2tZvpdXta/md45oMSjoyVFtqnKKb89KSmm/xW0tpzXUiZ83cjyriE00mtUzFoyAAAAAAAAAAAAAAAAAAAAAAAAAADT4liMsbXs5aIvSuZVtOIQ4VLfVKySutbb+d1XbbJsirZjNLS6RVY6VPS979jGJMwwrJSVt3+tyY6IlBgavRz6NvzZawfbziTaMxlWs4nCzM2gAAAAAAAAAAAAAAAAAAAAAAAAAOfx9V/WVdaJpJXs5Ky92pvXHIyt6lzHa9rdRi0QSxMY7zgu+S+bLYmexmGKxkHtUpv+OL+Y5J9jMe6alK65Nd9ysiu4nUUcraSaad77tPQ1p1Ut0XUXdXMWj6AAAAAAAAAAAAAAAAAAAAAAAAAPJ/LfA8Qq8RkqLrqhmp5LYiGHh6FPNbL5++bfmevwupw9NKJtjPfpnv9nHrVvNpiE1XyExlWElOdC7UtamIr1nre3LdXXgdX+KcPX0xP/URDk/A60z5pj7zLd8ifo9jg5zq1nSr1HFwglB5YQkrT9LdtO3dfrOLjPqNtaIrXMR/MO3R4bknMzlT8R+iPNVnKjiIQpN3hTnSlJwi/u5k9UtUnva3edFPrExWItXM++WduCzOYlLhfo2xFNtxng/4XXoN6NW0vbe/sL1+q6eMWi35Sz1ODvMxMTH5qzj3k7xOlGOSpJtbZMbNpvT7lSy6/En8VwupO3/mP7FdHVpHWfzz+r2LhikqNNTvn6OGe9n5+VX27bng3xzTjZ6NdmyVSAAAAAAAAAAAAAAAAAAAAAAAAHm/lTV4hUx8o4d0KNKlKCi6icpV5uFOb5Oy89Ll39Xp8PHD104nUzMzvjtGXLqTebTyuo4txapQhhYyUXWr1aVKbimoRbazuKevWl3mGjw9dWdSY2rEzHv8ACdXWtpxSJ3mYj93G+WuM/tKNKpxDE4DD/VlO9KpOKdXpJq2WL3a5/unZwlP9PNq6cWtzd47YZ61v8zE2mIwvOGYhUOGVq9HF1cdljWqU61dufnQi1k1d8qlB+LObUr4nEVpesV2iYj5bVnl05tE5/quMPxyLwP11wai6CrZL3esc2S/fpcx/DzOv4OeucLTqxGnz/GXBccxvEoUIY6pUozpW6SWFyKDjQ0d4ztdNR11b9ux6XJwk38GkTE7c3y5KTrTHPed+3s9WwtRShGS2lGLV+ppM8W0YnDvhKQkAAAAAAAAAAAAAAAAAAAAAAAAPNfKniuMo8QnCngpYiE5QeHnF2im6dOMlO3JSi3q14anqcPpaN9OJtfHv93JqWvFpxGfZ0HlDgq9ZYGXRrPTr0qldRmmqaVnNpu10tdtSnC6unp+LGek1mI+fZXiNO9/DnHWLRMqTyr4biv6QjiqOCo4ymsOqTVapRjFVOklK9pyTulbW33i/Daul4E6d7zWc56RPt8Latb+JzRXPRZ0KWJq8PxNKrhKOFqyhVhSo0alNxkpU9HeMssW5SktbbXMZnSpr1tW82jMTMz/Vp5racxMYnq0fJmhjJ4b6hisGqFBUHSVdVqdV3Syp5Yt68/Yba19Gmp4+nfNuaJxhlWt7V8O1cRjGcqDyixHEFh1w94KUpuLorEqT6OVFrJmbtZPK+b9l9DpivDeJ49b9N+Xvn2/n3Z0tqxHh3jbv7w9ZwdPLThH8MYrwSR4dpzMy742TEJAAAAAAAAAAAAAAAAAAAAAAAADmuMr9qh3r5HRT0Syv6l7UpqS15aq2mtmvmzGJw0mMtWODgtk9relKWmnW/wB1FptMnLD68LF8ny+9JPTZ3vv2kc0mITQikrLZJJc9EQKjj0fQ7+7mjXT7s7uhhsu4wavoAAAAAAAAAAAAAAAAAAAAAAAAA5risovFRXnXVuxLRHRSJ5GNp8y5dO6+1kvVyfNMxz8NUVPDWetWcu+UflFE5RhnUoX+/KPqv80yMpwU8M1/fTfY+jt7opjPwYaPGqOid75X2fNmmnKl4XVN3SfYjFoyAAAAAAAAAAAAAAAAAAAAAAAAAFJxiko1Y1HmyWea2ylsm13G2nOa4ZXjE5bNHEq2m3LQrNV4lm8R2+4jlMiqyXpNX382LVk9k7vV9vuQxnYz7s1iF1+4jlTlo42sqko0k1eTV1azUU7t+CZpWOWMqWnPRdJGLQAAAAAAAAAAAAAAAAAAAAAAAAAGlxh2pSdr2tvpu7fMvp+pS+zR4fSvCOvLw7i9p6orslrUOXLn2kRKcI3hvOzKc9fSi3njLtV/Rfdp2E83RGGxTw/ayuU4a3D6NsTK+rUbrsTsrfHxLXnyK1jzLsxagAAAAAAAAAAAAAAAAAAAAAAAAAr+O1MtCb7NO/dfAvpxm0KXnFZQcH1hBv8ACn7i2puimyd6t/r9ciqz70YyYZ4WondPSUXaS7d012NNMWghFSjlxHrU2/CS/MmetUR6liZrgAAAAAAAAAAAAAAAAAAAAAAAAApfKydqFuuS8OfxNtCPNlnq+ls4CNo26olbbrVZ0t33/wDnyIkhJIhLTxFTo6kZvSEllm+UZLWLb5bteBeOsYVmcTllUqL6zTs07xktHfTf5ERHklGfNC0M2gAAAAAAAAAAAAAAAAAAAAAAAAAOe8rKn2cXbWVvFP8AI30I3Y6s7LHCS0vy2KW3aQ+TjaV/Y+1Dsd0kGVlMMpSsgSr8Skq1GSSXnZdElpLS3iaR6ZhSd4XZi0AAAAAAAAAAAAAAAAAAAAAAAAABz3lD9tB/4cJVF2z9CC/zTT9hvpemfljqbw3sPoox5WXwf5FLLwllqu7chL5F2A+VJ6Ay0+Jqzpv8M4v3ovTupbsvDFqAAAAAAAAAAAAAAAAAAAAAAAAADn+O61VH8Tpp90c9T4xj4m+nsyvu3KL9Hr18ErfG5SYWhJYhL7JdgGE4Xt3x8E037lYmENXjnoX6lf8A1RL6e6t9l3FmDV9AAAAAAAAAAAAAAAAAAAAAAAAAHN8ZqWrrsv8Ayx/7M6NOPKxvPmbtCNptfhhGL9fWb/3EUnZaN2zAqtDMhLC2pKGlxleZL1V/Mn8i+nupfZbYWV4RfXFfBGU7tI2SkJAAAAAAAAAAAAAAAAAAAAAAAADluKSf1yKusraurb+Zf4wR00/22FvWtMP96X4n420+NzKWkJ6ZCYZkLPkn2Eqy0uI0705Svylp4JfB+Jem6to6LDhzvRp+pH4Izv6pWrtDZKrAAAAAAAAAAAAAAAAAAAAAAAABy3FXbESsryaSh61vy19h1U9DC3qWtFWiktkreBlLSE1MqmEjIWYNkqocf9lL1WWrui2zZ4X9jT9VfApf1SmuzaKrAAAAAAAAAAAAAAAAAAAAAAAABy/FH+1L1v8Agzpp6GFvUtaexlLRnTZEphLJkJlE5EoYY9f1UvVZau6ttmzwv7Gn6qKX9UrV2bRVYAAAAAAAAAAAAAAAAAAAAAAAAKHiNNxr5rtRa01sm7ej3uzN6TE1wytHmbN7R82214xvlzPe1+RXv1T26IqlW9LNH7zjGN7qzk7a92unYTEdcSTPRr4NSjWUJT6RTUnGVnHLKOkotX1LWxNc4VrvhtwqqUmuSdk7+k00nZdSbtfrv1FMYhbPVDjaqzTirei7RSi720u+d73XsJrHSJRaVvg6eWnGL3UUn32MrTmctIjEJiEgAAAAAAAAAAAAAAAAAAAAAAABDisNGpFxls+a0a7V+uRMTMTmETGWnU4W3FR6Vq20red7Wn1aF4v1zhWadMMZcJajCEaukZKTzxzuTT2umrLdfrV4nWZmEcnTEMv6MfSRnnXmqStl/Fa7330fiOfpMJ5OuWVDhMYTzqU3dt2lLMr6fCyIm8zGCKRE5SUOHQjJys3Ju93Z2tqkuy/wRE3mYwmKxHVuFVgAAAAAAAAAAAAAAAAAAAAAAAAAAAAAAAAAAAAAAAAAAAAAAAAAAAAAAAAAAAAAAAAAAAAAAAAAAAAAAAAAAAAAAAAAAAAAAAAAAAAAAAAAAAAAAAAAB//Z', 'inactivo'),
(3, 'San Juan', 'Botella San Juan 750ml', 2, 4.00, 8.00, NULL, 'data:image/jpeg;base64,/9j/4AAQSkZJRgABAQAAAQABAAD/2wCEAAkGBxMQEhMSERATEBAXFRYUEhIVFhcVEhgYGBgYGxgVFRcYHSghGCYlHhgaLTEhJiorLi4uFx8/ODMtNygtLysBCgoKDg0OGhAQGy0lICU1MjYvKy0rLS8vLTA1LS0tLS01NS8uNi0tLy0tLS0tLS0tLS0tLS0tLS0tLS0tLS0tLf/AABEIAOIA3wMBIgACEQEDEQH/xAAcAAEAAQUBAQAAAAAAAAAAAAAABgEDBAUHAgj/xAA3EAACAQMCAwcCBgEDBQEAAAABAgADESEEEgUxQQYHEyJRYXEygRQjQpGhsVJiwfAkgpKy4RX/xAAaAQEAAgMBAAAAAAAAAAAAAAAABAUBAgMG/8QAMBEBAAICAQIEAgkFAQAAAAAAAAECAxEEEiEFEyIxkcEyQVFhcYGh0fEUIzOx4RX/2gAMAwEAAhEDEQA/AO4xEQEREBERAREQEREDC4rq/Cpl/tIWO1yVRddS9rqLq1EDzc/0nl1zN13k6nwuHah/DNSyrcDoNwu32GftOLcE1ITS0ym47j5gylKYJ6K3JvmV3Orkj1UtMfcn8PBjzem7odbtl4dgK9Q+ZhmpQOBybKdeUknYftQOIJUwd9MjcSABZuX0kgziWt4uykb0vZhY3XljAAHm6+t7TpHcTVvptUv6V1JKm1sMiEj1wb8/WOJ5u/XLfl8bDhr6HToiJYq0iIgUlYiAiIgUlYiAiIgIiICIiAiIgIiICIiAlLyspAjneIu7hurUGxakUFzbLEAfyZz9uErS0GmoPtqFebLlTzIZWNiQQZNu9HiB0/Dq1VVRmBp2VxuU+dTkdcCQgcQNXS0GcWqHBFtoFhgqLn6gR+wlZ4jNorGlp4bEdcfii+s0VNWAC28wGLdf65zoncaB+E1B6nVPu/8ABP8Aac84ofMDcjzAXHPP3sc+kn/cYf8Ap9Wvpqm/9FmODM77pnicR5fZ02IiWjz5ERAREQEREBERAREQEREBERAREQEREBERAShlZQwIT3rENo2ptcq97gf6RcEn0vb95DqdUeAiKoZbIS20g7govmwvcjmL4Ikn7ZVU/ELuJtawyQoqXAGLY6dLGaPV0LbVNRQyU7hMhyLYBxYf8x1lLz7zO9Lzw6sREbRHjAIzfN16G+Pt7cr3/eTbuTrbX11HGKiPg87i15F+J6UurBRublsAucD7Y95uu6lynEa4soWpSBvfO4EnaPsD+0zwL94d/Ea/25djiUErLl5wiIgIiICIiAiIgIiICIiAiIgIiICIiAiIgJ4qtYE+gvPcj3bfiTabTNUW1wbWPW+OnuZredVmSZiO8ub8f4t4mrqUnp1aqXBVldlBZb+VjblbI6Xt7GY+s1jVPztyqoUEsAN1Sx83hra7W/3mhHHqVao61FZaVydqgMt+hOOV/TM3eiZajkU2WyrawDBf9NxYBQRfF5SZom3vVb8XnYO0Rbu12v4whU4cnGxvDI6dSOXtL/Y7iwXieka+1XDUvN5eYNr5sb/38zzxviPhjY1RVY2wEbl/puLMPfpia3X8WUKjUUY1VIKOxVdpFzewN2x1JzNuNTpmJirPM8Sw9M0mz6RErNR2V4sNZo9PqeRq0kdh6MR5l+zXm3l2pyIiAiIgIiICIiAiIgIiICIiAiIgIiICIiBSQLvH1qVKTUCwtkkXIF1tYMR9PmtzHSTt2ABJ5AXnFtbxM6vVItNEdA9S5ODdmPIjmRusPv7yLy7ap2l2w4POmaz7OfaLQkOVICtf9RAFr8917W/aSDh3EEpPsZupBFG9QbSuTcEg5535X+xkes7PGnfyCrSDeXcg3pe5Nicn25+4HSPpQIq7mq1di+Iop7VCgAA1ArJbBx0zj78Meekxqzlj4N8WTqjvDbcVCtoiw+khahDg77crEc1I+JEdPw81xtAIAHmY2sPUsenxJZV1FPZUppTdty7SS7GwwLLY/ccsWl/s7wsMm1htCoSaKeXJsdxb6mII9f4mmTkVrE9Lrk8OtnvF7dob/uR1JWlqNMSWWm4dD+nzg71Xrgi//cPedQnBe6viJ0vEqmndiEqklQCNm+5v/H8id5En4rbrEsZsXl26VYiJ1ciIiAiIgIiICIiAiIgIiICIiAiIgJQysQI/24qldFXIcUx4b3ckjaNpN7jPO05j2V0dBfzDVNVwGIqUydzm4LMA1j+q3z8yWd7msIoeCH2hhcqObEEEKfn4MjHY7SEU6flCuV3sTcG9r+fqMyr5+TpmFrwce8dpSTW1ylFit1QhrAElutiWyPnMjxsxuRu63IBz8fP9Tf8AHyPB2qBywVzcW6j9OZG9Ob25D5uB8Snyzba14tKzSZ0yyBnl+1h/z+J64c53EFhckHqBbGMff2lu+P46H+ZXSqb7rHb1PSRptPfSX0RNJiUT4rT/AAvEaFTnd7A2Asb3Bzgm8+iNNU3KreoB/cThXeBpcCrb6dri3MEMDc+xtOr9geMfjNDRrdSNpvz8ptn9p6Xw/J1Yoea8Qr6oskcREsFeREQEREBERAREQEREBERAREQEREBKNKyhgcS70dUa+v09NSxUlbi2MHoevMfFvebTs2jDxlJDuh2EtdVILXHIf42zNJ2trudbUKIKy0GC2BG43GCPKSLc/TB+257KqPzGF8kElizHmTzPp79JT8rveNr7jxMcedM3tYdtNxzW9MWtbl19r2/gyNUavLN/XkR/UzO1vGBXprVUBAzbTzOaZdc9Dymq0n5lyn6QPKCSwvjrkj3kHJTqncJ/G9GOIs2iVMTK0XEfD8vME3seXKYWoplVVhyIAbINm9Mf1MIVrkZ6yPFJrO0ykVyRqWV2sqGpp3GCQpCgjIFha2M9Zuu4jV/kVKW2yrletzu85v0ycCajiW5qF1G5gNpBFlZbjAsb3ucc+Zmf3IAq1VSWXy38MtuW1wFZfS9j/wCMt/DdxXSg8RiOj4uuCViJbqUiIgIiICIiAiIgIiICIiAiIgIiICeahsCZ6nmoLi0xI432nTw3aqrBXK7CFXzBWtbkLjJPvb2lrsrqUpI/jU2r82JClrAqzC7AGwa1h8/Exu2SFdSfzGWxsrC5vg2Nv2wOky+z1Bap2IniWYJTAurMlVSReoCNlhTW/UDFuRNTkjrnSztfy8PVtn8WXS+BYaUrTWo4byswQk4+kWbczWwT1PQ20WhprTYVVRUYBSiHLOGDbtoQnFh9fInlJxV7IILeNqKVMkKPCUbKV1Nw4XcPNk+YWveQuhxPSK1WnqShZaoVUp01TaFbJve5NgpHSaX41o1M+/4+3wc+LzbXt5c/r/JxClvO/Zfn9JJXygXZmA8txnP+J9JmaLT0AU30WdWLAHzLZlBOyoL+S6+a7WFrZnh+N6FRfwmZvPlqht5r2H1n2v6zIpa6k1tumBpsUJJJ8M4t+YygnJt/A6zEYIm25+adkyRWv+TX5xHzZOu/BDnSfxLEIGFh5rbc8jcPj4b0mw7qKNPaxpgh1Yq9m3KVa7KR6c+XqZHNfw9gWZ0K72YJTKsFYWLW3kWA6ZyQJJu6ivuWoC26zXXBA2kYtfJtyFwMCScEWjJ3jSLyZxzj9F+t0USsoJWWSsIiICIiAiIgIiICIiAiIgIiICIiAnisSASBcgEgeptynuWtRVCKWJsAIHJe0FRDUZGQPWCr4rAAhd9t203upAubi4G0TU9me1K0tWtVriiGYKi9EI2ms1v1MR+wl7tzVq1KtSlQ87OEp008u4lxkhuY8it+5mP2K4Rp6L6ilxS1KofDalY8h5sXXAFgMe0gVp6uppz8toxxSs/H2S/vB7LLr6R1mnqE1Al8ElWUZ8voR/tIt3e8N1IpM9LRUqrs5Y6nU28NQP8AEHLdcj0EkvG+1ml0mkOm0O6q5Uqtr2G65LEn5MwdR2y0T6FKFanqKe1UUpTG3cVAwGB5H3kidTKv6sc33FtT932pPx8gcLqtWFCo4Rrmktqe4k22Xvb59pj6jiH/AOdwqgQitU2Uwit9O42IJHWR/XcYfXaNdJouHalKI2AOwCrtXoCefzeO2mo1dalSFbR/hqKMCCHDdCFBtyjqn3M2WKRa0fY3ParXirw7THU7Qa5QNYHbd1ax53te37zF7pWBbUDaAwbzECwOT6568vS3UyxxngOt1+koIxoJRCoaYG7cBtADN8CZvdzw9qGp1Aer4jMqm9ioNsE2LG3IfN5rNZ8yJTeJmmccxMT9Xv8Ag6KJWUErJLsREQEREBERAREQEREBERAREQEREBLWoF1N+VjLstakXU/ExPsOP8SJHEtNTBBKsWPTAo1LD4zJD2JpLW1/EXdQ4TwaS3AIHkJIF/kSxreHL+LXUE5UMvPHKxuOmPf0njuq4nSqHiADgO2qZhkAlLAKRfnynCka7NM0xaY2xez6ivxZ2sNivUa1sAICo/kiWe9hmrazSaemjVSoL+GvUscDHsv8yV8OXQcPes4rr4hy+9wbbmwigdSemTymn0/G0TXajVNTLKaaU6VztcAE7rKc5/2mLTWsd5RONw8k45iO8zPfX1L1HS8Tqhamo1NHQ0QRtpIAX9lJN89OvxNl3kOfwYp/qqVaaAc87r/2JpeMazQvqKes1VfUpt2mnpyPywVNwwsM/vNR2p7faXU1NPsLOlKr4jjbtvbkBeZi0a7M8ik48dq22kPejxFtJw9KdJijOVpgjBCqM2P2mZ2EpfmMxuWFJBc+p5znvbDtMeLmmiUvBSjuqEswIN7WBwACbdfeTDud1j6ik1eqR4r3vYWsqswUfxf/ALptE7s6YfVM2j2+p0kRKCVnZJIiICIiAiIgIiICIiAiIgIiICIiAlrUHyn4l2WtR9J+IkcY7wdS96i06rIoG9trCxUkB+YLKbHpjEhL6Q0iKiA+HbaSCL4OGO04BuAPiTTtjUKaotYGn9JTbc2YEMN3Qnd79MTVdkqCrUfSVvMCVZAtJn8ekL286dfkdBmQJmZlnlYYnDLW8M3vvWip8VlJRwQWVl5kbgScdFze3zJRoUq16SuH3IpC71RRuPWzEEY6kcpHeNcHq6IeLSLFUNOoQG2VUJJG1vUYtex5gzBXUcRp6W76hgtQmrSF1Y3LeZCLeUszX+xwJnJTqht4bkmuLpiN/a6Pp6LUrORuDfWBlQQMXJFhgewyZyTitV21FVqiCk+8h0BuAw5j/wCzrlDiABo0nN6/h0xVAINrWB3r082b46TQLwEHWVtQ6moQzBgNpCDwgBUO6wY3OPi/PE4YvTadtud/cxxprdLo/wALo6jvZatQCyBgr3I8lK3M33KcZv1Fryfdz+lNOnUW/lXbTAuOaCzHHvfnIzvNYePuf8NTO3Tl1S9esAR4pVPMyUwMXJuffnJu5ok0a5JNi9wMgZzcA/8AMfMlU+npywY+nDt0cSsoJWSwiIgIiICIiAiIgIiICIiAiIgIiICeXnqeXEDkfa3R0qlV71NtTfbNlBTaMZ5/ImHoeBmpT8J6QqopU0nSoEq0WtYNSYDyj2tY2mH25cjVMGKFB5lINjbaRZiSBz6Z6TH4EgYbmdgLAEpYG5Ui4BtdtzqckDaPsay8+ra6x+T5OrR+n/YWu0XZ3X6hvCV0VF2vYKQz5Kq9VixLHHr05S/o+zxCs1Xxamw3ZTWG1TTQEHda5ABxknpebM6byr5m8R2pWO9rFTTe4DZChmW67uhbliak1iqneWUXcO7BgCVcKy7bgWOSTmwtcmYnNMx/Biw8Sfox/v8AduOH8Ep071TpaJLAsK1R95uwJ3XqKSWAHxiOM6EV6lM6kadKeRUC7XZhTU2DkC5FxbaDkmR9tRdluVy4sOebmyvY8iBZffmekzNNoRUYlFqeEKPlvYtclS29lG0lQCLXx73mu++/m6T/AE9d9t/l+8ttxLwmH5urQhFVVSjTAVVXIRLX2gEDGBgHoLSfupoqtKsUDKhcWDc75ubdOkheuW9Eg5Bp2cLgbrOahAsCcuGB2kWUWsDJp3SVd2nqAncwfJ6DGFHtJGCfWjcrPW+HVY18PlCeiVlBKycqiIiAiIgIiICIiAiIgIiICIiAiIgJ5cYnqeanKYkfPfeJxFxqGpIG2s5NmChSVxgg4x1NpldiUpWVqlZVclbbU3bQDcruseYFjfmB1kd7wh4OvcXWsAQ7qWO0E3vTN8/b/UJsew9QMxZtoudxAAVR8AYlZy9UxzK64eHzo6Z9k14/wpWojbUFY7Qh3JcmxJ3KWPlvysMWJHxEqml1C2I0123ly4bbkkGyqG8ouL9cmT6vR3KAu0npflnn/ExmGzBA635c/Tl/zEo683LreuyRiwY4jUIUmhrhN5p+GqkKdzlnbDHzEfUM5BxeZ3B9IKzL4g20yBcHILjIdf8AE4ze9wLTZa1CRbJHpcgX9bDE88JsuDn+pJnlzNYmEr+graszs7UaLS6fTFqVZmIUqCoW3lsPqVb422+3tJB3LahX0rENcszOwxcHcy8hyGMSE9udUPCKiwHIDpJX3GaPZRqkHch27SQAbm7NjmPqtn095Z8G3X65VnP48YMdYh1ESsCJaKYiIgIiICIiAiIgIiICIiAiIgIgRAS3WvbHOXIgcJ71+w+sqag6mjSeujAG1MAlSLCzLe5+R6SJ8L1j6SlUatQNKoAdpqB1LFjbbt9fS9hg3n1FLGp0lOoLVKaOPRlDf3OVsVbRqUnFyr4/ouA6Dts7qlqTMehAJBzci/xJBpamorEsdOU8pNgALt6n7f1Oo1Oz2lY3Olo39dgBxnpMocPp/wCA5WHx6SHPh2P2hK/9GffXdyurpa686Vsm+CQBY2N+XSQTi/aOpQJZVBS+0NZrH72t09ek+kW0aEEFFIIsQRgj3Exq3A9M6hH01FkFrKaalRblYWtM08PxxO9No8VyRXUdnzXp9dX1nm/DPqFU2ZFB2KTYLvyOvT05zv8A2B4X+H0q7k2OxLMM4HJRknpN5puH0qeadGmmLeVFXHpiZUmUxVp2qhZ+TfNO7SRETojkREBERAREQEREBERAShlYgUlYiBQSsRAREQEREBERAREQEREBERAREQEREBERAREQKGViIH//2Q==', 'activo'),
(4, 'Cuzqueña Trigo', 'Botella Cuzqueña Trigo 750ml', 2, 5.00, 8.50, NULL, 'data:image/jpeg;base64,/9j/4AAQSkZJRgABAQAAAQABAAD/2wCEAAkGBxEQEBISEhEVFhISExUYFhAVEhUWFRcRFBcYGBYRGB8YHCggGBslHRMXIjIhJSorLi4uGh8zODMtNygtLisBCgoKDg0OGxAQGy0lICIyLS0rLS0vLS0tLS0tLS0tLS0tLS0tLS0tLS0tLS0tLS0tLS0tLS0tLSstLS0tLS0tLf/AABEIANoA6AMBEQACEQEDEQH/xAAcAAEAAQUBAQAAAAAAAAAAAAAABwIDBAUGAQj/xABAEAACAQIEAggCCAMGBwAAAAAAAQIDEQQSITEFUQYHEyJBYXGBkaEjMkJSscHR8BSS4RYkM1Oi8RViY3Jzk8L/xAAaAQEAAwEBAQAAAAAAAAAAAAAAAwQFAgEG/8QAMhEBAAEDAwIEAwcEAwAAAAAAAAECAxEEITESIjJBUWEFcfATFCMzkaHRBkKB4RVSwf/aAAwDAQACEQMRAD8AnEAAAAAAAAAAAAAAAAAAAAAAAAAAAAAAAAAAAAAAAAAAAAAAAAAAAAAAAAAAAAAAAAAAAAAAAAAAAAAAAAAeTdk3yR5M4gRxT6TYvtWq2IUe9/g04UtIu2VXm229Xd+RkV6y7Ph2hejT0n9p8Y2vpoJZ2n3YJ5Fd5k772XLcinWXfV392p9Gy4F0gr1MTCHaqpTldSi1DMvuyTh5rZon0+ruzXFNfmiu2aYpmYdsaymAAAAAAAAAAAAAAAAAAAAAAAAAAAAoq3yvLbNZ2vtfwv5CR8+cN4ZUrY6uqnZTm5zc5ZnFZ3K7s4wbkrr2Rk3bm3LYtU48nQVOEuKcezpaPdSndaW0bivyMeNTHXzP7LsUzMcLXQPB1KXGFkcItwaqR7SUr0rXsrxWuis/I37FeZphlaintmcJrL7PAAAAAAAAAAAAAAAAAAAAAAAAAAAAWMdUy0qkuUJO/nbQ8qnEZIR50a6KUE5Si4drJ95/xNdyfPZrXfRFSiimrmHlyq5nEVfvK9iOiy7ZRctNdO3xVr/+wr/YWYnwwlib2PFP6yzcP0XhhsTRxKjaUZJOar1ZXjJOOVqd01qWYiKZjEIqIubxM5/zLty29AAAAAAAAAAAAAAAAAAAAAAAAAAAAabpdiOzwlTW2bKr3to3r8kyO7Pa9hzvR/HylSyuMW3GcoRzXScFmjlt5prR+HucW4xCrXcmasNzWk3Vi2rN2uuT8UVquWhT4Wx4nC9J2JKuIlzTyzqM80Yvmk/iW4nMIpVnoAAAAAAAAAAAAAAAAAAAAAAAAAABo+k3e7KHNuW19lZfiV9RO0QkojKmnWoUZU6U3BTcXPLGCilCCbdSXJaHVvwq1y5bpudE88uV6zuOywlL6OVqtZ5YS8VHeU17W15tEEU5qd6m70WtuZdRwHGOthoRkmpqjSbb+0pQXf181JexJXHaWK84zy2vCpXpR8rr4NoltTmmElXLLJHIAAAAAAAAAAAAAAAAAAAAAAAAAAHK9KuKU8POdWo+7SprS6u5O7yxvu3oVb29WHfXFuiapcZwnijxGIrYlqffUoqLy5I0ZRyqM5SfcVvFa7k1O0PmqLs3NVVc39PbHu5rjXDXiIqoqlSTw9WNGFOdWNSMu/aNGDjqnZXu/D0Is4nDUijqoznjZ3GG6WxniKNaEXCkoulVjLwbnq4taNR30eiXge42Rzqvx4qjjiXd8Lf+JHlK69JL+h7YnaYatbPJ3AAAAAAAAAAAAAAAAAAAAAAAAAAAEV9KMPS4jjezq4inTw9Gq3OWeOadRd1U43elktX52Kk1xFUy6q0d3UREU0z0+y50opUKdDLRnCNKNlTpUbVc7Vs1Wrey9m3cm66ccs7VfDNRG1FuYjyiI595aCWKpylg40pU+ypRU62eUaC7W95WjG2aXs1oQdUbyv0aDURTTEW525zGN1HRiMK+EnRlaFS0pdpOSir5c0cuZ6vPGPLST0JIrp9VH/jdVVE0zaqjzzifrl2PVjxqVVyo1Gk401kjs7RdmvNK6afnbwPbcx1bLdm3fpt/i0zHzjCQSd2AAAAAAAAAAAAAAAAAAAAAAAAACzi66p05ze0Iyk/SKb/IEoL4XgIVqNNzjLtaiVVzUtM1fERppWt/zOV7lCqIqnP1y+q0ddyxbppiYxEYmPeKeqf3dbLhVB07RTlTj2jnLtLSThGclTtl0uoLvK/id/Z042Rxq70VZmcTOMbbb4jP+mgqcAoSeFklNRxFWinDPmyxq0nNpO2uq3OYt04ifVLXrb0VVxVMT05xOOcTENtwjhVGMowhpKWGjPWaneU403llGULRTzNLVntNumJwjvau9Vb6quIqxxj14mJ3U8Jwf8HjsFNZkqlatRlfa7lOEUv9PudW6OiqPfKD4jqZ1GnnP9s0z+sfzKWC2+fAAAAAAAAAAAAAAAAAAAAAAAAABzfWLjew4ZipX1dPIvWo1D/6PKuHk100d1XHmh3Acfqp0406s4xhDKktFbRyS97MpdFyOJbUfH/hUxNV2md/b+HQ1+N1I04ONWWanrG97KytqvFW018zqYuRDm18b+EXK5iasRVztP1DmOI9L6/aSmqkoupZSVJtJuKsnaTdt7aWERcnfhLqPiHw6zTTFv8AEjf5x8+GTwvpHVcIwdSbhFZVG60ila3pbQfZ1+qhd/qbQ0Tn7Cc/OHmO6QTTjKTnJ061OrG72cJZvzfxPabdUVZmVe9/UOkv2Zt27U0zPnt9eT6CpzUkmtmk16MtoYVB6AAAAAAAAAAAAAAAAAAAAAAAAEfdc8qksHRowi32uIjms1tBNpa83b4HFdURyivWq7lGKIyiPh9Fqq1JWaeqZxE5fO6ymq3HTVGJdbSw1J0/pYy1nTV1mVqcm88tF4JfM6q4V9Lbpnxx5x/to8XwvCNyyzlm8L5stnGDvte6bkrX572IOupv0WreNnksNSp5HSvZ3ve7Vr9x7K0mt14HdEzPLM19umnGFjE4SVXNGMbvK9DrqiJ3RaOzcu/lxnCfOh+IlUwGFlL6zowT/wC6Ks/wJKaomMw+nimqmMVctwdPQAAAAAAAAAAAAAAAAAAAAAAAAj3rJxN8Rhqaf1ITqPx1doq5Tv1d8ey7pqe2ZRth6TlOUrPST9r+JHYr7sSzf6j0s1WabtMcbT8m8jjoQg0+7tra6uudy5XGz5fSXqYnE7OdxPEKGdvPrlaWnNrNpa32Y6+RB0y3rdyjGcraxUakllWySUnpLnsvXkd0RiN2brquudm/wuHcJU76SknfnrsitXXm4+n+FaWbOkiJjed5Sb1c182CUL60pzhtbRO6/Es6ee3Ho61UYrz6upLCuAAAAAAAAAAAAAAAAAAAAAAAAES9NMTmx2Jd39HThBberM69V31NTT09lLWdFKF5X5/mVInuXbsduHQ8Yw8clsn1fFwWrfj5nGouTEcoLGntZ8MfpDnp4KH3I/yoqReq9V+LFr/rH6PcJhoxlpFeyVzuLtUzy4rsW4jamP0XOKRtllya/f75l2J81fHk63q2xH0mKp38YTS9VZ/kXtPPdMM7VU9sS7suKQAAAAAAAAAAAAAAAAAAAAAAAAQRx3F58Ti3f61aXy2XoZFyrMz827Yo2htuitOyu9kne92Vonuymu+joOLO8beNl8CHV1bYeaeN2knTKMVL0LdKOpLTO7iuNnnGYXpehoxPapY7mV1a4n+/yX36HzTuXdNP4kfJT1dP4f8AlK5ossAAAAAAAAAAAAAAAAAAAAAAAeSA+dcfF9vVb/zZfiY0vorTsOi7tFexWie6XV2G44jUukVtVXmIe2Kd2skijC4tQj3iamd3FfCri0foX6GnT4VH+5g9Wt1xKH/jn8P1Lmn/ADIQaz8uUzmoxgAAAAAAAAAAAAAAAAAAAAAAAAgbi9DLWxPONeX4mNXHLesTx8m56Oz7pTnmVi42eJnsUr85lJahjyehXwnUUvrE9HMI652ecbf0b/e5p8UqdPiV9XWHX8en92i37t2v8y7po74U9ZP4c/NKxpsoAAAAAAAAAAAAAAAAAAAAAAAAIU6W5YYzGQbSbmpKLsrqS31Mu9TMTLZ01UTFK50fqJRackvK6+Bn1cyvVx7NjWqX21KVzGUluMLbb5P4EeIS5eYd97XT1JbfiR3OFvjtSKhbMnd80zQj0VKc5bbq0Sni6807qFKMdGmrt+XoaWmpnrz7M7V1dmPdJJeZ4AAAAAAAAAAAAAAAAAAAAAAAAQt1hUk+I4m61cKdpXadsqVlzdzPvzPVLU0uOiFPB7OfhrN+F9EnYzsZjdoV1NpjJpLx/lUfw9Svco+sOrdX1lgOtd2u16zfyZH0YhNlewtr6v8A1aW+J3biMuLkzhj8UhG0tFZOy28Ip7luIxEK+ZzLpequmu0xjStrST5bS/RmnpJ2ll6zmEhlxSAAAAAAAAAAAAAAAAAAAAAAAACGesOL/wCJVpbJQo6W3trfT2XsZ+onulp6SOyFrgMdU9dU3bzKON4Xq6tpbDHvfbRbLf3+BFch7aaq5Es5ZfDpa+B3RG6K7wo4nG0pJrdtp+Gqyr20LMRxCvnETLpuqmXexibTblTe1t1L87mjpeJhm6vmEhFtTAAAAAAAAAAAAAAAAAAAAAAAACHesOP9+xC5qjfyclb46fMz9R4mnpJ7WNwSXPbW38zKXzXq8b4bHEw035vV8r2WxFXBRLBlTIJTRK5gV3/L/Ykt8ubnD3jC7rty8NFopFv+VWP/AB0fVXvi9db0vXaXy1L+l4lQ1fMJALamAAAAAAAAAAAAAAAAAAAAAAAAEO9O5JY+vb71Hzu+7uZ2o8UtTS+GGDwOtFxtm239bvxKcyvVR5w21ScW21KL8rr8yGspiViS8157FeZSvMJZTu3/AE5Mktzu8rjNJxXXa1nG91blJW5/EtRKvEYdB1UpReJiv+k7Pf7RpaWc5Zur5hIRbUwAAAAAAAAAAAAAAAAAAAAAAAAgTpXi3Vx+Kqdxw7RKOj+tBWUt9dkZ12uKpy1tPbmIiGV0Yo15K6cElvJfo4vmVopiZ2Wbk9O0t3jcNUjF9+LW+qd3J8/2iO5Tjkt1Zat06nKFueaX6FXt91iJVYWEnNK0bq/vfncktxEziHNyZiFHGo1YxvkS0ev1d+auWenE7ygic7Q2/VRiGsVWhJp56MWnaz7j/HvMv6eunqxEcs/VUVdOZSoXFEAAAAAAAAAAAAAAAAAAAAAAAeMD574k04VJ/alWn8LmXVGzatT3Nt0Y4hkptK1+V7X5IiienKS5HVLaY/GrfTVc9edvmyO7L23ThrJYv9+pV6crKjD4q1S5JRGMS5r3hmcaxinTevhsW6pzCrTGJZHQOWXiGHt9ulUT8NEr3LFmMVUquonNFSXTQZoAAAAAAAAAAAAAAAAAAAAAAAMD5n4ziuzlXoy3hXqb6eL/AKmdMeTWoqjOWBheORp/a+BzNmqUs36I816p0pT0/M8+6z5ufvVMcLX9ol935/E9+7Sfe49FVLpHFyPJ00vfvdMs2txhSh9b2uefZVQRcpl1XVfX7biVKzuqVKo/ikvxZYtR3wq357JTaXWeAAAAAAAAAAAAAAAAAAAAAAAAECdbHV5jXjKuKwlGValWalKMHecKjXe7u7TavpzZz0u+vZGNbguMpvv4OvG173oVF4Py8n8Ge4Opizw9aN70Kite94SVrJN+Hgmn7jDzqHTq/wCTO6vfuy8Fdrbk7+h50vepXTw1dvShU05QnyzcuTT9Bg6mzo8E4hWtGngcQ35Ualr+rXl8h0vetNfUz0HxGBVXE4tZatWMYwpZruNO925W0Tbtp5CIiHNVWYSijpy9AAAAAAAAAAAAAAAAAAAAAAAAAHlgDiAyoBYBYD0AAAAAAAAAAAAAAAAAAAAAAAAAAAAAAAAAAAAAAAAAAAAAAAP/2Q==', 'inactivo'),
(5, 'Cuzqueña Trigo Personal', 'Cuzqueña Trigo Personal 310ml', 2, 4.50, 7.00, NULL, 'data:image/jpeg;base64,/9j/4AAQSkZJRgABAQAAAQABAAD/2wCEAAkGBxIRBhESERIVFhMVFhoWGBYVFxYZGBMYFhUaFhcYFhcYICggGR4lHxUVITEhJSorLi4uGB8zODMsNygtLisBCgoKDg0OGxAQGy0lICIvLS0tLS0tLS0tLS0tLi0tLS0tLS0tLS0tLS0tLS0tLS0tLS0tKy0tLS0tLS0tLS0tLf/AABEIAOEA4QMBEQACEQEDEQH/xAAcAAEAAwEBAQEBAAAAAAAAAAAABQYHBAMCAQj/xABMEAACAQIEAQgGBAgKCwAAAAAAAQIDEQQFEiExBgcTIkFRYaEycYGRscEjUtHwFDRCYnJzksIWJCUzNlOisuHxFRcmNUNERVRjgtL/xAAbAQEAAwEBAQEAAAAAAAAAAAAAAwQFAgEGB//EADARAQACAgIAAwYFBAMBAAAAAAABAgMRBCESMTIFIjNBUXEGExRhkSNCgaEVseFS/9oADAMBAAIRAxEAPwDcQAAAAAAAAAAAAAAAAAAAAAAAAAAAAAAAAAAAAAAAAAAAAAAAgeUfKVYTEU6apSqTmm9nGMYpdspS4dvC/BlfPyKYfUlx4bZPJxvlko0oOdHebslGpGTTte0rpJN9hU/5Ov8A8ym/ST9X5R5ZqcJNUGrO1pzSbdru1k0+3t7Dz/lKx51l7+jt9U7k2ZrE4PpFGUes4uMrXTi7PdbNeJfw5q5a+KqtkxzS2pdxK4AAAAAAAAAAAAAAAAAAAAAAAAAAAAZdzx55OjiMPSouUZ2c5TUYO0VfTbXfhJXe2y9ZT5OOlrRNoXOJE9oDBV6rpRbxCa2tpoyb3S1O6bXf7zEzxFJ6r/tr4ox/V5ZvmFaGGbp17NXa1Qa3s32q3b2+J1xa1v6q/wCzPWsRurSOa/GdLySpuXpxk4TkvRnKNlqj4Wt7Uzd41K0pqrD5O/H2tpYQAAAAAAAAAAAAAAAAAAAAAAAAAAAAM051KFavmuHpUnTiox1N1Kmm+qXBJJt20JlXPXxTEbT4uVGCszMPivKrDAQj9E0v/LPytTZlcn2Xa8R7zvH7Y97fgcFSjWrYOafQR1ppPpZbcVxdNLie8T2b+VO/Ft3m9s+UeFc+beNSPJ3o6ulypza1QmpxknaV7rg93sa+CvhrpWyZozT44jS1E6MAAAAAAAAAAAAAAAAAAAAAAAAAAABTcfjr8o5pVFG3VVujcnaK+u9le62TvvwK1o3keZLarpMvEt4acZSi5Rs7x7Yy9GVuzg17D3POoc8W0WnU66emTu9FohxTtZy1h74RWx1Rd6T9zafxRNgnuYc3iNQ7iwjAAAAAAAAAAAAAAAAAAAAAAAAAAA/G9gM+o5TKtms6zqUlvJpSUtS1OT77Pjfh2+BVx2ibyi5GC1q9SsWHwHR4Jyl6WiNPg0nGDbT09l9T8jrkeRwsPh7n6a/hz5LnVH/TbwaleqqfSO3oxV0km+93vbuIsUalYyZa+LwJmTtmMH33Xlf5HdOsj2e6u8tIwAAAAAAAAAAAAAAAAAAAAAAAAAAOfMamnA1H+a/PZHNp1Ey9jzVfMs2WCyd1Ek6knoppr8pq934JJsqYfPaH2lyY4+LxfP5OKpywhRy2m8Q5TU6KqKpCLkpVE2pUnbZO9rE2WNoOJy58ETbvcKRzZUqmM5QY3EylZ6XdripVW9Nn3R0eSPK9TpHWs3vN2rYDMViMroV1a70uSXY9tSObdXiV/jZYy4twni09AAAAAAAAAAAAAAAAAAAAAAAAAAAi+UeIUMubfC936opyf90izT7unVZ1O/oyHB43FZnmMq0VKNCnJOOr0KN1FbtcW7XfyRzippgc6cnItuPKHfiK0q2MpQpTm9LbnW6alC0FBqbVK19MU209N93uuIyy74VvFOo70jFiZUc1lWwkpUulrKkklJKpTjDec4tdaTe+pbb8eNuarXJtNfep1vpZeTWPWGx9TDVLqFRXTb2hKLcG7t3s2tPg0t9xkjpH7OyflXmlvm03Dz1UIvvSLETuNtR6HoAAAAAAAAAAAAAAAAAAAAAAAAACgc52awVSlhZKemcJVKjg0n0akk4pvg5Wav3XK/It4dLnD4FuZacdZ04Mv5SYWplccPDDThSj+RGcYxl+bK27T7e8ix54X+V+Gpinhm8aVvEZzOlmtaWmlepCUGtCWhT2vHtdkrJN2PL5dz5IOJ+E8tZm/wCZXv8AZC64LD0KdB1F0c5zcqrjPVKairxilpiup92cfn/sly/hO96RWmSI0sGfVely3D1Gn0ilLVOTg4T1xWuLjHdJtN2f1pEls0a3MKkfhe97eGuWPFHflLS+QWYKtyap8b026bu7vqcLvt2cSzht4qRKHk8a3GyTitO5hYSRXAAAAAAAAAAAAAAAAAAAAAAAAABlPKmrKpywx86bWqjRpUk3psk7Tm1q22U2VMszNum77Lx1jH4reUz/ANR1/tIZZR0YmaSinKdSWqEqd6UJTjGElq2a003txsxSNdJs9vHWJmZ6iOp3357/ANy8a/VpqUpQeFVJXm9GmVf8ITv36tO/qH/RvfUbi+/Lv06eGXUlSqVVJxU51MVOnolRcnCTpuDjqbir2driNRt7kta/h1vURWJ3v5b3v5umNOnLCUtelVYyi5anDrJYn8px2uk97bWY6mO3kzkrkt4d6mJ15/RI83dVRzLH0ItOOuFaNuDjUTW3h1YkmDymGf7U3OStp85rH8x0vJOzAAAAAAAAAAAAAAAAAAAAAAAAAAfzfnOeOrnGLlZNVK82m78Iyaj5JFPLi8UzO1ni/iTJw4/LikTEful8mxajR9H7+Apg1Hm4z/jetrati/iUfm2byjUklKahLjFSai/Wr2ZxOG3ylpcX8W8LJWJtinxfXpX8Pj5dIurFK/d/ie/kx81TJ+KuXWZmkV1+8LBHFyeEa2tbuOvyK6Zk/jHnRk3qv8f+rJzXZpL+GeiVrVKEo+twakvJSJcNIr5Pf+Xy8+8TliOvo2UnSgAAAAAAAAAAAAAAAAAAAAAAAByZvWdPKq8421Rpzkr8LqLaueTOo29iJnqH80SyqpSo0nOz1K+2/vK0ZIll8vg5sVZvMdLJldPqxtbbvt8HxJ6Pl7T/AFHvmU8NvroK/SNq0YW0dLGy43voTXdu772IskztvcTwTHkisIsL0sGoWTjHZwg1GK0Ocdn1pSSqddt22d0RbleyRTw+T4or6K3zT80TR5PnMke+leR2EnDlLgq6tp6bQ99+unB/3jmuSNvouF7Oz11kmOvNvRZaAAAAAAAAAAAAAAAAAAAAAAAAAQHLrEaOS1fvklBf+7Ufg2QcidY5T8aN5IY/nFPVioQ7ErfLuXcZtras2bYIzYLU+sPbDXp8VZq3Hirdz+ZqY7RMbh+UcnDkwZZreNduTOc2p6necu3i5W33e6d7XS8iK87lqcS3aIWbU9FoOWytFbpRW23G3Dbu2ft58LRvb3JSeS0XVrJJK3F22SSPb3iIUOHwr8jk1jXW+0xSlppSkm/o6kZq3g0739q38CjWepn6P0G1e4j9tNtpVFKlGS4NJr2q5sRO42wJjU6fZ68AAAAAAAAAAAAAAAAAAAAAAAFN5y6/8Tw1P69ZN+KhFv5op8ueqx+69wY96Z/ZnOnXm/HtXG7fvMrLbtu4q6xr1h6aWEV032La9vEli0xXpRvjpa3cQgcZh49O+qvcjIvktFp7amHDj8Ppj+HLPDR+qvcj2Mtp+ab8nHP9sfw7MJT+jslb1LgWuPeZ81TLjrXyjTgqQtiasXteL+Bcxz3MK2TyiWo8kcT0nJrDSbu+jSfrj1X8DW487xVYfJr4ctoTBMgAAAAAAAAAAAAAAAAAAAAAAAGbc6GJtnOEj3QnL2tpfIzuZPvR9mr7PrutlTyeGrHtr2ePrMrJLb1qq/UZJUHutrXt2bdtybx6r2z7epB4tfTswcttXlq4p92HNKJ7W6WJdOFRd41u1bPG0Tm/VxifC+3H4F+JmLK2o8K+c2NbVyYt9SpOPnq+Zr8Od4/8sTnxrL/hbS0pAAAAAAAAAAAAAAAAAAAAAAADI+dhv+E1L9T+9Iy+b8T/AA2/Zsf0/wDKI5N/z3qZl5Z7hrzHur3Ga6C1tiWbR4ZZ0195C13eoz5687tMtOnUPGSPa+aSHRhEX+N3KHN5IblVHhbj2ePgaX90K9I6W/mif8g1v10vZ1YmrwfRP3Y3tL4kfZei6zgAAAAAAAAAAAAAAAAAAAAAABmPObRvyiovsdF+Un9pl82Pfj7Nn2db+nP3VzInbEpfft+0ysvm2v7Vvcvo/YRZbaqqxHvI58THlch5yOquodeB7jQ4ivmQ+exvi0rdt/hw+Bo73bSKPTtc+a6jpyGo++tLySNfhR7k/dh+0J3kj7LiXFEAAAAAAAAAAAAAAAAAAAAAAAZ9zmU/5Uwcu9VI+SZn8yPeifu0+BPVo+ym5U7Y+3j/AJmPlhvx6FqqS6u+xXz70ipDhctzMmq1EPmT3O61e6duET6N2NDiR9FXPPfaIzDfMV4Iv09SG3oX3m6p25LU39aU5f22vkbHEjWP+WFzZ3l/hZiyqAAAAAAAAAAAAAAAAAAAAAAADP8Andp3wuEalpaqy6yvt1eF13lXlTqIXeF3aVIyyL6RXk7uUt1xaXDj2/YYuWImz6GkzFFmpUr4dSbm77+kn5MrZMfXlLyMneunNUnaf5Ptvco/ld/NYiZmHk6j8Pcz2McOodcVJYdyU2rJuyt3bFzDWYjpVy2jfaFzGm3Vd6kl1XvffZN8V4F2k6siv3VqPIaDjySwqfHRe/fdt38zcw+iHzvI+JKdJUIAAAAAAAAAAAAAAAAAAAAAAAofO1/u7C2u309rJb7we5W5Ue4u8L1yoOXybmnu/SbXjKb+N4+/wMfJ1bbfp6NLZptQjfjayTu3dJ9hFakeHtHFp2icQ+tZ9pV1qVys9PhVX3v4nHgh07/+nzs97PZ8L/ZuW8VdQp5Z3KJzV+m/CSSSvvp7+7xJ6d2cWnUNV5G/0Wwtu2lF+/c3cXoh87n+JKZJEQAAAAAAAAAAAAAAAAAAAAAAApHOjFPBYa6/4r9nUZV5foXeD8SWfZa/p5X7br3TivjqMm0fVux5dLS2+iSWyta6at7mcXRxraMxC69+H+exTt5rdJ1DylDc5h3tKYFfQcdntuuO/h6i7ij3VPJ6kHjI2nwfDh7Oy3b9pPWIjpFMTOttU5FK3JTC/q0bOL0Qwc/xJTZIiAAAAAAAAAAAAAAAAAAAAAAAFJ5z/wAVwvcqrb8fo5JL+15FXlz7kLvB+Iz7LIrp/Y36r1dzJv5y3Y9MLMpfRXf6KfffuOJt04iO3PV+/wB/aVLz2sVhz1I3WxHtJDuwC/i9+Hj527+7bx8S7in3VXLHvITM5tSTUbu64foP5k9fVKGeohqnIv8AorhfCml7tjaxeiGDn+JKaJEQAAAAAAAAAAAAAAAAAAAAAAAoHOviVCGDV93Odlfd2glsvaVuTG6wu8KdXlQMtlL8IgtUYtLrJ2bXXvu1suzvMfJHm3adxC1U5tpWnF3vd6J7K1+N/I4mOunPXzh4zm+keyfv+BTvCxWHlKbdla3lY48Lt74LEPR+Ra/CUu3vW23BP2FvHuIV8kRMofHVowaUna0rLuvZvd8LbWLGOu5nSG9tVjbUuQtTVySwz/Ma28JNfI3MXoh8/n+JKeJEQAAAAAAAAAAAAAAAAAAAAAAAyrnXfSZ/Qg4pqnSc1fvlK3yKHKtPj1H0anCrXwbn6qnkmEp1MyWuCbvxfH3lDxW3ENa0RWu4X2eCpQotKnF+CincktERCrWZmUPjMJS6Rp04W9SXAzslpiel7H5OSrQpKF1CKt22IptZJCSy+hCeG3urdzfD37F7B3Hapn6npBZvg4rHxt1r3W7b48VuSxMxbUOdRNdy0Tmwn/s04f1dWcbd3B/M1OLPuf5YvMiIybj5wtxZVAAAAAAAAAAAAAAAAAAAAAAABlXOFVtyvlf/ALaNv25XKGf4k/Zp8X4cfdSMqxmjG38ShaNNfzrpa4ZpF05Xl6XZfZbW27jmbdI4p24K2O+k8u8qzSZlajUQ8ZYy6fl/jcflal1EurL8w0k+PqUGaNuXG4xSx1O9ixHdkE9Vlf8AmunfBYu3BV/3ImjxvK33ZHN86/Zdy0pAAAAAAAAAAAAAAAAAAAAAAADGOe+v+D5/hqvDpKMofsy3t+2veVc+OZtuF/i5KxWYllUs7UZXXbuQ/ppnzWv1tY8n7LlPU07Ox7HDhxPPn5PP+ENT6x1+lq8/WW+pLlFU+tfh2e8fpan620OzA8opdu+5HbiQ7jnTLpq59FV1e+334+48jj2iXc8msxpt3MzG/JOVb+trTlfvUbQ+MWW8FJrE7Z3KvFrRr5QvhOqgAAAAAAAAAAAAAAAAAAAAAACt8uuR1HNcqjRqylCUJaoVI2vB2s9ns01xXqD2J0xzNOYrHwm/wfEUasfznKnL3Wa8zw2gMTzUZzB/iurxhVpP4yPdPfFLk/1bZzf8Sqe+n/8AR5qDxS+lzZ5y/wDkp+2VJfGQ1B4pSGA5o85k/wCZhT/Tq0/3WxqDxSsuT8xOJnVi8Zi6cI33jRTlJrwlJJL3MaPHLbsoy2nhcspYeirU6UVGK4uy7W+1vi34nryZ27A8AAAAAAAAAAAAAAAAAAAAAAAAAAAAAAAAAAAAAAAAAAAAAAAAAAAAAAAAAAAAAAAAAAAAAAAAAAAAAAAH/9k=', 'inactivo'),
(6, 'Coca Cola Personal', 'Coca Cola 500ml', 1, 2.00, 5.00, '2026-06-25', 'https://pedidos.spow.ideas-geekec.com/wp-content/uploads/2021/11/cola_personal_335-removebg-preview.png', 'inactivo'),
(7, 'Inca Kola Personal', 'Inca Kola 650ml', 1, 2.00, 5.00, '2026-02-23', 'data:image/jpeg;base64,/9j/4AAQSkZJRgABAQAAAQABAAD/2wCEAAkGBxISERUSExMVFRUVGBgTFhcXFxUYGRUXFxgZFhkWGxcYHSghGBolHRUaIjEhJSkrLi46Gh8zODMtNygtLisBCgoKDg0OGxAQGzImICUtLy0tLzIvLS0tLS0tLS8tLTUvLS8tLS8tLS8tNS0tLS0tLS0tLS0tLS0vLS0tLS0tLf/AABEIAOEA4QMBEQACEQEDEQH/xAAcAAEAAgMBAQEAAAAAAAAAAAAABAUDBgcCAQj/xABKEAABAwIDBAYGBAkKBwAAAAABAAIDBBESITEFBhNBIlFhcYGRByMyQqGxFMHR8BYkMzRSVGK04RUXcnN0lJWy0vE1U2OSk6LC/8QAGwEBAAIDAQEAAAAAAAAAAAAAAAQFAQIDBgf/xAA5EQEAAQMCAwUFBwMDBQAAAAAAAQIDEQQhBRIxMkFRYZEicaHR8AYTFFKBweEjQrEzYnIVJIKy8f/aAAwDAQACEQMRAD8A7igICAgICAgICAgICCPX1scEZkle1jG6ucbALammapxTG7FVUUxmWqVfpP2aw24j3m9ujG/zu4AWUqnQX57vij/i7XdKN/Ozs7/rf+P+K2/6de8vViNXbXuxN8qKrcGRTdN2jXNcwm2ZAxDM9gXG7pbtuM1Rs3t6i3XPLTO6/Ud3EBAQEBAQEBAQEBAQEBAQEBAQEBAQEBAQc89NUxFHEwe9MCeqzWOOfiQrHhkf1JnyQdfOLce9xCQXV2radnkNKNpmF9unIW1lM4aiaP4vAPwXK/GbVUeUtbc4u0++H6WXmHoBAQEBB8Jsg5dvbveyoY+XjPh2ZC7C+aMlsu0Jmn83piCCIrjpSAi9iAQ0Ocg5r/OLSfqFT/ilYgfzi0n6hU/4pWINo3N3n45M2zuLHVRXMtBPUyzsrINSYnym7Zm8rDzBKDr+7W8EFdAJ4CbXLXscLPiePaje33XD7CLggoLVAQEBAQEBAQEBAQEBAQc79MDXuZTBrS5rZHSyWvkGtyJNrNGZ1U3RXqLU1TV4bIWttV3aYpp+vrdyqfZQNnkzHHn0YC74hwvp1BTvx+elPxRaNJy0xGfhLENlA8qnv+jut2e8s/jp/LHqzGn8/guNm7NlY+JkYe5wkZOLtLXWa8XIAJxAC/O/YtZ11FUTFUY297T8FVF2LkS/QrXXAI55qlXL6gICAg5bvrvRHURyGR7otlxOMcr23bLtGVpINLBoeFcEPflexAIAc5Bwve3eeWvlDnBscUY4cEDMo4Ixo1o68hd1s7cgAAFEgIM1HVvhkbLG4sewhzXNNi0jQgoOy7o7zvq3mso8LNpsaPpVL7MW0om6vaNGzgXOXxBIQdm3c21HW0zKmIODX3Ba8FrmOaS17HDrDmkeCCyQEBAQEBAQEBAQEBAQUe+udFM29i9vDbkT0nEAZDPnyWaerFXRrY3QleATLGLANs3GRbCLntPZzsNOW/Nhpyvv4EO14zO/AQR5nPTqGvPlnnY5EzZmzn09VC4lhZhfESAbguwuGuWrLX7VrO8No2lua0biAgICD8veko/iWze+u/enIKrYW6TZ9nz1LnlsoxmnjxsbxGwNa+c4HdOTouyLMgWuugsavc2CB9eyoiqmCnkIp5HPbG2SJ1Q2nbIQ6E4wMWMuaQDoLaoPm2dzoI5qdgbPCJKw0dpXNLp4Q5gFVEcDQGnEeTm5tsTmgtG+julNQYSamK81NDHxCW8QSPmMuctPGQ7hwnAQ0txZXdfINW9HYw7YowL5VDB4YrIP0r6PfzR/9qrf3uZBsyAgICAgICAgICAgICCm2xJiljj/AEQZD/lH1raGsmmnPNZYeLaZk2vr1FBgrmHBiF7tII11Fj9XwQX1NMHsa8aOAPmtG7KgICAg/LvpJ/Mtm99d+9OQVW7W6IqqKpqC8tezEKdoLPWuiYZphhPSdZmG2Hm4XyQbH+AkTC0Np6oVDWRSPhltKz1s0cZa0iFnELGShzrXDS5oJNiEESs3BjxNigbUycR4DakGM07Qap9OWO6I6TWNxFwcc79EN6QCfD6OaTivaZZcD3wNpncWK7mTRSPPsRvbLI18Tm4Q5gOE9IINR9G3/FqL+0R/5kH6Y9Hv5o/+1Vv73Mg2ZAQEBAQEBAQEBAQEHwm2aDXqY45Xya3JA7hpb4/BbtGa9/kg+3QfQ297/f8Aigy7AdZjo/0HG3ccx9a1ltC1WGRAQEHA97N0ZaiNuz3erraU1EtKCRwq+CWQyuEbjbDM29i0/I3aHHZGvY4scHNcwkFpuC1wyIIOhysUD6S+4ON1xcA4jkDkfNB5ErgMIcbXva5tci17ddskHwSHLM5aZ6c/rPmg6H6NN23Rvi2nUB4jZIPosTBeWsnHssjafcB1dpkeokB+g9ztmy09KGTYRI58072tN2sdNK+YsDvew47X52QXaAgICAgICAgICAgIIe1pyyM21OQ7LrMMSqqWNzWjMW6rG/Znfqv/AA0WzVlb9/uUHrwPif4ZoEZz/wBkGOFxjmDz7LrMy6zzPWNFiWYXy1bCAgIKrePYENbDwpbggh8cjDhkhkHsyRvGbXA/YckHG9+tzJKt5jla1m02tJjkaAyLasTB7TeUdS0WxMPxbYtDl/4I7R/Uav8Au83+lA/BHaP6jV/3eb/Sg2jdDcMttU7RhlZGHhkNNhc2esm1ETWGxDOt2WV89SA73uxu85jhVVQYagtwMYz8lSRcoIhppbE/3rdVgg2ZAQEBAQEBAQEBAQEBBrG9u1DG+ONgBdm43ubC4GgIz8VW6/iE6bEUxEzLpbtc/VVVG2pgAAWX5nA7zzcqq5xzUU7RFPpPzdo09M+LyK6c58S1ho2Nh6utpKiz9oNVM4iI9HSNLQ9fTJwD6wnvjYMNjnkGjXtv2LEfaDWd8R6fyTpbbHHtmUHMsN+tlvLCQu1PH9T30x8fmxOloZ9pbUkwBzbHnYB3LXLFlprb5KbHGbmObliY/X+XL8PHRuVDUCSNkg0e0O8xdXtFUVUxVHejzGGdbAgINVk3qkb7UcQ9Wyc+slNmyEhgNoc3Ei1hfO3WEFZt3bkVRHwqiOEC5kYeLMx4dFGJuJG8RXa5rXtOIW9oDnZBVmhZ0PX1XrGtew/ylX2cHv4YseHmbnlewz0IuCWgY3War5DLaNec+FxyPyeoi6Z7NLnJBn2DNBFOJWWmlJEDH1FVVTFheWdBhli6BdjaTblnpqFzHvuHXsITYYj058mgFxcfUaBrST2d4QbNs2pe9hL2ta4Ocwhri4dE2uCWg/BBLQEBAQEBAQEBAQEHxzgBc6DNBpDGNmnle7OziG3Lch0Tk09dzn2LyGtr++1UxM7Qm245aEKoAxZZdosL9uSp78znHc7UpVK3qNlCqrqidnWIZpBfV3xKx99cmMTMkxDAYI+bwFtFVfdDGybFTxOZhOE5dVrNvmbj5K3sxFyjE9XGraU7dCQhssV7tjf0MwSGkmwJ8PiF6bg92quxie7ZEvREVbNhVs4iAg1/Zk0AiixxP4jY2MJNNMXDDY4cXD0DhfvzQfdpVUXCk4URMuA8PFTS2xgdG949LhvkEFFNPUOJxQBzcGFuKlJdewcWv6NsGPGejn7H7SD5JU1LiXGna4kMJ4lM67sAJDCWsPv2s7RtxYZEoLLZcrTj+kwh3ugikk6V7tdYBh6Ba2MWOeTgcgEFkZqT/knUO/NZdRofyeoQStjuux7rOAdJIRia5pti1wuAPwQT0BAQEBAQEBAQEBBG2lPgie/qaVpcr5KJq8GYjLTNlUzmsc5xbd5xWz0J79b/AHzXhabsXK6q/rqsOXERCGQSTp/D7/NQblUTLpEJtOFFrdIZJGrWJKkWVhy+/wDuutMw1WGyb6Wt2Z/7q10dUTLjXBsMmOrzyEoLOlkbtJIOXWLkK14Ld5b9Vvxcb9O0S3FeoRBAQEBAQEBAQEBAQEBAQEBAQEBAQU29gP0d1uRBPcoXEImdPVhvb7UKWlnBiu0W615XT0YsptVW6siGap6naFnSsUauZbwkYVz5hlja3ms2+SZ9vOGs57nuka3EQBfx+9la8OiJr26OdzON3ivjaZYhliL236+/PQaK708Z1tPu3cKv9OWzL1aGICAgICAgICAgICAgICAgICAgICCv3gjxU8g7L/FcNTTzWqo8m1PVpuxHeqtYAZ55DwsvK2c8swlyxxyNv7TdesKmvWq4qn2Z9Jd6ao8VjBURjV7eWjvLIaDrPmok2rk/2z6N+aPFn+lR/ps/7hn4c1zixd/JPpJz0+I2qit7cfZ02eWqzOnvVTnkn0lr95T4vdJUsFy17CcjYPZc25a9iuOG2bsTmaZ9Pm53K6Zjq9wzMfWR2LLi/NpyA0yOoKuuH0TOsmZjGIcLs+w2hemRRAQEBAQEBAQEBAQEBAQEBAQEBAQV28X5pP8A1UnZ7p58ltR2oaV9mX563VYC2bL4d9hpqrqru+v2Utycz+n13vNLT0FsU75Q8F5wNbdpsWmMXEZycciL9uJvPNdV3+2Ntvr6h1s8mN53+vN6rafZnTcx85ddxY21geg4tbiMN8OLLEc7XFvePLN/bLrP3XdLDTQ7Oa1pcZ3SENxjCMLXFj8Ztwxis7CAL9RxagYmbuWea3iN06qotlsfwxJMbEdNmB+Rawm7hHZ9rWyta59q1lmiq/O7Ff3XSZSdmtpuOTACY2szLsi4gG5OLCCS23UOwZrt/U5Pa8UK7NH3kRH1181t6PpGDbr2BoxNbm7MHNpJaBewtdo0vrmq2/eqrzT3QtNNaiiime/f4u3qGmCAgICAgICAgICAgICAgICAgICAgrt448VJODleN/8AlPUR81tR2oa19mX5+3Kic90rG2xG+pAAtclxPIAK4u1U0U809I+tlLMTNWI64+stn2NuNTluOVz33JGHCYm9EkaHp6g5nD3LxXGPtVqrN6bNimmnGN+1O8Z/4/8At711pOGW5oiquZn4fy2CHdyjbYNpoz3txn/2uvOTxnimoqxF2qZ8tv8AEQsI0enojswynd+lN7U0B5G0TMj5adq61arX5/pX66sbT7U7T69PCT7mz30R6IdTulRPydThp/YLmW8AbeYWbf2i4pp6sTcmfKqIn/MZ+LWrQaev+30VMW6wp5ncJ7nNw4iHtscJxey8dFxGB3RIByvYr3HCeNTr7EVXaYic42nv26xO8ROY3zMb4mYUGt0P3FfsTt5+Hl3fuybgVF9tzR+suGYvcDLEXFrC59rn+12Ltc6zCba3ppnydkXF2EBAQEBAQEBAQEBAQEBAQEBAQEBBW7yAGkqARccKS4PMYTcLejtQ0udmXCvRx7dQbXtG7IcyXNaR3WJ8Lqx1nYpjz/aZVdvt5/2z/mG4b2yPh2eDG9zHN4DcTCWmxcxrhfI2sSvn/CrVvUcarpu0xVE884mImOkzHo9BdmaNNTifBF2nvJLDU1UUhDYSXsp5AG2bKyJsgjceYOMWxfHO061we1f01mqxjmnlqu0xM+1RVVMZjviIxO0effEQ5TqqqKqoq6bxE+EvlFXVFTUSwtl4LKdkOJzWRvfLJIzET0wWtbkcgOrrygarR6TQaei9Xb56rlVeImqqKaaaZxjaczPTrPj4b96Lly7VNMTiIiPfL5t3eF8dXDCZW4fVsnAwteTMHDGwe0wNAa42OWJqlcP4TTrNHd1U0TzzzVUTvNMRRj2Z7pzvTETHSJcr2om3cpozttE/r9eLaKmG8sJsSbvZlrZ2EHvHWPsy0+zFeLN2M+E+mWnEKc10T749cKTcvZTW7T4nHje7hteQ22K7muvGQD7pc7LMjJewvzvM48kHTRiimM+bqyipYgICAgICAgICAgICAgICAgICAgIK/eEfik/9U/U29087G3ktqO1DS52ZcI9HA6VTnb1ZzuchjbfS58lZ6vs0+/8AaVXb6zH+394brvPNC7hU04LYpWvlc8Ow8MU7WyZixy08l8+4fp9TRdv6vSzmuiqKYpxnm+8nHjGO/wDh6C9XRNNNuvpMf4hEr3QPg4dRDKZKx5nbTtOOXEGtBINmiOzGtJubDMZ3KkaSdTF2fw1ynlsRyxcmMUY35oneqaomd4x4RMYzDFcUTT7cdqc47/JElqqK5n/GopWOZRyCI8OZpIsxsrS7C4ENsHC+gzyy30tnXZnT3Iort1RVdpmfap6+1NO2e/emcdfXWuq1tVGYnp5/qs94YaSmgeJg90U8oDiCXPxNa2xuSCA1sTc8/G6jaCnX6rWUXNHVTmimrlzGIxmcxMYxzTNXhEeHRte+5t25i5E7zH17tl3UwguguXHDI0gguztYgOI1BtfPLJbfZzMxdmYjOJ2xG3dt4Y6bb/o012PYjuzDTvR9f+W32Nui4a6jDpzzyB5d697rP9OPr91JoIxP18vrzdrVUthAQEBAQEBAQEBAQEBAQEBAQEBAQV+8J/FJ87eqkz6uiVvR2oaXOzPucF9HDgJZgecb/JuGT5M5Kz1cZoiY8Y+OY/dU25iK9/yz8MT+zc9q7FNWaUvHqmxSsluQHtc9jWts3PpNezwsvBW+LRw2rVRRP9Sa6Zp8JiJmZzPhNM+nTuX06ab9NvPSI39PmiU2za2OSnndw5ZaYPgIxkceEjovxEdCQXIIOvWt54rw6ablq1mim5NNzs55K460zETGaZxHTpmY6dNosXYmKp3mNuvWPmjVm7dRLxpgI+LNUQS8IPyZHAHAAvw9JxuL2Cl6Pimko5LVuZm3RRXTnHtTNcxPZ8Ix458YhpcsXJ9qeszE+Wy32hsuartxTwWcOVobG9kl3yEAhxczTA1uljmc1VaPiNnhlrNn+pmuN6qZpxFMRO0RV1zPfMxtGYdrtmq/Ptbbd0+KXRcWNlKya3EjY7GWnEPVhtjfI9JrHHMcj1Z3HC6rF69qbmn7FVW2YxPtdfHpM+PTCFquaiLcVdYz8P4hrO40pbtuwF8WJrv2QGOdfq1FvFes1m9qJlV6DarDt6qVuICAgICAgICAgICAgICAgICAgICCt3ldajqD1QyHyYVvb7ce9pc7E+5xmSgkparCSA8xiVr2jCRcuFs87AtPWLHkDhbaUTTct7xt0x9Qp71uaKoxO/X63+exsrfkQjhywAtBJvFZpFzcnAejmbnolozOS87xb7KRq7n31q7MVY6Vbx5b9fXmnuysNJxXkp5a6dvL5LmPfeida73sPU6N3/xdebufZLiNHSKavdV88LOnienmN5x+j2N76G/5c+Ecv+lc6fs1xPO1vE/8qfmzPEdN+b4Sw1PpCpQOiJZSL26IYPEk38cKsKfsnxDUTE6i5TEes+kREfFxr4pYo7ETPwVVPvLLVTHotiaRhOH2i0ZhrpDmRcnIWGZNua9fw/g1rh9mKKZmrE536ZnviI2z5zme7OFHq9bXfr8I/bz/AIXe5myJGbXdK5rcNjbpG+eVwLZ58jb7eupuRNqIh30luaa5y64q5ZCAgICAgICAgICAgICAgICAgICAgrN5oy6jqGi93RPAAtcktIAF+s5eK2pqimqJno0uRmmYhxypqnT1HFEE0bWxYbGn4YccT3X6IOmIDFfpa2U2xfscuIuUz/5RKv1Nu5M9mfSWn1lM8ON2u16j1nQ+B8wrCNRanpVHrCHTZuY7M+kvlNU4AWup2Pub4nh+IdgIcMvtPUFyrromdqvjCRRRVEb0/D+GT+VBiu2mhbkGkYCdMWfSOTs9RrYarXFPSavi3mavysc7nSOxCLDcAYWNIbk0AZeC60XbdMYmqPWHGu3XVPZW+7tHIX/ky4EEZtdhOZFjYdYS7qLNO01xn3w4fc3JnMUz6S6JusAdpX+jSghpvK+HCL9HR5N3aEKqu37UxyRXEz4ROZ9FrYorzzTTMR5w6Yo6YICAgICAgICAgICAgICAgICAgICCNtL8k/8Aon5Lne/06vdLMdVDsoWhPK4+P3K8Zp+tc+afV3Khry12p6rBxA8AMlT3qd5zj0h2pSo3Em9zl+063lexKiz0w2wTOPWlMQIErzfUqRTEMJuzXOxB2ZABuBmTl5HNT9B7Nc1R/wDXO5vCXSWFUwXcTkfa5HQm1r+ycs1dcOq/7zPjHij3Y9hta9QiCAgICAgICAgICAgICAgICAgICAgj7RF4njTon5Lnd7E+5mOrX9kn1RHVrlkftXi9PnNUeafV3Kp46R7z19aqr8+3LtT0SIwoktyZYpYQX65KRHRhP2YPuMzf73U3RY5pc60qlLvpTbhozy1OWG5z5Z8irvhvN+M3xlwu9htS9ShiAgICAgICAgICAgICAgICAgICAgw1g9W/+ifkta+zPuZjq1XZUowkHVpNtctR9Z8+xeI00c1VU4T6pxCLFYuyz+vtuqnU7VS7UdEm1lD6t2GcrpSwgyOzXeIaptBJ2/Lw+Km6PriZx9fNpWm7NeTVA27/AAuMvMlXnDc/jJnHcj3ew2tenRBAQEBAQEBAQEBAQEBAQEBAQEBAQQttSYYHnnaw8SFH1VUU2apnwbU9Wn7LBwF2PU3tl1aWXktPOYqq80yrweaRshJIdbuw/XyVJfqpqq3hIiNkxwfe2K5Hco3s+DaGCVvXfwyW9MiBPrnz+CkUsJmzZOkDbyspuir5bjlcjZKhOCdpBvzJPhc+QVrpqotaunfOe9xr3obmvWIYgICAgICAgICAgICAgICAgICAgIKfeg+pt1uHOxPcVXcVq5dNU6Wo9qFJE0tjtYi4N9PL4rzNiZixt5z5JdXaR4qK7P2jzyHI+So6rkzWkxiIS3xACwGnko8VTO7KNO3W2vyXWmfFhAnGnl9+pd6WGagyIz0yUnTVYvQ0rjZOrG2cw5j3bk3tdW1yJpuW6s+EOEbxLco9B3BewQnpAQEBAQEBAQEBAQEBAQEBAQEBAQVm348UQH7Q+RVXxnP4Sp2sduFRWWawDMd681VVFFmIS8ZqV/GFrcjr29ipJpnOXeJZ2vJ7fh45LjMRDLzIxbRLCHPGV2plh9gGa6UVRFUTLExskz4nWcb4TYBuVwb5+Ktprm5NNX9s4iPflxxjMN1j0HcF7hXvSAgICAgICAgICAgICAgICAgICAgjbQZeM+B+Kh8Qt8+mrp8v8bt7c4qiWsbUnYRbEMhyz7c7aLwGprmqunHSIj1WdEbSq4wSMua4ziGVjRkWzIBzba+p1XGqmZnH6s5SHMB98DxWPu8d8T6mZ8GIhuYFr5Em3Ll8lpuMVY9rMNzryAzPlot7cTVkSKIMkwtBHtDK407vv9l5w3mu1UWp/N8Orhd2iZ8m2he8VwgICAgICAgICAgICAgICAgICAgIPj23BHXksTGYxI0Da2zyyc4mAMNi0gAd+dtV4DW6W5pa5pmJxmcT3THd/MLO1XFUPFK8Ru6Ja4WBey97a3tzDrDTn8VEm1zzTnfPTHX3fXR0mrZ9qOjIyTC+NkhwjG1zSR7twdOXUu2q0VyzExVTMR1pz4fNi3XFXelTyNaCSWiwOp6u77FW001TtEOso0AkjZG8slIdd5wsxRuLsm43AFzA0AG+QzzVtHDb1y3NyKJmO7x26z+vx7keblOcZebh1y8hzjkRe2Q0AGgF+XzKhxRMezTs6Zhfbr0LgTI4ED3cXPt7tPJel4LoLkXZv3IxERtnrOfr4oeouRjlhsq9QiCAgICAgICAgICAgICAgICAgICAgIPjmgixAI7ViYidpGOOnY32WtHcAPksRTEdIZzLzWUccrcEjQ4a2PI9fetL1ii9Ty1xmGaappnMILd3ab9DIAC1zhsNBh05KDTwfSUznl8+s/N0nUXJ71o0WyGisoiIjEOJhHUFkfUBAQEBAQEBAQEBAQEBAQEBAQEBAQEBAQEBAQEBAQEBAQEBAQEBAQEBB//Z', 'inactivo'),
(8, 'Algarrobina', 'Preparado de Algarrobina', 3, 10.00, 20.00, NULL, 'https://encrypted-tbn0.gstatic.com/images?q=tbn:ANd9GcQ0ler4FMiq25YGbotn-HQeQvy33o2h3lai-Q&s', 'inactivo');
INSERT INTO `productos` (`id`, `nombre_producto`, `descripcion`, `id_categoria`, `precio_compra`, `precio_venta`, `fecha_vencimiento`, `imagen`, `estado`) VALUES
(9, 'Red Label', 'Hielo + 2 Coca Kola personal', 4, 45.00, 150.00, NULL, 'data:image/jpeg;base64,/9j/4AAQSkZJRgABAQAAAQABAAD/2wCEAAkGBxMSEhUTEhMVFhUXFxgWFhgXFxUWEhYVGhsYFhgYGBoaHCghGBolGxcXIjEhJSkrLi4vFx8zODMtNygwLisBCgoKDg0OGxAQGy0mHyUvLS0tLS8vLy0tLS0vLy0tLS0tLS0tLS0tLS0tLS0tLS0tLS0tLS8vLS0tLS0tLS0tLf/AABEIAOEA4QMBEQACEQEDEQH/xAAcAAEAAgMBAQEAAAAAAAAAAAAABAUDBgcCCAH/xABREAACAQIDAwcGCAsFBQkAAAABAgADEQQSIQUxQQYTIlFhcbEHMjNygZEjUnOhsrPBwhQkNUJTYoKDkqLwJVR0hNIXQ0RjkxYmNGSj0dPx8v/EABsBAQACAwEBAAAAAAAAAAAAAAADBQECBAYH/8QAOBEAAgECAwQHBwQBBQEAAAAAAAECAxEEITESMkFRBRMiYXGBsRQzNJGh0fAjUsHh8SRCQ2KSFf/aAAwDAQACEQMRAD8A7jAEAQBAEAQBAEAQBAEAQBAEAQBAEAQBAEAQBAEAQBAEAQBAEAQBAEAQBAEAQBAEAQBAEAQBAEAQBAEAQBAEAQBAEAQBAEAQBAEAQBAEAQBAEAQBAEAQBAEAQBAEAQBAEAQBAEAQBAEAQBAEAQBAEAQBAEAQBAKrlFygw+BpGriHyj81Rq7n4qLxPzDiRNZSUVdk1GhOtLZgjhnK/wAoeKxzFEJo0NbIhIZhu+EYed3buw2vOSdZyPS4Po2nSzlm/wA0KDCbZxNKwp4isluC1HA9wM1UnzLB4alLein5Fxh+X20k83FufWCP9NTNuskuJBLozDS1gvqvQtML5VdpKLk0qgG8tT8chFpnrpHLLojDN8V5/cssN5ZcSPSYai3qs6eOab9e+RDLoOH+2T9fsWeG8tNP/eYR19Sor+KrMqvzRzz6Fkt2f0/yb5yT5SU9oUOfpK6qHKEOFDXABPmk6dISaElJXRVYihKhPYkXU2IBAEAQBAEAQBAEAQBAEAQBAEAQBAEAQBAMGOrFKbuN6ozC+64BMMzFXdj5b2ttSti6hrYioXc8TuA4KoGir2CV05N5s9vh8PClDZgiIg1miOmMczJabktj0lJm0UEnqAJPzTDNZNJZux0/k7hcN+BohVLsg51bjOx4jKdc1wN46uq8jd7nk8XKr17km8nk/sc52vSRa9VafmB2C7zYX0Guvvm6eR6XCuUqUXPWxDZJsieUDufkRH9nt8u/0UnXQ3Tx3S6tiX4I6BJisMeIq5FLdX/1NZyUY3ZmKu7FINs1STZU03ecftnJ7W+RO6KRZbNxTOOmBfsuPEmTUq227WI5wsTZORiAIAgCAIAgCAIAgCAIAgCAIAgEXanoavyb/RMw9DaG8j5VQaSueh9Cisj0gka1N0jJaSm9j1TbKb2Bt1i4g0nBSVmWB27U3ZU6tzXsNeLRmcD6Op8GyLi8Zzg82xvfS1vC498Mmo4fq3e9yMJg7DuPkV/J7fLv9FJ2UN08V0zb2p25I36TFUQNuvai37I/mEgxLtSZLR30apjMSxZRlW1xZmAPV5olW8tTuVjZsEpBTpE3uOGuhP2Trw+U0ctRpxZaSwOYQBAEAQBAEAQBAEAQBAEAQBAEAjbS9DU9R/omYehtDeR8sKNJXPQ+jRWQEjWpk/byZC4vBrdvQtsLybxLrmNIonx6pFKnbrzOQD7Jq5I5p4qlF22rvks39DI2zMNT9Nis5+Lh0L/+pUyr7s0xdvREcq1eS7ELLnLL6ZsjVNoUE0o4VSfjV2as3flGVAf2TM7DerOScKs9+bfcsl9zsnkbxLVMAzPa/PuNFVQAFSwAUACdlCKULI870hBQrWXJG9SY4iv2/TzUGBva6k232DAm3ukGJX6TJaLtNGtYmylRTsu7RtfAGVU5W0O2K5lxs+l8KjFbGx80nJax3jidZ1Ye/WIgq7rL2WRyCAIAgCAIAgCAIAgCAIAgCAIAgEfaHoqnqN4GYehtDeR8sgaSu4H0lLIz4TCZ8xLpTRbZnckKLnQaAlmNjYAX0PVI+JyYrEKlZWu3wLCl+A09/PYlvZQo/ec/yzftMgg8TU5RX/p/YlJyhdNMPTpUB100Bqe2o+ZvcRGzzOlYGE/eycvF2XyVkQnNWuwLMzsTYMzFjffbMx+a8zax0fpUIuySXcH2UwPTZUF7Ek7tQCbcbXv22Nr2MXOOeIjJdlN/n5/JHrpRCkBmZtLEebfUMDe2m4g67+E2RySdS97WR2PyKfk9vl6ngk66O6ec6Tf6/kjf5KV5Wcpa2TDVG9X52UfbI60HODiuJtCag9plDS2eWVHLecAbW3X165xewc5fQn9r5ItadcJWo0zqXzAHcNELa69Ump4dwmpXI5VlJWsXk6yIQBAEAQBAEAQBAEAQBAEAQBAEAwY/0VT1G8DMPQ2hvI+XaNIsQqi5NgP64DtldwPo86kacHOWiMWNxAboIb00Bsd2dyRmqe3cOpQON5lKxUQ2pydSer/LGbZlGmwYuxUKV3cQc3Gx1uF4HeeqbM6XUlGygr3LBMTSXzKZYgDV7HcbsbajKd1iNw36masnUast+VvAkDnqppLoq1agFMjcGz5bg3LDKWtvvYL2TUw3RpqbWbis/lfwz9Sf/wBmwtOu1ZiKtE5spOVXp2DLYlb9MLUUagggC17gLldU6Sc5QVJdmXzT9Msn3kfbCYMNURD8GQjUjSUuysoZSjGow0YMCbM1io0vpMo5oLEtKUtc73y9OR03yMD8Qa36ep4JO2julP0jfrs+SN8kpwGuct8WBSWl+dUYG3HKhDE/xZB+1CNJvIsMPh7Io6lA9wtMhFJyprCi2Hr/AKKspPqMDTqH2I5P7Iixhu2ZtqsCLjUHd1TBIfsAQBAEAQBAEAQBAEAQBAEAQBAMGO9E/qN4GYehtDeR8uOOie1SPeJXo+kzjtQaK9OPYPtE2tmVLfA2bZGFwn4GazEc+jmyO9lfKUcKFA81kzjU3uotvtMSvc5J1a/XbEd1rgtOF/Jl03KGhSq1DhwzUnyMEUCgmZMyhXAUZ6ZRjmGUXIGptmmtuZinga1WCVR2avm83Z8u9PTMp8FiKq0wiWsrc4GKpmVuhqrsLpqtM6EbhMFrVpUZT2pvO1rX111S14mE0RcZmuADbL0ra7tbAX1Ol9/bBJw7EbfTh+IxVCoFguvWTc8dwGg4de6ZTOWpGWrZ2LyNf+Ab5d/BJ20d08v0n7/yRt22dqUsLRevWayILnrJ3BVHFibADrMkbSV2cEYuTsjjmH2liNoYpqzuy3ICIpIWmgPRUEWJPEniSdwsBV1sZO9o5FvSwNNK81c6Nh8IFUZixPWXe/jNJ4qcI5yIJUqbeSNb5VbPLKSj1R2CrUI9xYj5pwLpSpt22sieGFpSWaMfk35WtTcYHFuSCbYeo28H9Cx+if2eqXWFxaqZPU5MRherV46HUp2nEIAgCAIAgCAIAgCAIAgCAIAgGDHejf1G8DMPQ2hvI+X+A7pXcD6bDQrKa+d2D7RJeJRNWdibg1SwLZibjogAArpfpE6HeNx4Hshh7V8ifSxQHmqq9tszbgDq1+3+I9QtGyaEL7zb+noWGx9n1sW4pUhmYKWGZrAKthpfvUWmhLWxFLDx6yfF8FxMtbYVdGZaoWll3mo6Imu4gk9MHXzb7pi5qsdRkk4Ny7km3/XmR3oYdPOqNVPVSXKl/XqC59iR2iCdSrPSKXi7v5L7nW/JGynAtlTIOefTMW4JqSePundh77GbPNdJRca9pO+SNV8o2PqYusVB/F6F8o4PUsQ1Q9dtVHZc8ZV4rHxlLYjzO3CYLYjty1ZW8jsWlNc1tTK+vWcHkjvhS24m0nbpb+tJWTnOq7zYWEitCwwjVHUMMov5o01nVRotK6OSq6cJW5akDF4OhXBWtTUndcdFgesMJ10a9nZoxUpO14s2TkftZnDYes2erSGjnfVpbgx/XGgb2H86w9Dh66qx7ynr0tiXcbJOggEAQBAEAQBAEAQBAEAQBAEAw430b+q3gZhm0d5Hy+dw7pXcD6ZT0IIQlnVQSxGgAJJuy6ADeZuubKbFNQm/Et6XJ+qAGrsmHU/pmyOe6mL1D/DDmuGZye0ReSvJ933JVMYSn+lxB7hQpH35nPuWaNsnh7RLRKK+b+xuHJnH0cOUqjC1EvSAeqrmpTYZEqtmVzdFF16YsAewGa2K3FqpVTg5p2eS0erWVvQm+UnalCrhaIUFzUIqU3A6KKDla56zfLl69+4TJp0ZSnGq7u1smuf5qc3tMF6dc8mNXJsusw3ipVI78q2+eTzm4Yaclqk/Q87j4qeMjF8bFXtSkBTfTgZ4ujJ7SLpPaRDxWz1p0MHlFs1O57TlU3+eW2MjswUuZFhJtuS5H5SErDrLahtEqoUNoBYae3Q8JPGs0rJnHPCqUnJrU9UjfXffxM3g87mJxsrGLYNcjaVMjcSynuKkW9+U/siXOAm1Jd5XYyCcH3HUJdlMIAgCAIAgCAIAgCAIAgCAIBhxno39VvAwzaOqPmJKZYADflv7hc27ZW8D6TGSirs/KWLNNHFLMjsOm4NmyhlyopGqrxPWbcBrlZ5MrMXh1Os5y0ysiPS6+J3nie8zZkkYqKskXex9g18SWWklyoUsCVVgG1BAYi+hvNCCvi6VFJyeunI6Xs7PgimGTD50KPUouSq1CSwPNtmy3ZWqt1EqesEHB56paverKWeSa/n6fM0vZdZmxOTFM9JKjAlbOMO5LAPdBoVdS9nG4kHduyWlaEVR2qNm1xyuuWfdlkVm3tlNhqzU28296bbw9MnoMDx0+cGLHRQxCq01Ja8fE6FyFe2xsSepqx/kSSVFfCzXcyoxXxsfIx7US9Nu4zxVJ2ki1gedrp8Fgh/yvupLrpB/pQIcFvz8fuRaSSpR2tmfC4Zqh+DVn9UXA7z5o9pE6KdCc91ENSvCmu07EmoUp6VK9JCPzU+Hq9xC9FT3kyypYBrfdvqzjlWlUfYi33vJGPYO0aBxtBaVKpdqjXqVXGa3NubCmnRG7jeWeGowhJW4HNi6VVUpSm1wyX3eZ0+WRSiAIAgCAIAgCAIAgCAIAgCAYcZ6N/VbwMwzaO8j5owaaE2vZCLWudVOu6VvA+iVJJJJ816lfbR/V+8s2RpiFc9UV0mzNEjomyqv4M9DHgZsPXVErsPOoVVHNNc/oywJ100HELeK5Q1odYpYd70b2/7LX5mz8s9jirhqqixvmq0wSMwrIpqdC+8MocEcL3Gl7bIr8FXdOrF+T8Hl9Cu2FtLB1MHQpYipTSsiE0WqMVZOkwputQgWPRBsCN3VaZJ8RRrqrOUE7N52+qse+XeGpV8JzrVKXPUvNZWXLUBIBCgE79CBvBFt2pya4KU4VdlJ2Z+cjvyHi/3/ANWskl7iRnE/Gx8hi2vTPaPsnh4b5bRMXKjalDDU8GK72YJlZEAaqvQB1F7DUAanj2T0mIwrrQhG9ranFhpz2p7Eb3euiNabltTOlDDL2PXPOH/prZQfaZmlgadPgd8cLUqZ1J2XKOX11PVbaeKr6V6r5LgZfMpi+4ZFsOHETrSsbxo4eluRTfzfzZ7ohF0vm4AKN51t38O3WZMSnPW1i15PUGXH4YtTKAVWXXzs3Ns1mB1ByuP6Eloq00VuMqRnQkk76P62OvzuPPiAIAgCAIAgCAIAgCAIAgCAYcZ6N/VbwMw9DaO8j5nw17Hq5s5tL3XTw3+yV3A+i1LWXjl4kMDR/V+8sCsvU9UDpNmYsbnyH2qctbCP6Kqpa5VmVNysWC6hGBAJ3AgE6XmjKXpSgrxrrVP58vNHQNlCrTpLS6VenZQlWmaJ6A0yMXcZ9BbMFBsevWChquMpOWj5fiyOX8otl1adYg0qqUxkpU2dSEKoq01ObzdcubfxMyegw1aEqV1JN5t8+ehC2rgBQqtTDrUACkOnmNcA9E8RckXG+0yb0ajqw2mrdx0Pkd+Q8Z+/+rWSv3EinxXxsfI1nlbyl5lRRon4UqLt+jBHD9Y8Orf1Tz3R+C2m6s9OBY22nZ6epQcpFBXB2XNcC4FyW6K33anjLtEsnZGbZGEqkIUWnRRwzK7dJ2VFdmJVQzG6o4Ay6kEamDR1qavtNya4fLwWveT3wBBrJUqrztMrbM4COhU3y5rEt6Oy77HdpMWJo4hWjKMezK+izT/LmwLtSgvPJh6bstRbW1UKVDDOupbLYhrG1il9L6b7SRXvD1pqMqrSt+Wffw8zNsTaFR8fSLlEzVVzIupLAOAdblTqb2IG4Wm1OV5oixFCEMO9m7tx8WjrM7iiEAQBAEAQBAEAQBAEAQBAEAw4z0b+q3gZh6G0d5HzLh1udzEBCTl37ranq1ldwPotWajHVarXxIoPRf1fvLBms8kXvJXkzVxTC6utMj0llsN2oDEZxv3TEppFXjOkYUVaLTly/wAaHRtn4DB7KR6l3ZwoDvYs1r3C6DKlzbQ2JsN81zZRVa9fGyUXbuWn9kT/AGj4a/Ro1RcjM1qYNtxbRjcjTQibJE3/AMirxkvr9jXsZt38Lpmvi6dxTyU1RahWlVqli9iuU2Ap3zG+vQ3XmTsWF6map0pa3bds0tNe96GvbRxr16jVXtmY3NgAo6gANwA0g7KdKNOCjHQ6LyP/ACHjP3/1ayZ+4ZR4v46Pkcv5YUsuKY/HSm38oT7s4Oj5XoJcm19f7LNq0izxe0mw5wlVELkIRlBIvmQAHTXRiD22txnUo3IK8VUjZu2ZjXa1dgAzpRUVGrIFN6qM5NTokXZQWa+8edxtpmxvSoU9bOWVuSMtBgWNg1Rix6TE3a+gJG+5Jvqd9phosFFpaqK5IsjzmQMQQpJtYWG7Xdwtx7DNbGl6SbV8y35N4HJiqBZkDisBbNckDSwtodb/AMOkkpK00VuNxCnSkop2svU7FO884IAgCAIAgCAIAgCAIAgCAIBhxvo39VvAzD0NobyPmjBHQ6X6GnVcAkfNc9wMrXoe/wARwff9D1sDDq9RswuqqGI0sQHQWN9La8ZrN5EHSdSUKPZ1bsb3hOVgp0alVebVEbm0PSqGo9gbKvQ0sd5PAnqvHGnZ2PPexSc1B3u1d9y+ppm2OUGIxZBr1LgaqgGWmp3aAce03PbOhRSLijh6dDcXnxINNWNrAnMbLYecb2sOs3sPbFibrEr3ehZbXqBStBSCtEFSRuesdar92YBR+rTWCGhd3qPWX0XBfL1IF5gnOncjj/YeM/zH1ayZ+4ZQYr46Pkc95f07PQf41Mr/AAkH78qeipXhOPJ+v+CxruzTIfKuoVo4QhiCU4GxtlXqlrFEUmsr8z85P7PV6YdyqDnBmZiQTT3EKON2Nr9drHgdWSPEuLtHl9Tc9g7Fq3bm0ZlYdMsDSSxzdHW7BfN6Vtb79Jo5IgrYlSttPNacfPkbNT2SiKBVqaAZQlIcLFbFr9ROoI7pyTxtKPG/hn9SBdZN3ivN/Y8bPxyDEU6VKkqDnUBY9Ko1nG9tPC+u+T4ertzjkRYilJQblK/odJlsVIgCAIAgCAIAgCAIAgCAIAgGHG+jf1W8DMPQ2hvI+Z8IRla+/LoOvQjqN94/rdWs99W2nKKXMjUKxVKwH51MKe7nKbfdt7ZtxM4qCko34P8Ahkakxta5tvtwvuvabkDXEsNnUA79IkIoL1CN4prvt+sdFHayzBzVZuMctdF4/mZPw+LN3xRspS1Ogo81KhByBeyml29bITq0HO4rKkuOb71/b/krFaanWpGS8Gx0/kcf7Cxn+Y+rWTP3DKHFfGx8jS+XtAtQoFQSQ4Ww1PSU/aolF0VJKrNPl6Ms8WuwmWO0OQFSpTwYrVAvB1UXdVyXJ1I1uFBHbLLFYyGHhty46FXGUqjewtDcNl7Dw9ADJSUsoChmAJsAF8FG++4ShqdMTm+wvn9jfqnxZNxNQ2tfQbhuA7huE4qmIqVN53OilTjHREKu2g7xMQZ0RWpTbNb8dp/Lp9MT0mAfaicWLXYkddl8UQgCAIAgCAIAgCAIAgCAIAgGDHejf1G8DMPQ2hvI+Y6C31uRZDqOvKSBv42ldwPoNSVsu/8Akj0xdXA1OUWHEnOlhMmuIlaN+8ybL2bVrMq00Y5jYNlbINbXLAGwHE8Js2jjq16cE239yftE01PMYe7AWV23mtVBt0bf7sN5o47zc2sOeCk11lTXh3L78zFtFwMtJTdaQK3G5qh1qN2gsAo/VRYNYRe89X6cDxh8IzUqtUebS5sN3uxVR8x17O2DPWWnGPO/0MQaYJ7nUeR35Cxn7/6tZM/cspMR8bHyKvFVLUgw3hQQeINt46j2zydJtVMi9nCMoWkbDs1r4bBX+IfASfpb4eJWUlnU8izUzz0WYaMNYXNuvSdMO07G8XZXMGPo5GCg31GtiPZY8Z0Sh1crXub0KnWRvaxr2zm/HaXy9P6ay/wG9A58ZuS8DsU9AUAgCAIAgCAIAgCAIAgCAIAgGDH+iqeo3gZh6G0N5HzNg1NmIt5hBF9d15XPQ93XlG6T5mTk/ghVNQG9sqC4NmW9RNR22BHeRMTlsps5ukqzp01biy35RbbegHwtKuzh1y1rpSG+3RDKgJa2hJvvtv3YpR2ldo4MJh4ztVlG3LX7mt4WsVIZdCNx6ja1x2jeO0CTFjOKkrM/INJI3XkxsNcThzTRSL03qVHbTnK1qlOgqLfVKZzEk2u1uyRTlslXiKzp1bvmrLktX5v0NJDeySFk2dV5GH+wcZ+/+rWSv3LKSu/9bHyKfGN8B+yPCeUgv1D0Utw2LZjfi+C+TPgJL0r7iJV0l7wtlnnUaskYFLve1wN5O4d54cfmljgs6l7ZehBiJdi1yJtVhooC2D3DA3JHbw//ADJqsluq3HMmwqecs9NDS8JV/HqI/wDM0R76qS6wOsPIxi92Xh/B22ehPPiAIAgCAIAgCAIAgCAIAgCAYMf6Kp6jeBmHobQ3kfMOFBLKo/OGUi9r30t88r+B72rbZb5ZlpsAtSwuMrjeopqu7RucUkkHhcrNZLaeyVfSLVSpTh5mrq5JuTcnUk6knrMnsdcclZEhGmBc93mDRs2ryf7d5mutNj0WJC3Ol3ygr7SqEHrW355IiqxurldjqO1HaX5+fmhG5ebJOHxTsFIpVSaiG3Ru2rrfrDX06iIoz2om2FrbdNJ6o3XkV+QMZ/mPoLOr/ifmV9Z/6yPka5iq/wADb9UeE8zGHbPRyfYNp2W3wOC+TPhMdKe4RXUlvl0pnnTRo9VqzZQDonzE/bOyM5ypqLyj6sjjCKndZy9Curt5vadO7dEdTsgsmabQq/2hR/xdD65BPTYBbhy4vSXh/B3megPPCAIAgCAIAgCAIAgCAIAgCAR9oeiqeo3gZh6G0N5Hy1U3DuE4Ee/vmWmwcSho4ihUcItQJYk2A6a3IJ0uLIbG2gM0ndZoq+kISvGpFaFBiaQp1GQOrhSQGU3Vh1iTRd1c3hO8U2rBWmTa57zTBq2M/Vv4dhixq2uJ0HaPLSm+FQkipUIs9M9Fs2tySBlCjS2mvvnF7PLbdslzKlYSW21w5mw8lMTzmwsa1gvp7AbgObWd8Y7NFrxIJw2MVFeBouLr/B+z7JRwj2j0M32DcNl1vgsF8n92QdJr9I5qKupF6tSefsYcT1j6wa1twUC3V1/Pr7ZPUkpNbOiVjXD03G99bkatXUooIOZWspFrZTrr3G/vk0ZxlCz1WngSKnKM21o9fE0DB1r7Rof4yh9ek9LgVuHLjMnPwfofQ0vDz4gCAIAgCAIAgCAIAgCAIAgEfaPoqnqN4GYehtDeR8sVT0R3CcSPdp5kaoei/cPpLMkFd9kj0FLGygk9n9bu2bHI5pZsuamxGC5gVuEBILpfNYs28iyhe837DcYuQLEK9mSF2ASqkPvBLEgZVIv0QL3Y7urcesCLmjxOuRFGx3z5SyKM1gSdSt7ZrDhu3kXJAG+Gzb2hWuRsXhjTIvazXy9IMSumptpxEJ3MxqbR1bkQf+72NP8Aifq1kqX6bK6t8XHyOf4t/g/ZKSC7Rd1H2DcdmP8AB4H1Puzn6R92yPD6SL9LBh0CcxAuATa5tcm+gGknwcYuhG6WhVV5yVSSuTuZXdzb8NQKgHb+fOrq4/tXyRF1s+Z+/g6WJNN9Nded6+HwndMdVD9q+SM9dU5mncoqNOntDZvNoED4imWIDAsRiKQ1uTu+2dFFLaVjbblKMnJ8P4O3SyKwQBAEAQBAEAQBAEAQBAEAQCNtL0NT1G+iZh6G0d5HyrUbQdwnGj2qlmRqh6Ldw+ksyRVneJ4wdfISczr0SOgbE34HXzTxmTjkrokLXpDdmtra9Oifj23/ALv3troLrGrUvxs9HFJY6665fgKFj51r6afm37zvtq2TS0r/ANs/GrUyw1OW5ueZpXAzaEAccupHXM2FpfjZiqFNCpN+PRCi1h1HrzD2CMzZN8Tr/IUX5PY7uxX1Qki3GV1b4qPkc6xd8nslNC20XNTKJtuzaumDH/LH0JzY9fpy/OIw+jL5aCnUolzvOVb+EplXqxVlJ28WSShTvmkehh1+In8K/wDtNli63738zHV0+SIO3WKUwygL0lFwqg2PsnVhsVWlOzkzXqafI01cY77UwwdiQmKw+UaWUGrSJtbuE9Bg5OSi2VuLiouSXL+D6UlqUogCAIAgCAIAgCAIAgCAIAgEbaXoanqN9EzD0NobyPlZqYsNZwxlke7eHS4kWsLBu4eImbnLiI2ieXwTLqd2nz6zbaOanGM8rnoYPtP9aTXbJeohzH4F2/1190z1g9ng+LP0YHtjrDHs8ObAwpvbj7pttmJ0IxV7nZOQKlNgY3rH4SfdSBtN7bVJ+ZS1mli4tc0cmxteoRdswB3Eiy+w8ZwU4RWh21arerLfA18/MI1QLZOJfUW0FgLESKvtWezG/wAjalVpxttMsKjYeivRxCnjamjjsNuha85lSxM32ov5/wBmXjaK0sR8FyhpFiprMpJ6Pnm/VcBT4ySpgqqV0r/niaxx1O+aRdbXpVfwcuahsAGv8JlC9d2QW9sho4esp32X+eDJHjcO1bQ0lcZUaupp1XN6oyEMfj9G3zS2oxasn3HDiHGV3F3R9WyxKgQBAEAQBAEAQBAEAQBAEAQD8ZQRYi4OhB3EQCkqcj8Ad+Dw/spqPATTq4ckdXtuI/fL5shYjyd7McENhE1+K1RT/KwjqocjLx2Ies2Rv9l2yv7sf+tiP/kjq48gsdXWkvQ9r5Mtlj/hffVrnxqTHVQ5Gfb8R+9mQeTfZY/4Vf463+uOqhyMe3Yj97PQ8nezP7on8VT/AFTPVw5GPbcR+9j/AGd7M/uifxVP9UdXHkYeMrv/AHv5lxsvYeHw1I0aNJUpMSWTUqSwAN8xO8ATZJJWIZVJSe1J5kJuRuBKlDh1KkWKlnKkdVs26QrDUk7qOZmVab1ZGw/k92YjBlwVIEdhPiZM0nqaXZY0uTODU3XDUgexAJjYjyF2exyfwovahT6W/Tf39czsoxcwV+SWAcWfBYZrbr0aZI7ja8WBhwfIjZ1J1qU8HRVkbMhC+a2hzAHQG4GvYI2Ve5ttyStc2CZNRAEAQBAEAQBAEAQBAEAQBAEAQBAEAQBAEAQBAEAQBAEAQBAEAQBAEAQBAEAQBAEAQBAEAQBAEAQBAEAQBAEAQBAEAQBAEAQBAEAQBAEAQBAEAQBAEAQBAEAQBAEAQBAEAQBAEAQBAEAQBAEAQBAEAQBAEAQBAP/Z', 'activo'),
(10, 'Cuates', 'Cuates 50gr', 5, 0.50, 1.50, '2026-04-04', 'data:image/jpeg;base64,/9j/4AAQSkZJRgABAQAAAQABAAD/2wCEAAkGBxMSEhETExIVFRUXGBgYGBYVGBcVGBcXFRcbGBgVFhgYHiggGBomHhcVITEhKCkrLi4uGB8zODMtNygtLisBCgoKDg0OGxAQGy8mHyUtLS8tKy0tLS0tLy8tLS0tLS0tLS0tLS8tLS0tLS0tLS0tLS0tLS0tLS0tLS0tLS0tLf/AABEIAOEA4QMBEQACEQEDEQH/xAAcAAEAAQUBAQAAAAAAAAAAAAAABQEDBAYHAgj/xABMEAACAQIDBAYGBQkECQUBAAABAgMAEQQSIQUxQVEGEyJhcYEHFDKRobFCUlST0RUWI2JygqLB0jOSsvAkQ0RTc7PC4fFjg5XT5Aj/xAAbAQEAAgMBAQAAAAAAAAAAAAAABAUBAgMGB//EADsRAAIBAwIEAwcDAgUDBQAAAAABAgMEESExBRJBURNhcRQiMoGRobHB0fBC4QYVI1LxM3LSQ1NiY4L/2gAMAwEAAhEDEQA/AO4UAoBQCgFAKAUAoBQCgFAKAUAoBQCgFAKAUAoBQFaAUAoBQCgFAKAUAFAKAUAoClAKAxl2jCd00Z8HX8aA8ttOAb5oh4uo/nQHg7Zw32iH7xPxpgHk7cwv2mD71PxoCg2/hCbDFQX5dbHf50emrC1Ln5Xw/wBoh+8T8a08SPdG3K+w/K+H+0Q/eJ+NZ549zHK+xRts4YanEQgf8RPxopxeiYcWjz+XcLa/rMFufWpb51vgwW/zkwf2zDffR/1UwCv5xYP7Xh/vo/6qYYH5w4P7Xh/vo/6qYYPQ29hT/tUH3sf40wwextnDHdiIfvE/GmAXF2lCd00Z8HX8awD0cdFv61LftL+NAXYZVcZlYMOakEe8UB7oBQFaAUAoBQAUAoBQCgKUAoD5Uwk4yLZyNOV/lUlo1yXvWB9f3isAwscVPFT5CsphmAGA5e6smpufo+hF5ZiygiyLpzszf9Pxqq4lVaSh8yXawzmRvYm0HbHuFVDZKKu41/SD3D8KJmVk1Tp1tEJEsQk1c6i30V1O7vy+41ZcPp803PsR7mWFg0FcouQQCe4a/CrnBCKZv1vhQHoN3mmAXAy/rfGgLodeTVgyXFZPqt8fxrIyXkdPqN8fxrAyezk35JB4f+azkHc/RLb8mw2BHbm0O/WVj/OuM9zKNxrQyKArQCgFAKACgFAKAUBSgKOtwRzoD5AxDywySRs1njdkawFsyMVPDmDUxao4t4MnA7TYtldlt3j8Kw0bKRLzwDLclW8hWhvg84bCQyRglVzDeRpfxtWdRhM2/oJJhIkeGWQoxcsrNbLYqBlvwNxxqn4lbVaklOGyXQl284xXKzfodjoRcMDyIsdKpMTzjJ3bRaxuCihjZ5GAUb9Bc8gvNjyreFGrUfLF6mXOMVqjku2oXxMskzAoPoLfRVG5dPee8mvVW9FUaagvm+5Xzbm8svbB2DFO8aNK0TMNSBnu1tOyTpWa9V04OSWcCEOZ4JfGejmcaxYmJ+5kKN8yPjUSHEqT0lFo6StpkNj+h2OiU3gLDnGA3n2CakwuqMtpHN05LdGP+SmJ1svcb3FvA12yjXlM7Z3RMzXIkyKts7tmZR4AEEsTuF/51hywGjK/NKIDXEt5QkfOetOdjBA9JdkSYZFlRhJETlzjOpVrew6FjlOhI1II3HQgdISUtGaSyloawca5+kfea6cpz5mfSPoewzpsrDFzcyZ5B+y7kr/DY+dRqnxHaOxulaGRQFaAUAoBQAUAoBQCgKUAoD5n9MWy/V9q4i2izBJx++Crfxo586k03mJyktTTox766GqJGPFPb2vlWMHRMtmZ0N1Nr/53VnCNW2jydoSc6zyo18RkjsrpTi8P/ZTsB9U6r/dNR61nRrL3l8+p0hc1IbGySw7W2mkc5ZVi1CDOIl0Ni+XUnUWueWlV3tFjYSdNt569Wd+WvX95LQsDojtHd1sJvw64/HStv86s+7+hv7HcdjzieieNhR5mlw4CDPdZTmGXXs3QC+nOs0+K2tWSpxy29Nv7mJW1aC5n0N22H0i6yGF2+movfgdzfG9UdeTo1pU+zLaklUpqa6k3DttFO8jw41q60eodBs0X0g7UC4trAjOiPu4FbX3/AKpr0PDZ+LbprplFRcLknyszJNpDrpsKD1ceHzWOVnzMhCs7hOJ1JY2A0FdsnIidoYp8jfpjG6e2vU5stnAc3ubgIySX+iGXNbMKxkyQ+3WbC2fr2xCsWjeGVCqOilrgleyT2UII7Ssb6W1xkYIbFbOtiXgiuT1piS+89vIt7cd1WVJpw5mQpr3+VH1bszBLBDFCnsxoqL4IoUfKq9vLyS0sGTWDIoCtAKAUAoAKAUAoBQFKAUBy/wBOXR3roYcUo7URKN+xJYg+TAf3q605YeDWUcnBipVta7nPYz4RQ3RfkhuKZDRGulbnJrB4N+Auaya4O2uwhSPDKezEioDzKixJ8Tevndebr1ZVH1bZ6u2pKnTSLXrQNuf+d1aeGdjV9q9bj8T6pESIlIMrAaXB1JvwG4DiR3V6SyoUrC29rrfE/hX879fIpbqtO5q+BT2W7NnOzUQIkYsqKFAO/sjiedUEqsqtRzlu3ktqcVTgoo8jDtoRu+NdpJYM8xqnTB+sxMgBuEVYgeZQWP8AEWHlXr+F0nStIp7vL+v9jzt1NTrNomdrz4aGaSbrJQZ7uMqq6OjyXLXZTYgAiwFwwsba1psaojG6T4ciz4vE3bNntFC+h0VDmj7RylQTxybzpfU2wYO0MXBjisRnmlclsoKIqjskZiwjU3sFLX7IIY3trQEz6N9iDFbWeYWaGKSSbNbRjmPV2v3kN+7U1y5aCXVkZR5qjl0O+1EO4oBQFaAUAoBQAUAoBQCgKUAoDE2rglnhlibc6lfDTQ+RsfKiB8x7Z2QXUSxDMCM2nI63qXHOcGk1pkjsDGSK6eGzSMlglIcNdbX1rHhm/MRmKwwBrvGESPUk0eAvEb668qOOWzquMizkyA6MA68rOMwt76+ayg6cnB9G0ezpTUoJ+R7w+D9kndWsmb8xd2PhUw+JkQCyyXYW3ksb6+d6616s60U5vOFgjqnGCfKt3km58Pqajx3NlLQw9oWw8TSXFwLJ+2fZNu7U+VWllb+PVUem79DhcVuWD7nP2wvK5J8ySa9jnBS4LqYOcI0MuFxDwsS1libPG27rYri19ACDowFjYgEcasYS1T1MJtERL0V4kY//AOP/AP09x91R/Dfl9TfxF/EXsD0fmcdVBh8QEP8AazSQsjPrfJYFgiDTs5jc6ngB2oxhF5kznJuWi2Oz+i3ZCwYViBZmdgwIsR1ZK5T4HN760rT5pG6WNEbnXIyKAUBWgFAKAUAFAKAUAoClAKA8Tnst4H5UQPm/oq7tAFvu9m40tvN/AmrGotTlRzy6kZMBd3jRitySUUlbD2mHADzrPiQTScln11Oba3SJrD7Dl1LtHEAWU52AN1OUi27f37gTuqFLiFPaCcnvou5IjSfXQ8YbYAcyvnEgWTq1VQf0gay9arA6WDBgNb2rlccRlBxgljKy328sY64w30NPB5ss1rEQmNspIJAU3U3HaUNoeO+rinUVSPMttfyQpLleGdP6GyCfBw8480Z/cN1H91lrxHGaXh3cvPX6/wBz0nDqvNQS7aGww4Xd3cxVS2THIyMfsN5EDKDde0hA18LbyD3V3p29Vxyo6P8Amxx9ognhsuYWXOiNxYbuPf576j7MzszmnTnb4ln6qM3SK4uNzSH2j3gWyj97nXtODWbo0OeW8vx0/cp7u45p4WyIGDaJRkbUhWVrX35Te1WzhlYI3iG/Yr0n4Z0cDZ5BYGzExtY20axFjbTQ8qjeyS7oz4y7EVN6R47n9C2pBNkh1tfjbfrvp7HLujHtETYtmdN8OuHVhgswsSpXIuoJNioFgR+JrR28s4ydVJNZRtfozxwnwXWqpVWllsrG5FmtYkedcqkeV4EXlZNrrQ2FAKArQCgFAKACgFAKAUBSgFAUZbgjnpQHzxgZWgXEoBFdUyKX0KjtKcg4ljlGpHjW9488uW9e3y3ENE8FyPAyyYdpDOcpw+aNIwq2k6tn6tr3YjKN99fKqh3dKlcKmqeqnhttv3cpZW3XyN/Dk6bk5dNMd+xmPh8LFJ/bRqwMIdnPXOskT5ZrdZmN2SRTYAgFP1dM0at3VhrCTXvYwuVOLXu7Y2afnr5mWqcXuunnr1G0drLImLKSqC12zkOpsbDsKbm6p2V3G6L9Y2kxs5RdLmi9NMaPz1fm999G+xrOaalhnP8AFzBmJAsAABfflRQq377AV6OlBxjh76v5t5ZUzeXodQ9HGy58PHL6yqwRyZXTrWCuTazER6vYjLvA9mvNcehSqyjJTSa0eX0LnhiqpNKLafY3KPaOHDC0nWNwGUqpNtLs25fI155ez0vflJyx0Sev1LOpSr8jeEvVmO2JxZbMY4SeYmkHu/Q6VUVKtKpU8WVSfN35Vp6e8cI+PGPKoxx/3P8A8S3t3EGSLJ164Wdx2mVGmWxJBKEZSGOlzbTXxr0FndWdSarVc6brGMvvpn6GFb3M6bjHHyeflrg51L6P8QAeokgxAG5Y3yyEf8OQL7gTXrqPE7atpGWpWVLKvS+KJrssJRirKVZTYqwIKkbwQdxqbnOxHLMslZSNW8Ee9bnDOSQ2VjWVTGDoWDL3MNL+YJ9wrlNdSRSljQ+gvRbh8mzoebNIxtzLkfyqurPMyXFaG21yMigFAVoBQCgFABQCgFAKApQCgFAfL/SmRkmkysQSSDYkXBN7acNBVjCMZJZWThWbWxDHHykBesbKAFABIFlvYWG+2ZvfW8bekpOXKsvLzjvv+ERXUk1jJXDmurNoMmlW62PKuXUlLVFOhaoNpYISWy9emh3XJ7P8WWtqufDeOxFjHFQ3XHxzNK4Zs73u1jc99/j7q+aylq3PfO7PeQlHlSjosHvY0BzMWSNha1pjlU3O8dlrnT41rWksJKTXnHV/oRr6nNwUYxUs9H/wyS9Ui+yYPykT/wCuuHiVP/en9H+5Uexf/RH+f/kxdpYMZBkiw6WN8sLZmIOlzZFFq60qmZe9OT/7tF+WT7GjOnJrkUU+3f6IwosNIoDk5Fva5Ol6680XLlWr30LGc4w0k8EP6TG/0tNbv6vB1h4l8p1PflyeVq95w1ylbRct8foePu8eNLl2yargtmz4l8kETytxCKTYc2O5R3m1T3KMFmTwQnFy0RLv6PdpAX9V8uuw9/d1l6j/AOYWreFUWfU2VrV7ERJsubDuomjZLkizWvcbwQDcHXjvGtdOeMtmZjBxxk+jfR+ltn4cdz/8xqr6vxsmmw1zAoBQFaAUAoBQAUAoBQCgKUAoBQHzB08XLjJk5MfnVnS+FEWu9TXRXdEU6X0d2OsESDqYnxDwnEytPGJRFEdIYI0bQO5K3O/t1V3NxJy5YvCR1y4vlitd3+xIdIeh6LPP1eIw0KghuqZnHVhwNCQpA7RNl4CxraNzFLEiU5RW7JHoUIxioMJAyNCiNLM5jB9ZlB3qWF8qMVynT2DUedZ1J56EaNXmrKEdsfUl+m2zcDhWbGS4lsM7giy9vrGt9GIdondfKQN97XJqHc2VKvHll3yWFGcqVV1YvVrGHqvLTyOSr0wKrLGhkIZrh2CqxXvUMcpvwBNqiy4VSlVU+iWMGyuLqNGUFLMm883VJ7/zoZkXTN5JYsiOzKAMiKGJtxsvwrnHhFNU5R79TtK9ufEjJY5UveXfO/8AY2HZWG2jM8jiAwrICB6wwhtfccmr+Iy1Hq21lThGFSpFNeev87GY3F26s5LWL0S193Gz/fuT+D6P4XCovruIWaxDBSRHFfflJY3k33toO6syvraFbNCDnLH9K0IvhSVDwrip7uc+9p/F1IrH4PY8ksks0skskjZmYytqdwsI0AAAAAHAAVKjxm/WlO3wvNr9jnOVp/VVXyPG2OkMeCjTDYFFVCoctq184uGYnV3IsbtuFh4ROWvxOTqXTainhQT7b5+Zxub6NqlCgk29c+pgLj9pEI9pGU2P9mtiD3Bb2txrlUtuFxzD3U15v9zSnccReJ6teiI30lBuvwp1ylD4Fg5BN9xOUIPACvR8Am5WUXLfVfRku8WKx2voZHlwWHH6pPvYn+dd6nxMyTVaAUAoCtAKAUAoAKAUAoBQFKAUAoD5X6a4gSbQxzDd6xKo8Ecp/wBNWVH4UiHWWrInDxBmVSbBiFJ5Am1677HBbnbdkFG2ltBpXSOKKRGbOwW4gusS2P0QQHPeic6oc5k8mYNOtPOy/TYwtn404lPU1jYzzYnrJ3I0VVYE34ixvoQLajea0TzobKXMuVLVvUmsdBjZ8fh3iwow3UK6Z5CrIQ9wSoW2cAG4A477Vu5LmwZnGtOqpRjjHUkumWx9nThGxqdY0S5Q5keIgHUhmRlBuRe2tV91xWlSn4UE5z7L9WWap4jzSaS7sgui+xdiyF+qwkL5T/rDJLrwv1xOh4HdUeHFKsJctzDlyvdedM9n5iDp1U3RlnG5G7e6VvhZWghgijVcu4ZVYFQ2iJlA3241Ftbed/SVavVbT/pWiXkRL3iErao6VOC06vUhcbtHGTTGKOWVm4otkKsB21umW+U3F9N3nUx2Vjaw5pRSXd6/nJAnc3depyQk2+y0JHp7mMODdxZ7MGGhszKhI003qarOBOEa1aMHmOmPTLJvGYydGlKW/X1wiD2NhMI6FsRO0bBrBVF7iwN/ZPEkeVWl3Xu4TSoU1JY3bK21o2s4ZrTaedjK6QbAYdXLAHlhaNLMASwsoAzAC4FgOFR7HiMZc1Os1Gab06b9zve2Ely1KKcotLXqY/r+IRFBkmQgWAYsAQOADfKpfstpUbfLF99v0NI3FeEEuaSx6/qZ+FxBx2FlSWxZO0G3dpRmV+46MDbgaWS9ju1Th8Ek9OzLShWdzQcp/FF79zsXRmQNhMOV3dWvy1+N6uZ/Ezck61AoBQFaAUAoBQAUAoBQCgKUAoBQHyftyBjjMSqgsTPLlAFy2aRiLAbyQQasaeiREqLLJ3A+jrGSKGbqYgfoyv2rd6xhredjUSvxizoPlnUWTMLOtJZSOgJgooY0xePSKXExkZpIzIyNlISN3Q2DSHS5sBVBecThOrGFliTl32WCQ7OnBOtXWMdiQ2R0w9bMyxgoQoILZRm3jXLrYG3HjVVxGpeUacfFqaSevKsY+Z1s7ijcSkqcdUtMmpbI6W4hsTEJWAUtlKhQLFtAb79DbjXe54VQhbyqUc8yWU866aldb8VrSuIxqY5c4ax8jI9KOskD8w/vupPzpwWsqs60l1af13+5vxyHL4fo0aps7GS4d0lTQ8L7mW9iDzFxbyq2uLencwdKev6diooVqlvNVI/8nScF6tjonlyL1jLkOYAslwRa/DfcHjXkqirWEvDlNpJpx7NZ1+Z6mn4F7DnUVlrD7o07Zs8iTYaVnDiNhHISe2hkupR82rADNa2YDKd26vUX9NXFrJLtlflFDazlTrwk3s8PvrobR6UI82GifkyX/usp+IFVdhVUrmMv91NfVPD/AAWnFoP2f0l+TQ9kQYZs/rErpa2UIubNvvrY2tp76tLudzHHgQT75eCktYW8s+NJrthG59Y0uFiGBaW0b5SbhXsq8R9IdpdPhVDSpQheT9sUcyWV21ZfObq20fZW8RePPREPtrBY+cKJBIwU6ZlEYvuuTYC++raj7DaZnBpZ88/IhV6V5cYjLLx8vmYm1GGz8MIswOInNgBwVtGe28KBcA8STwvabw+nO4r+0yWIpYinv6kunRVtS8POW9zsXQiYPgoCP1v8bVaVPiZsTtaAUAoCtAKAUAoAKAUAoBQFKAUBRjYE0BwvBzR4Uz4hkvNIq2PHUABFP0cxFyRwAqFxOpWm429J4zu/I2ThSg6slnsvMtYfE4ibIc0rP2z1CdlBY9nrLMCq3N9b3sQCKhO3s7SPNNL1erZXSq3NzJcuc/7Vov56my4HZMrYGZZAwdg3ZZzIENrIFJJIF1Btc76o69aDu1cUEuSDjlrTctKNvN2sqdTPNLOjedjUOhWM6vFx33PdD+9u/iC1dcYo+LaSx01+n9ij4VW8O5j56fz5lvpThTFi5gNLtnUj9ftXHgSR5V04ZW8a0g32w/loc+I0vCupJd8/XU2HpxKJsLhZhxIPhnS5HvWqfgsXRu6tJ9P0ZacXkqttTq9/1Rq8U7yxJhlizlXZlIBZxmsCotuXS58uVXsoU6VV15Swmkn20/Upo1J1acaEY5w8rvqZ2w/WsPicscTlxYPHwKnXtHcOYao197Lc23NOS5ekvPy6/IkWftNvccsIvPVfz8kvtfY0rTYhFhzRkmVCLoRJKADZ7hTY6kG+im1r1HsOJW8bWKqzWVp56eXoTLqyrSryUI5W69X5+ps22MPHLhoocTPFC7i4DyIhOTKzFM5AYBiR51CsrW5klXt45UXJJPTKfUtbiMKlPwqrxlLOO6NYPR7Zif2m0odOHrEF/ctzVso8WltTivVsrVw20W8my9L0pweBhaLZ7rNKzA3Ku0a7szEuBmJCgALoL38e9rwmrKq6121J4wkloS4+HShyUVhZzuRW1enOOliZVEMZ3hkj7Q8M5YD3VZw4dbxllQX0MOpLG5pWxoZMRieskdnb2ndyWOmguT5ACrLkUURYScpH0Z6PlAwMIHN/8ZqFV+Jkk2OuYFAKArQCgFAKACgFAKAUBSgFAW8SbI/7J+VAfO+1ZuthzA2sy68urLRk6a77GotwuW6y+qON1l2+V0ZsfQHGImIIYqRIFdWA9vJmRiQQO1cFreO/fVZxKMYVadeazGL1679cGeH1F70OrWU++Dc9q9I1WQQKjMGIByLmyXPZaSx7AJBt4Godade/hOFvFKn0ysN+aJkq1O3nFTbcvLXHqcp2zhjFKJo79U7dZFIAQLE5lGu4jkeVWVpVjWpeFP4ksSX2+5526oypVfEh8LeYv7lf9Ix817Z30FwMqqBzI0A1JrGbbh9HGcLt1Zhq4vqucZf2N9250cdsDHAliyZLXNtRvLfVuGJAqjpSqW9wrytFqM89Nu31PQXFsqlt7PTescf3MTZmGTZEE02KlTtLdU3F3VWypGCQ0hJI4AaVYwoVOJXFOcqbVOOc83X5HK0oex05LmzJ426fMwMJ0u2jiIn6jZ0ccqorNIzO4s2gMUBUEsSDlUlu4G1XNP8Aw/ZU6nO110T2XyMSv54wtfQlVmxwjaObHQRT9asMciwJ+mcxpJ7RVlW4kQZsg1J5XMyPDrTn8RU03u3hZOMritjGcfUwNp9G4sRKxZjO7xYe8krF3hdpI8yFSbZSjuVsLXDDhU6D5Vt3+fb6MjTbf9T6fLuV2wMHLFMmG9XAcR2UMiAGFnjkN3y70kjNzvKnfvraEZp+/n/k1nKL+DfT7HOvVupOU2vzBzA2JU2I0OoI0rdwUSTSqqaLuIxwRddb1ry6m8p8qI3ZUtnIuRm3ePfW8locaMvePoz0aR5dnYe+89YT4mRqravxsmo2euYFAKArQCgFAKACgFAKAUBSgFAY+0D+il/Yb/CaytwfMPRzaiKzRyn9HITYncC2+54A6a8CKX1u6kcw+JbGtKSxyy2ZtcGyplKR9UJYQCDkyrIyljIt2Y3BDN9HS1VD4jRh7tb3X2aIs7CsniC5o+W/zJLZ/RSafL18ccSBi7iOwL6aZrHIgAvrpvPHWo1Xifif6dpHml3xohR4bOWtfEV26stba9I8MEohw+HTERIuVpA7RhmGloiAQYwABe2vDTfKt/8ADtF0l42XPdtPqywndNPEduiL+y+lOPxykYDAxR23ySSdaVvfVVYIgOh333HSpdHgNnQkpyWX/wDLU4yvJv3Yr6YRg4fo7NGwxEe1JDNNlMjxu+SS8oisZVGRmDGwXNcAHLparnli9HHb+bbkR1J7pr7/AJNh2hs+KES9UsMkjMpE+NvIxAusqOxYdpew4I+i9uF6QbbWdPJfY0nypd/NkFtzb+GmVIIxK8SWF4DZlGHeRYe04syFZedwUB512pU5RfM9/wB9zlUmmsbIisZ0sfONYUAyZY3DYgxtGuVZcwFhIFyjf9EbrV0VOOP4jVtsgMdtRXKli8zKAoZv0VkW9gMjXJ13mt842MKLe5jev3P9jD92p0tYC51O6sZZvGHmxNiWcrewCjKoUBQByAG7ea1Z2hFR2MXHNe1YSFR5LEL5WU8iD7jWJGse59O+j032fh/3/wDmNVZV+NlgjYq5mRQCgK0AoBQCgAoBQCgFAUoBQGLtZrQTnlG/+E1lbhnyKo08qnNakdPQldkdI8ZhQFgxDKn1CFkUfsiQEL5Wrm7aFX4kn6oOs4kltHa+OxoyTYh3Xilwkf7yIAp8xXOfhW0cvCXkS6FGrcy5aay/x6mH+RXUaFSfH/tXOnxW3TxhrzJtTgF1jKaflku7H2o+HlQ+zka4JGqHuO/LzA3gnnVrGcZx3ymefrUpRk9MSRJYnpM8bSdU/VI0hlWOPJPlYixIY2VQTqBbTurPKnjOpwWSV2d0bgljWU4kOG7Rsmc5m1bMWbLmvoexcWtVBd8enQqOmqeq7v8AmnzLa34U6sVPn37GcOjWF3O08y8Fd+rQW00VAAo8KrJ/4gupfCkvl+5Op8HpR3M/BbFwC9n1WPxa76c7sT76hz4rfSefEf2R3fDqKWiOb9JNl+q4iSLet8yE/SjbVTfjbcTzU17Swulc0I1OvX16nnril4VRxZGK9TDimXEasM3TyWcQ1zWDWTyy3WjNon0t6LZc2y8K3MP/AMxr1XVvjZOg8xTNrrkbCgFAVoBQCgFABQCgFAKApQCgMbaaXhmHNHHvU1lbhnyJGdB4Cp73IuD2K2hNR3Zq4Sn8KybtsiSKNIxlLyPqLIXud2WzWBt3X1vrVVcXFvUnmUXLHyX5L61t7ulTfJUUE9X1f4+xnrtGMKXMbZQcpYxRe1vIa1tR3AAcb1Hda3xnwV9jsqN3nDuX9yE6T4fO4CRuJQO0nVhSUtcMQmmYcSAPAWqbbXlKHuKPKvqiFdWNeovEdRTe3Z/fc1phzqzpV4VPheSorW9Sl8cWjO2Ntd8OwKm6E9pOB525HvqPfWFK7hiS97o+39ja1u528tHp1R0SLaIZVdNVYX8b8xXhqtB0puEt1oeqpzVSKlHZlv1nfWnIdDPXYkeMOHkmW6xZwBwfNYgNxspB8b1Ktr+pa0506f8AVjXsV9zbQqVFKXToQ3pA6HqqnE4dQoUfpI1AAt/vFA8rjlrzvc8H4pJy8Cs99m/w/wBCtvbRf9SC9UaBhIHkNkRnO7sKW1O4aCvSTnGGsml6srIJvZGYOjWLYn/RpBb6y5f8Vqiyv7aO80dFb1W/hMLH7OlgIEsbJfdfcbciNK3p16VbWnLJiVOUPiR9H+jHDdXszCKd+VifFpGJ+dQ63xsmQWIpG01yNhQCgK0AoBQCgAoBQCgFAUoBQHidbqw5gj3igPkfAYMuSL2yjUkaA7gDy4+6u9zVcFp1M2lFVZe9siRUxRm4FzlAIPaU7rmx4/juqrlNvVl3SpRWFt6Enh9tyHKkcZIAsqquYrpY5dCwuL3N7m5vvqNLPVlipUVj3fm2Zy+uKvWGEogt2pCiLvuCessCb6+NcY1I82FLL8tTSpdW6i+ZLHqe8PiMSULpGrIvtPG8MhAUlgGKkmwN2seOu+jnytQbx6oQubao+ZYfTR/zpp6GJFioJurR0sq3AC5gqq1sxyi5a1r6HfvBvXeM3F5kdJW0KkWqb1xqn17eRre1cH1EmS+YZVYNYqGDKDcX3jeL91eks6zq002eM4hbqjWcY6Lt28jo2ydnhMLh13nLmO/exLW8r/CvG8Qq+Jczku/40L2yi6dGMX2JDC7KzNr7IF/M8LVEbwiQ56GzQLZbWAsBbyri8vc4PcgsNtNziGjfcdw4f5tW7TSyjtOEeXKNkVVVdNBbcNNw7vKsZct2QtiLxMZIvuHfXWLwYxk0HpjEp6oE3tJmN92UDX33Ar0PBm3OT8iLex92K8zrXoyxxm2fETvVnX+IsPgwqxrLE2R1sbVXIyKAUBWgFAKAUAFAKAUAoClAKA8yvlBY7gCfdrQHyN6522kVbByWy8gxzBb917X7qlVaKqR5Wa0Lh0Z8y+aLz5Lm5yNvKuCtr67/AHGqudtUWqWV5F5Su7ef9WH2ZJY3bOdAiAJEgUMqAZZHsMzMR7Yvey68zWtvbKDc5avz6FNfXUpzcYv3V9yO6wGyhiU1bqrnRrAEgDshtWsRyqVhJ5wV+XsesPi5FuyM6sQQGOodTcFXblY7jfU3Fq1nCM1iSOlOpKnLmjuSnRvBGeRo0Vi/Vuc3+rRgt0DsL6FgB591V9xFUo883plerXXB6mhxWGP9NZnjXOyMODYsrY5oZypMZVpCpzLlsCFGm4ggW8as5XlOnZqdLZ6L9ykqRqV7huq8vqdWwq3GttflXk5FrGZ42PtJWdk3EE2vxrM4NRydGbAg0/mKjtHNmp9I4jHKJFPIjy591dqeGsEmm+aOptOz8UGiVtLEA865tNPBEmtTXuk22EiUu7ZVUan+QHE8hXejRnOSUTPuxjmRyHbG3mxUpK9mMaKvEDmx4sf+1eutKCoQ5Vv1KmvU8SWeh370L3/JiX/3j/yrNR+8arY3uuZkUAoCtAKAUAoAKAUAoBQFKAUBZxgvHIP1W+Rogz5L2Ph1keJHbKp9o3A0AudTu3WqbczlCDlFZfQjU4qUsNkz0r2lhmVI4I8zJZetYA9hdAqkklx3ny31X2VrcrM6ksZ1wu7/AB8jtcVqbXLBbdSx0U2N64XUOiGMKbOGYEMTcjtADUC97+1XK/qu0SbWcmttbqs9WdD2X0YwUKkPFJIzHtF0JNgDlCdWwRbG1jYc6griNCS5pN5ROVk45Sxhkdtro1hY4MTIqMsiwyMo6yRiMsZsWN7Mbi/Lh4x6V/Vq14xWkXJLzN52VONNywcowe0JInDxyMjj6Skg67xcfKvVTpUpx5JJNditjzR1ibj6P5GmlxMrsWc9XmZtSb5t5/dHuqn4sowpwhBYSzoTLTLcmzp+Djtb4mvOyZORYx2ykftL2HBvmHHxpGq0ztFlvZ3SFeubCysFmUKbG3aDC4K89LHzFb1Lefh+JFe6zTni5cvUyOkCq0dywBG4VwpvDO9PKNfxm30wWHHWNr2rKN5JJIUD/Nqm0bWdepiJyrVIwzJnKdu7Zmxj5pNFBOVBuX8T3/KvT21nCisLcp61w5vUxsKliKlHDOT6N9CmKBwTxcUe/k4/FTUapudkdCrQCgFAVoBQCgFABQCgFAKApQCgMHbu0kw2Hnnk9iNGY99hoo7ybDzrMVl4MN4R8kBgAKsZSWckRJtFt5RTxEY5GTXQjH9Xi0B9l1dDbfquZQNd+ZVFV3FIeLbtdU0/uTLOXh1EyUx/pDVjZMOxXS2eQru4FUG7uJO+q+nwbHxT+i/cn/5k4/DFGFL6RZXVo3w8RjZWRgGkDFXFmAYsQPdpXSPCIRkpKTytehynezmmpJakfBs2COKbEBxKuQrGrAXDzZ40Vxb+0UB5OHsAjfU6FScpcj6bmk6UI0ufOc7Ez6LZQJ5oz9JAw/8Aba1vMP8ACoXGYf6UZdn+TFlP3mjrMWleZepPwWsdjEhjeSQ2RAWY79F+Z/GtqdNzkordmXLlWT592nj3xOIlxDEhncsOaj6IBHIADyr2VCgoQUeyKmpU1yTMPSfFhcvXlhzcBiPOucuHW8pZ5fobxvKqWMktsjonLirYjFytGjDQsM0jrwKpoFTvPkONRbjiFG2/06Mcvy2Xq+53pWtSv70mbds7ops1TrE8luMrk38VSw+FVNXil3LZpei/cnR4bTW+pqnpE6OJhpEngXLBJZco3RyAXyjjZgCw7w3dVtwq+lXg4VH7y+6K27tvCeVsbr6BsZeXEp9aJG/uOR/11YVVscIvQ7NXE2FAKArQCgFAKACgFAKAUBSgFAcn/wD6A251eHgwinWZs7/8OIggeblT+4a6U1rk1kzhVdt2cxW5oyS2bJh0ys5mEgN+zHG679Ct5FINuYOtcq0JzWE8IkUJ04PmksswNqOjyuyXsxLdpQhu2pGUMwAve2p0ranFxjhmlWalNuK0MQR1uaZLgvbLc2ve19L2te3O3GgbZ6icqQVJBGoIJBB5gjdWGk1h7GFlPKNkwHTzGQ6MwmX/ANQa/wB4a++q2vwuhN5jo/Il07qS0lqWek/TWbGxCHqxGpIL2JJe2oHcAdfIcq1teGxoz5m8s3q3HOsIitk7NeZxFGAXIJAJC+yLnU6cKtcqKIOrZvvRfoT1J67FhSw9iG4de55CND3L7+VUPEOKf+nRfq/0X7lpZ2OffqL5E9j7k3uSTzqngXUSuFl1te3j/KsTRtkzcVg1xEUmHf2ZFtf6rDVXF+INj31rRrSoVFUXQ4XFJVabTIv0Q4Y4Xa+IwrMGZYXBIFgdYn0B8TXsOeNSmpx2Z53lcXys7gzAWuQL7u/wrk2luZK1kCgK0AoBQCgAoBQCgFAUoBQHzP6ZNq+sbVnAN1hVIR+6Mz/xuw8q7QWhpI0oCuiNBW2TGCl6xzGcHkisZM4AFYyMFbUAtTIK0yCQh2NIyK62Ia/HUcr+dYz0M8p0H0ddD2iIxU2jWPVINwBFjI3MkGwHnyt5/inEd6NN+r/T9yxtLVf9SXyN1xcF9N3f51SRZaxZFz4ZddLnnXWMzdNkZjwsADyHKCQBzJYhQBbvIqRQhKvLlgtTWpVjTjmR6g2xEclibt7OmpspbQb72De6pEuGV8bL6keN/Rejf2MyPFwx7U2fiusUSXOHnW4uUkjPVueVmKa8iOVTuHKtShKlUjhLVN/cr7tQlLmg8mz4nbhkxQIP6MG0fDldvMj3AVVXl051eeL0jsTqVqo0WmtXubxG1wDzF/fXo4y5oprqU7WHg9VsYK0AoBQCgAoBQCgFAUoDzK+VS3IE+4XoD46xM7zPJMw7UjNI37UjFj8TUlI5njqG+qazgwOpblTBjJX1duRpgyPVn+qazgFfVW+r8qYGo9Vf6prGAehgn5e8imBgHBPy+IpgE70K2I+IxcUbXEYu0nLIo1X94kL51Cv7j2eg5rfZep2oU3Oaid0Kf+OArxTepd5wsIpLD8P5c6ZCkYeKiVRc6KBcnkO+t1lnSEmzX8Ng2xUhkfRBoBwI5VKc1TWFubSY2h0awbG7QAEi10Zkvcb+wRrwvXSnf3MdpfqcXaUZ64IiLZGHgkLxI2b6zszn4mu872vWhyzenlobUrSlTfMlqTuHY6Eb+HkN9QZolHSOjmJzwJ3aVfcNqc9BLtoUF3DlqPzJSrAjFaAUAoBQAUAoBQCgKUB5kFwR3GgPjWFuyPAfKpuDi3qZl+/41gyj0if5vQGRHEeXxobYLvVHl8awC4mHblQyVaIisAow040AQa8dw43oDevRhJGOuBP6Vitr8UUXsPMm47hXneO87cf9q/JYWKWG+p0NQNb157dkx5KOwF91yPlTARD7SYzXhQXvbO3BVve3ieVdqfu+8zotDLWERoFXcP8AxWmeZ5C1ZFYxgL310rtFHZIgsWdd1rmpMTdGZgtTbW50HyrlPQydE6JxlVYW0sPf/k1O4O5c0+36lPftNo2Cr4rytAKAUAoAKAUAoBQFKAUBBjods4f7BhfuI/6a25n3MYRcHRTAD/YcL9zH/TTmfcYPX5sYH7FhvuY/6axzPuMHodGsF9jw33Mf9NMsyPzcwf2PDfcx/wBNMsD83MH9jw/3Mf8ATTLBX83MH9kw/wBzH/TTLBUdH8J9kw/3Uf4UywevyFhfssH3SfhTIPE2xcMAbYaG/wCrGqnyIFx41pOKmuWWxmLcXlGvyYaRDYRsy8NbsP6vn41SXHCNeai/k/0J1O7T0n9S1Nh5DuVh38bd2mlZp8IfL78tQ73D0R7iwhUWVWXute/nUWrwy4jth+h0jdwe4bDP9U1wVjcLeDOyuKXcwZ9ku30be812jZXH+xm3tdJdTEk6Ou282HcpJrtGyuP9v3Rq76ku5m4HZXVboyxvvI+QFSKfC23ms/kv3I9W/ctILBuGy52KgFCvda1W8YRgsRWEV7bbyyRrYwVoBQCgFAUoCtAKAUBSgFAKAUAoBQCgFAKAUAoBQFLUAyjlQFMgoBkHKgGQcqAZBQFcooCtAKArQCgFAKApQCgFAKAUAoBQCgFAKAUAoBQCgFAKAUAoBQCgAoCtAKAUAoBQCgFAKA//2Q==', 'activo'),
(11, 'Cheetos', 'Cheetos de queso 90g', 5, 0.60, 2.00, '2026-05-06', 'https://imagedelivery.net/4fYuQyy-r8_rpBpcY7lH_A/tottusPE/43081753_1/w=1500,h=1500,fit=pad', 'inactivo'),
(12, 'Hielo', 'Bolsa de hielo', 6, 4.00, 10.00, NULL, 'data:image/jpeg;base64,/9j/4AAQSkZJRgABAQAAAQABAAD/2wCEAAkGBxITEhUSEhMWFRUXFxoXGRgVFRcbGBcVFxYWFxcZFRgYHSggGB0lHRUXITEiJSkrLy4uGB8zODMsNygtLisBCgoKDg0NFw8QFTcdFR0rLS0rLTcuKzctLSstKystLSstLSstLi0tLS0uLSsrNysrNzcrKys3Li4rLSsyKysrK//AABEIAPcAzAMBIgACEQEDEQH/xAAbAAEAAgMBAQAAAAAAAAAAAAAAAwQCBQYBB//EAEAQAAIBAgMFBQYDBgMJAAAAAAABAgMRITFBBBJRYXEFgZGh8AYTIrHB0TJC4RQjM1NichYXwgcVQ1KCkrLS8f/EABgBAQEBAQEAAAAAAAAAAAAAAAABAgME/8QAHBEBAQADAAMBAAAAAAAAAAAAAAECERIDMUEE/9oADAMBAAIRAxEAPwD7iAAAAAAAAAAAAAAq1dvhF4vDK60fPz8DOntcHezyV30AnBh7xWvdW46FSp2krXjFyXHJcddMALwPIO6TyPQAAAAAAAAAAAAAAAAAAAAAAAABqtt7RveEM8U39upa7Sm1DC+PD68DR1KbePAsg9qRtg8b52eCX3Im/jSWTw6mKk743PZrBPg7mlT108ru12/AOot6MVlfF6HtZ3XVEW74+swNpDtWzs/iXHI2GzbQpq66HPQp3tFZvxfU6HZqKhFRWnm9WZqJQAQAAAAAAAAAAAAAAAAAAAAAHjVzX7RsbWMMVrH7GxAHP1UnpZrNFardYM3+17GpYrCXHj1NFt1GUb7yeHrDkalHkZ/B5GN+Hca2t2hBLGSSWbbwtxd9Do+yuz8py4XS43+haksqz2VstlvSWL+XE2ABhQAAAAAAAAAAAAAAAAAAAAAAAAAACn2vRjOjOEp7m9Fx3lmrrRcSetVtli+H3Kygm7zz0Tf0LEs3NV8O27sTbp3hOnFrLGbs3o2k22uTaPuHYbXuKUVNz3YRi5Sd5Nxik3J8SlttKLd7aNWWSsT7FGMW2lZvz7uRvPK5e3Dwfmx8O+fragjpVk/WfQkOb0AAAAAAAAAAAAAAAAAAAAAAAABXr7RZ7sfxa8Iri+fIw2rabXjHNZvSK58+RUoJfjxs291PNt6viXQsRVl/U9G7tvi/WhSnK05O9+L58EZ7VW3f73l/TH7lW2nq5qCRyWGOOvNklSV8Vn8mv0+RX2aF2nzbMqlRKSWl/wBQJ5V8MVl+K2DXNGwoV8rtNaS49eHXI19NK/OLt3fXAinQknem7J6fSxNDfAobLtDUfj8tFx6F5MyPQAAAAAAAAAAAAAAAAAANd2j2koPcjjL5fqTdobXuK0fxPLlzfI0lKg3vPHPGTzfHd+5qQSRqL8zwvfdWv9zJ7yl8TuopWS4/ZMi2DYd58kbKvHTRfPQtGrVOV3KWL+v6fYbti5Vjf14mFWmUU4SsrEaTz1T/AFL9DZ7prnyzKtGDxQEsq2UtVhL6P1xLakmsLdOK+jKMFoZwilndLPDiSwSKs4TcZO18m1g76r6nuz7d7ue5L8P/AI9OWpPtFNOF87Y46rDB+tEauvs7u3FJp6LC3REHTJ3xR6aLsftCz93N4PJ8HwN6ZAAAAAAAAAAAAAAMK1RRi5PJGZW7R/hT/tYGhq13KTk9SWdS0bZ3fkQSp+RYilZX7joNrsMFGC0viZRs3hkvNlSlUurLPL9SzQko4efFmdDDaqdnda5kcnhkXZtWxsVbK/CKzuJRLscfh6kKSU2rXV8muOOBPDaY6eX2Pd9Xv67gNbtezWe9pf6GULL8WD0ejJqtdXcdLO/eVaDTW5J5YxfzRRcqL4XfgzUR2lxlrbH9C7OolF3f6mvnjiBHUmnJtdXyOq2WTcIt5uKb62OTccLesjr6awXRGaMgAQAAAAAAAAAAAINtX7uf9r+ROeNAcxKqsUk7asnnRawvkV9tp7s5LmZ7NUbdmbGw2NYP1xPa8tF3inUilmYyas5aARxk1kyOtUcs3/8AR7xmdNXxKIEiaFaXHAycTGsrK3ECFu+JYhBJYkG7wPZLwFGG0zu8sEV4q+GRaasr/MrxyfrqQQt2ds3bP1mdZs8rwi+KT8jia9dKStp6sdd2TUvSjyw8GSi4ADIAAAAAAAAAAARbXV3ISlwTZKUu2n+5nzSXi0gObxk765/f5lqjRaavoaylUaZcp174PM2Nh7vmYVL2SPIb0iT3qWDQEN9DKN1iS7qeXrqRbRK2C7+oEi2trCyZg628+BApNHkpX0Kix0v1f0RhOrbIxlN2tpYhcrAJScniQ1K6jdWu9ORL71cCvXrXeSIqB5ZKx0/s4/3bXB/6Ucm3j0xOt9n6dqbf/M7+CS+hKNoADIAAAAAAAAAAAa3t+X7r/qX1Nkaz2g/hd/8ApYg51QTxxLFNxWhRhUkmk8OpdhUb/Ku5HQT+84SJFPAjhD+m1tcQqlna4R65PTDoRqavb0ixKbtgyKlRbzQHu6ezp2zaFScoYJXIal5YvP1kBk6yXM9i280kjynR1+ZhOqsr4gYVlG+ZG4J5Ge6YbtsQqCy8OPE6nsGspUklmrp+N/qchVd+7F3wV2zfezkvjaWsW/OP3M0dEADIAAAAAAAAAAAa7t6N6Tdr2a8Mn8zYmq7dr2Sgs27vovu/kWDm4PTNc80T03qs/WZ5+y2WHX7Hqave1uK+xtFmcpNWbS7yD3K1kTxs/wASuuOt+uvRmFbY7K6d48V9QFKpBZO/XIsftK0TT8SpCCMr21AyUXe8pdxnGs8sUitCF2W4Q1AzlOPL6kHuk23YiqfixZJ+1JLAAnjZrDiYzpKWuBipJ3bd35LpxMam02wS8QqvtNCKzb7su82ns+17xWwsmu7A1rlJr1bE2Xs892pZ6xf37svMzR0oAMgAAAAAAAAAABy3alRuc3wlbwat5rzOnqzsm+Cb8DlKzvd8c/G7NYjCEmuJnvp4NY8RShF62+XgZyVn+FGxFG6fIs0p2xw+j6kb2lRt8JL76nJYfYiI0oybs918M13MxdB5ksdniPdtaXXyAgpTs8u+xNV2iNrJ38kYylw+XyX3sQUUk72s+MsX3LKIEsNmX4nm9f8A1WbINso3zbvnxdueNuJa/aEru1+beLKzxd3hd6Zv1cgxhFWxjh5s9k+EV8w4yvdeHIlp5Y2KqGMnrfDG33LfZFWKqxu820n/AFWeBrtp5t2Wn2Kk95tNXVsVpbhbwJR9EBDsk3KEXLNxTfVrEmMAAAAAAAAAAAINv/hz/tfyOWlVSs27c/ubTtzbXd01kknKzxx5cMvE0CrWTVrpm8fQvRgmrryy7jCpX3U9epXoStliuDzTL1SipLFfXHrmsuZpHlGF0m7MwUoqUsLYF7ZlGMbY9+ditUcXLDLwA8htNsn4lunV4pGuhs6TvYu0LZEEtTI1e1qSeCz4mzlhoQzhd3egFaNCVuDJqVLimWaaEkBHVg+4pbQrRz1/XDiWq+0Wdld8liV6j38bK65XfhoBVs3jZq3H1nkY7yi954mc275kVeaurY28LhXb7K/gjr8K+RKaX2X2hum4P8rw6O/1v4m6OYAAAAAAAAAHknZXYHI9q/x5Nu0k8OFtF4EcZq9pKzePpkVaW/OUljdt+Z7C6weK558TpBOqaT3vG/1J41J52T5pkEqqis/HI8pTT/C/AqLjlfS3RmFGlcRla19fkeSdngQTbnMw3N1mMa7ysQ7TtD3ly/QC6nfN+BlU3UilDbcMERus3mBci0/zNeB4mo6tvqmVYVBUV0BZUFmRSpp64cEVqcnlclVW2CTb+QGc6cbWx8ShX2fVM2NOWrV3zy8NevkRV82+TstN66+lwINh2mVOW9F5YWeT5HX7Htcakd6L6rVPgzh7/Fl6zNh2HWcKySyl8LXX9TNiuvABkAAAAAHkmaDtXtKe7KDju3w1vbG9uvE6AjrUIzVpJNcywcPQb1M/27dwaduikvudPPsOi8k10lL7lOr7L0nrJd5rqI0tPaU1d8dMEl0MJ1orL5mzn7G03lUmvAx/wXD+ZPxHQ1X7ZfNnr262TNovYuCyqz8vseP2Kg/+LPyJ0NTtHaVlz6lKHalm743zudFP2HpvOpPuZF/l/R/mVH1kOhp/98x0i11MqXaUb3bSRtf8v6OlSp/3Mjf+z2npWqLw+qHQghtVNY768Tx9oR43LP8AgGH82RPS9haX5pyfex0NXT2zjg+OhJU2t6Oz+SNvD2J2dayfVslXsjR4y8R0Ofp9otYt300RI9rTd7m+Xsls+u8+8lh7L7Ovy+bHQ5WptFngyXs6U3NSim2mngr4p3Oto9h0I5QXgX6VGMckOlZwldJ5dT0AyAAAAAAAAAAAAAAAAAAAAAAAAAAAAAAAAAAAAAD/2Q==', 'activo');

-- --------------------------------------------------------

--
-- Estructura de tabla para la tabla `promociones`
--

CREATE TABLE `promociones` (
  `id` int(11) NOT NULL,
  `nombre_promocion` varchar(200) NOT NULL,
  `descripcion` varchar(255) DEFAULT NULL,
  `descuento_porcentaje` decimal(5,2) DEFAULT NULL,
  `descuento_fijo` decimal(10,2) DEFAULT NULL,
  `fecha_inicio` date NOT NULL,
  `fecha_fin` date NOT NULL
) ENGINE=InnoDB DEFAULT CHARSET=utf8mb4 COLLATE=utf8mb4_general_ci;

-- --------------------------------------------------------

--
-- Estructura de tabla para la tabla `promocionesclientes`
--

CREATE TABLE `promocionesclientes` (
  `id` int(11) NOT NULL,
  `id_cliente` int(11) DEFAULT NULL,
  `id_promocion` int(11) DEFAULT NULL,
  `fecha_aplicacion` datetime DEFAULT current_timestamp()
) ENGINE=InnoDB DEFAULT CHARSET=utf8mb4 COLLATE=utf8mb4_general_ci;

-- --------------------------------------------------------

--
-- Estructura de tabla para la tabla `reservas`
--

CREATE TABLE `reservas` (
  `id` int(11) NOT NULL,
  `id_cliente` int(11) DEFAULT NULL,
  `fecha_reserva` datetime NOT NULL,
  `num_personas` int(11) DEFAULT NULL,
  `estado` enum('Pendiente','Confirmada','Cancelada','Expirada') NOT NULL,
  `id_usuario` int(11) DEFAULT NULL,
  `fecha_creacion` datetime NOT NULL DEFAULT current_timestamp()
) ENGINE=InnoDB DEFAULT CHARSET=utf8mb4 COLLATE=utf8mb4_general_ci;

-- --------------------------------------------------------

--
-- Estructura de tabla para la tabla `usuarios`
--

CREATE TABLE `usuarios` (
  `id` int(11) NOT NULL,
  `id_empleado` int(11) DEFAULT NULL,
  `nombre_usuario` varchar(100) NOT NULL,
  `contrasena` varchar(255) NOT NULL,
  `rol` enum('Administrador','Cajero','Mozo') NOT NULL
) ENGINE=InnoDB DEFAULT CHARSET=utf8mb4 COLLATE=utf8mb4_general_ci;

--
-- Volcado de datos para la tabla `usuarios`
--

INSERT INTO `usuarios` (`id`, `id_empleado`, `nombre_usuario`, `contrasena`, `rol`) VALUES
(1, 1, 'Pietro Urbina', '$2a$10$rSkIa5pejK3oOPLks95.ne6/ws6Qy/yum4K9BgPZWfxnFhoFDteWa', 'Administrador');

-- --------------------------------------------------------

--
-- Estructura de tabla para la tabla `ventas`
--

CREATE TABLE `ventas` (
  `id` int(11) NOT NULL,
  `id_usuario` int(11) DEFAULT NULL,
  `id_cliente` int(11) DEFAULT NULL,
  `total` decimal(10,2) NOT NULL,
  `metodo_pago` enum('Efectivo','Tarjeta','Yape','Plin') NOT NULL,
  `imagen_evidencia` longblob DEFAULT NULL,
  `numero_operacion` varchar(255) DEFAULT NULL,
  `tipo_comprobante` enum('Boleta','Factura') NOT NULL,
  `fecha_emision` datetime NOT NULL DEFAULT current_timestamp(),
  `estado` enum('Emitido','Cancelado') NOT NULL
) ENGINE=InnoDB DEFAULT CHARSET=utf8mb4 COLLATE=utf8mb4_general_ci;

--
-- Índices para tablas volcadas
--

--
-- Indices de la tabla `boxs`
--
ALTER TABLE `boxs`
  ADD PRIMARY KEY (`id`);

--
-- Indices de la tabla `categorias`
--
ALTER TABLE `categorias`
  ADD PRIMARY KEY (`id`);

--
-- Indices de la tabla `clientes`
--
ALTER TABLE `clientes`
  ADD PRIMARY KEY (`id`),
  ADD KEY `id_empresa` (`id_empresa`);

--
-- Indices de la tabla `detalleboxs`
--
ALTER TABLE `detalleboxs`
  ADD PRIMARY KEY (`id`),
  ADD KEY `id_box` (`id_box`),
  ADD KEY `id_producto` (`id_producto`);

--
-- Indices de la tabla `detallereservas`
--
ALTER TABLE `detallereservas`
  ADD PRIMARY KEY (`id`),
  ADD KEY `id_reserva` (`id_reserva`),
  ADD KEY `id_box` (`id_box`);

--
-- Indices de la tabla `detalleventas`
--
ALTER TABLE `detalleventas`
  ADD PRIMARY KEY (`id`),
  ADD KEY `id_venta` (`id_venta`),
  ADD KEY `id_producto` (`id_producto`);

--
-- Indices de la tabla `empleados`
--
ALTER TABLE `empleados`
  ADD PRIMARY KEY (`id`);

--
-- Indices de la tabla `empresas`
--
ALTER TABLE `empresas`
  ADD PRIMARY KEY (`id`);

--
-- Indices de la tabla `inventarios`
--
ALTER TABLE `inventarios`
  ADD PRIMARY KEY (`id`),
  ADD KEY `id_producto` (`id_producto`);

--
-- Indices de la tabla `kardexs`
--
ALTER TABLE `kardexs`
  ADD PRIMARY KEY (`id`),
  ADD KEY `id_inventario` (`id_inventario`);

--
-- Indices de la tabla `productos`
--
ALTER TABLE `productos`
  ADD PRIMARY KEY (`id`),
  ADD KEY `id_categoria` (`id_categoria`);

--
-- Indices de la tabla `promociones`
--
ALTER TABLE `promociones`
  ADD PRIMARY KEY (`id`);

--
-- Indices de la tabla `promocionesclientes`
--
ALTER TABLE `promocionesclientes`
  ADD PRIMARY KEY (`id`),
  ADD KEY `id_cliente` (`id_cliente`),
  ADD KEY `id_promocion` (`id_promocion`);

--
-- Indices de la tabla `reservas`
--
ALTER TABLE `reservas`
  ADD PRIMARY KEY (`id`),
  ADD KEY `id_cliente` (`id_cliente`),
  ADD KEY `id_usuario` (`id_usuario`);

--
-- Indices de la tabla `usuarios`
--
ALTER TABLE `usuarios`
  ADD PRIMARY KEY (`id`),
  ADD KEY `id_empleado` (`id_empleado`);

--
-- Indices de la tabla `ventas`
--
ALTER TABLE `ventas`
  ADD PRIMARY KEY (`id`),
  ADD KEY `id_usuario` (`id_usuario`),
  ADD KEY `id_cliente` (`id_cliente`);

--
-- AUTO_INCREMENT de las tablas volcadas
--

--
-- AUTO_INCREMENT de la tabla `boxs`
--
ALTER TABLE `boxs`
  MODIFY `id` int(11) NOT NULL AUTO_INCREMENT;

--
-- AUTO_INCREMENT de la tabla `categorias`
--
ALTER TABLE `categorias`
  MODIFY `id` int(11) NOT NULL AUTO_INCREMENT, AUTO_INCREMENT=8;

--
-- AUTO_INCREMENT de la tabla `clientes`
--
ALTER TABLE `clientes`
  MODIFY `id` int(11) NOT NULL AUTO_INCREMENT, AUTO_INCREMENT=2;

--
-- AUTO_INCREMENT de la tabla `detalleboxs`
--
ALTER TABLE `detalleboxs`
  MODIFY `id` int(11) NOT NULL AUTO_INCREMENT;

--
-- AUTO_INCREMENT de la tabla `detallereservas`
--
ALTER TABLE `detallereservas`
  MODIFY `id` int(11) NOT NULL AUTO_INCREMENT;

--
-- AUTO_INCREMENT de la tabla `detalleventas`
--
ALTER TABLE `detalleventas`
  MODIFY `id` int(11) NOT NULL AUTO_INCREMENT;

--
-- AUTO_INCREMENT de la tabla `empleados`
--
ALTER TABLE `empleados`
  MODIFY `id` int(11) NOT NULL AUTO_INCREMENT, AUTO_INCREMENT=2;

--
-- AUTO_INCREMENT de la tabla `empresas`
--
ALTER TABLE `empresas`
  MODIFY `id` int(11) NOT NULL AUTO_INCREMENT;

--
-- AUTO_INCREMENT de la tabla `inventarios`
--
ALTER TABLE `inventarios`
  MODIFY `id` int(11) NOT NULL AUTO_INCREMENT, AUTO_INCREMENT=7;

--
-- AUTO_INCREMENT de la tabla `kardexs`
--
ALTER TABLE `kardexs`
  MODIFY `id` int(11) NOT NULL AUTO_INCREMENT, AUTO_INCREMENT=7;

--
-- AUTO_INCREMENT de la tabla `productos`
--
ALTER TABLE `productos`
  MODIFY `id` int(11) NOT NULL AUTO_INCREMENT, AUTO_INCREMENT=13;

--
-- AUTO_INCREMENT de la tabla `promociones`
--
ALTER TABLE `promociones`
  MODIFY `id` int(11) NOT NULL AUTO_INCREMENT;

--
-- AUTO_INCREMENT de la tabla `promocionesclientes`
--
ALTER TABLE `promocionesclientes`
  MODIFY `id` int(11) NOT NULL AUTO_INCREMENT;

--
-- AUTO_INCREMENT de la tabla `reservas`
--
ALTER TABLE `reservas`
  MODIFY `id` int(11) NOT NULL AUTO_INCREMENT;

--
-- AUTO_INCREMENT de la tabla `usuarios`
--
ALTER TABLE `usuarios`
  MODIFY `id` int(11) NOT NULL AUTO_INCREMENT, AUTO_INCREMENT=2;

--
-- AUTO_INCREMENT de la tabla `ventas`
--
ALTER TABLE `ventas`
  MODIFY `id` int(11) NOT NULL AUTO_INCREMENT;

--
-- Restricciones para tablas volcadas
--

--
-- Filtros para la tabla `clientes`
--
ALTER TABLE `clientes`
  ADD CONSTRAINT `clientes_ibfk_1` FOREIGN KEY (`id_empresa`) REFERENCES `empresas` (`id`);

--
-- Filtros para la tabla `detalleboxs`
--
ALTER TABLE `detalleboxs`
  ADD CONSTRAINT `detalleboxs_ibfk_1` FOREIGN KEY (`id_box`) REFERENCES `boxs` (`id`),
  ADD CONSTRAINT `detalleboxs_ibfk_2` FOREIGN KEY (`id_producto`) REFERENCES `productos` (`id`);

--
-- Filtros para la tabla `detallereservas`
--
ALTER TABLE `detallereservas`
  ADD CONSTRAINT `detallereservas_ibfk_1` FOREIGN KEY (`id_reserva`) REFERENCES `reservas` (`id`),
  ADD CONSTRAINT `detallereservas_ibfk_2` FOREIGN KEY (`id_box`) REFERENCES `boxs` (`id`);

--
-- Filtros para la tabla `detalleventas`
--
ALTER TABLE `detalleventas`
  ADD CONSTRAINT `detalleventas_ibfk_1` FOREIGN KEY (`id_venta`) REFERENCES `ventas` (`id`),
  ADD CONSTRAINT `detalleventas_ibfk_2` FOREIGN KEY (`id_producto`) REFERENCES `productos` (`id`);

--
-- Filtros para la tabla `inventarios`
--
ALTER TABLE `inventarios`
  ADD CONSTRAINT `inventarios_ibfk_1` FOREIGN KEY (`id_producto`) REFERENCES `productos` (`id`);

--
-- Filtros para la tabla `kardexs`
--
ALTER TABLE `kardexs`
  ADD CONSTRAINT `kardexs_ibfk_1` FOREIGN KEY (`id_inventario`) REFERENCES `inventarios` (`id`) ON DELETE SET NULL ON UPDATE CASCADE;

--
-- Filtros para la tabla `productos`
--
ALTER TABLE `productos`
  ADD CONSTRAINT `productos_ibfk_1` FOREIGN KEY (`id_categoria`) REFERENCES `categorias` (`id`);

--
-- Filtros para la tabla `promocionesclientes`
--
ALTER TABLE `promocionesclientes`
  ADD CONSTRAINT `promocionesclientes_ibfk_1` FOREIGN KEY (`id_cliente`) REFERENCES `clientes` (`id`),
  ADD CONSTRAINT `promocionesclientes_ibfk_2` FOREIGN KEY (`id_promocion`) REFERENCES `promociones` (`id`);

--
-- Filtros para la tabla `reservas`
--
ALTER TABLE `reservas`
  ADD CONSTRAINT `reservas_ibfk_1` FOREIGN KEY (`id_cliente`) REFERENCES `clientes` (`id`),
  ADD CONSTRAINT `reservas_ibfk_2` FOREIGN KEY (`id_usuario`) REFERENCES `usuarios` (`id`);

--
-- Filtros para la tabla `usuarios`
--
ALTER TABLE `usuarios`
  ADD CONSTRAINT `usuarios_ibfk_1` FOREIGN KEY (`id_empleado`) REFERENCES `empleados` (`id`);

--
-- Filtros para la tabla `ventas`
--
ALTER TABLE `ventas`
  ADD CONSTRAINT `ventas_ibfk_1` FOREIGN KEY (`id_usuario`) REFERENCES `usuarios` (`id`),
  ADD CONSTRAINT `ventas_ibfk_2` FOREIGN KEY (`id_cliente`) REFERENCES `clientes` (`id`);
COMMIT;

/*!40101 SET CHARACTER_SET_CLIENT=@OLD_CHARACTER_SET_CLIENT */;
/*!40101 SET CHARACTER_SET_RESULTS=@OLD_CHARACTER_SET_RESULTS */;
/*!40101 SET COLLATION_CONNECTION=@OLD_COLLATION_CONNECTION */;
